0.0 0.0
-0.6097092485747401 0.7926251523907287
-1.2049157647972473 -0.010947621567091725
-1.139224495674371 -1.0087876173384709
-2.1264451202460357 -1.1681470802527643
-1.4495911472196354 -1.904264393728257
-2.1297087355417506 -1.1711613545482864
-1.818288170167016 -0.2208891664560111
-2.191853052478916 0.706714886307503
-3.1345086204913666 1.0404819908806233
-2.3550067395889216 1.6668818772707397
-1.5915863684108942 1.0209799211888564
-2.1708849769970424 1.8360953253434786
-2.00510528740599 0.8499325119505307
-2.9312275327804094 1.2271560353721807
-1.9486306660749704 1.041405133515276
-1.3459632177167529 0.24341268575064012
-2.3210759705609942 0.021703147749846774
-2.863038068500544 0.8621060775382681
-2.0460803256400917 0.2854085429671941
-1.1116599048326123 0.6415805199361484
-0.14604213363183016 0.9015465175997546
-1.10032449519001 1.200453149207257
-1.608701056324223 0.339318274701903
-0.6638072733328485 0.011941215541904304
0.03943639256112752 -0.6990076900624308
0.23121550506511668 -1.6804458042638215
0.08304598611871175 -0.6914838264025941
0.16702659058426617 0.30498356296526685
0.4277113637639693 -0.6604404107541797
-0.0963903773547729 0.19121525027103936
0.01741412212241855 -0.8022879132361262
-0.2852769769877732 -1.7553766281622154
0.6165147934549168 -1.3232058253980319
1.4070091105389952 -1.9356751998632182
2.097611410447855 -1.2124404776874966
1.4503345295943944 -0.4501855075412765
1.5817255945458375 0.5411451073652367
0.6196502145493771 0.8139288370938743
1.5834269547787538 1.0806391574656897
1.471801337170414 0.08688882589666003
2.3075866076336524 0.6359452726092827
1.9339657279532343 -0.2916362269188345
2.65386263874141 0.4024447754415824
3.652901202340492 0.4462848078535674
4.627538534847956 0.6700750446440376
3.6775099959443933 0.982238103427044
2.9256035771081583 1.6415079550908889
3.8150995994879784 1.18456504162086
2.948632630004329 0.6853306369632672
3.8752438622194934 0.30930986049912634
3.010813518635541 0.8120624647602377
2.113543775501566 0.3705797266420966
3.0798399278072304 0.1131467333423481
2.356645477719122 -0.5774977391337288
1.5535561138946654 -1.1733563412467047
1.3678974925499476 -2.1559706482463428
0.7358638851268413 -2.9309116260554497
0.831298244748684 -3.926347351255007
1.6281217094182239 -3.3221351648899597
1.8042556023401715 -2.337768946572732
1.8332524633011393 -3.337348449190913
1.0315987567833633 -3.9351371533551114
0.3313450759661678 -4.649031250894774
1.0415079637565512 -3.944993842225872
1.4982660258007088 -4.83458480033958
2.0861372103224376 -4.025630246357084
2.9303802980295695 -3.4896697917909583
3.225009603796757 -4.445281413833692
3.7323066151827184 -5.307052695693834
2.862362936577651 -5.800203784159715
1.977288242956448 -6.265652800391711
0.9796325312392108 -6.197219761017642
0.8514563986579711 -5.20546834103554
1.7058685835578689 -5.725064163088203
2.5828230853536835 -5.244490753732198
3.3229869000801817 -5.9169173500009045
2.6801182419704563 -6.682893778110936
3.3723778884031566 -5.961245261226939
3.173011943862679 -4.981320151763219
3.7102605900343915 -5.824744061897774
4.533786549893457 -6.392022647284358
3.738490558141317 -5.785801330022271
3.8726330616909252 -6.77676338214205
2.875342126433525 -6.8503214575207565
3.6756945328214075 -7.449851294634078
2.7202266127552437 -7.154756303615188
1.7365488876817838 -6.974817054994153
1.7533912774629519 -5.974958898100657
2.751977406570774 -6.028116613941878
3.5435164669359303 -5.416998036318643
2.6483042526879492 -4.9713579444718405
2.0435415227333267 -5.767763645391813
2.5937365461967428 -4.932727456860986
3.528861899275795 -4.578410403886144
3.148051498528801 -3.6537572588188088
4.113908787422147 -3.3946825640074563
4.9848402874539985 -2.9032781254313793
5.401883602096927 -3.812164737562749
4.403639938135616 -3.8714065079709497
3.836937438768977 -4.6953290026338905
3.7838575625239956 -5.693919272333039
4.73646050238113 -5.9981357067601495
4.196897252935924 -5.156190637383215
3.6202401331456655 -4.339204366877276
2.6662036847150814 -4.039513767982419
2.864086778748914 -5.019739395629237
1.9527172648977236 -4.608150268923192
0.955057516117087 -4.539776109601435
1.3473420024921852 -5.459620053838405
0.39065791498834057 -5.168491977698476
-0.014345652028084022 -6.082807082410179
0.006725973617018717 -5.083029113762803
-0.2040458874375709 -6.06056439322211
0.081809026323656 -5.1022914841411104
-0.9158459909468488 -5.033848321480486
-0.16288190985898898 -4.375786703855271
0.4680380793287374 -3.599938801722798
1.314136330634656 -3.0669118332333354
2.1105649400014013 -2.46217927235857
2.111171724517999 -3.4621790882648282
1.1953365918336236 -3.0606245966438377
1.2107319463740234 -4.060506081150164
0.3014232870541439 -4.476628373374317
0.9113180300631657 -5.269110803747356
1.6231945351862103 -4.566806139478493
0.8197278944648309 -5.16215591670857
0.42782177179155567 -6.08216112919989
1.2896616526565783 -6.589341589934098
0.3386373272676686 -6.280225539689907
0.935283386610986 -5.4777210351105925
0.6557880919381822 -6.4378680968963184
0.42835206204196696 -7.411661120236006
0.13740584555890722 -6.4549217099919245
-0.7649599856138078 -6.02395082149483
-0.6846729862931535 -7.020722609689141
-0.5368668990554948 -8.009738969804328
-1.4968644888391514 -7.729730706337747
-2.139993677529346 -6.963973011858161
-2.250892422010356 -7.957804722195749
-1.2649466777130374 -8.12487054545714
-0.26528615962310054 -8.098815822811158
-0.7033072008149033 -8.997780542626819
-1.4171883915376373 -8.297513703820146
-0.6195360760802606 -8.900631257573545
0.2899250913217529 -9.316420128261262
0.965704829557462 -10.053523747428931
1.9458789679552284 -9.855385769201142
2.6851437776272427 -9.181970933323136
3.682032004690456 -9.103142875229821
3.11646186919111 -9.927843076412803
3.9025169511232285 -10.545999535708255
3.0025777600480854 -10.109984108954777
3.8606617270479946 -9.59647470730988
4.150086095669502 -8.639273821994765
3.2977697267678527 -9.162300405738181
3.905877288518979 -9.95615504818924
3.166848909667969 -10.629829342824895
3.2765593772698973 -9.635865755313478
2.5596283071657644 -8.938721695079625
3.3311337384673294 -8.302498959339864
2.6342218972602076 -9.019655766171745
2.450154408507484 -8.036742158785895
2.8401261114316796 -8.95756899968401
2.089886949388021 -8.296402455055482
1.6235807500112205 -7.411779072805858
1.8955472525206774 -6.449472353764173
0.908264758741929 -6.2904966402793265
-0.034887958835287614 -5.958136968648259
-0.06912046738514493 -4.958723072728064
-0.975775253863365 -4.5368497526945095
-1.6267068124217576 -5.295986173947464
-2.3755062738353696 -4.633189548588912
-2.080784273075947 -5.588772586460745
-1.0974363128115194 -5.40703984575674
-1.9622842379997703 -5.909073775185397
-1.3241905334055946 -5.1391150593068895
-0.600729292675358 -4.448750059353193
-1.268338585950871 -5.193261866870152
-2.2277223419540633 -5.475366118375172
-1.821885314820166 -6.389311580318673
-1.942590201880668 -5.396623144685563
-1.4264269403090035 -4.540132930261778
-0.5829982605891529 -4.0028917719110515
-1.320998536526464 -4.677692181451867
-2.3186434151467554 -4.746282969191217
-1.7288220793142324 -3.9387491978870455
-2.5468914301882126 -4.5138687829827235
-3.5205778106934926 -4.285976632133846
-4.194183647751057 -5.025067408887269
-4.64013528678449 -4.130010351687341
-4.7089093156260065 -5.127642615077467
-4.490909488695491 -4.1516938072713065
-3.599621442465814 -4.605131364877739
-2.7116969846514323 -4.145142063681465
-1.7632304814095456 -4.462019472513506
-0.8178140742630519 -4.1361547504305305
-1.768664351885907 -4.445805762934187
-1.910280636893426 -3.4558841358239043
-2.6746353991379546 -4.100680070545976
-2.634027310291358 -5.09985522191846
-3.212212431740229 -5.9157608324734765
-2.7228806198367344 -6.787858520728205
-1.7428744557689368 -6.986825649644318
-0.8534623275205352 -6.529719462719826
-1.3629708253504946 -5.669253838398285
-2.0209196400038305 -6.4223164900390834
-1.3487335913877743 -5.6819342130726955
-1.3518470308443595 -6.681929366308325
-1.9345727765754674 -7.494598244303615
-1.6868374869729488 -8.46342600313671
-2.6736228552998784 -8.62545882961297
-3.4631193405998406 -8.011703748412817
-3.9015026480841626 -8.910491863442775
-4.482043777945796 -8.09626094009303
-5.398053012911811 -8.497418118088108
-4.4614361548003725 -8.84777345357118
-4.094347948100172 -7.917587317090083
-3.8141257758551146 -6.957652145225722
-4.650898822640589 -6.410102267887269
-5.6505899222419895 -6.434955947247553
-6.521436033959743 -5.9434002029966395
-6.637561309178255 -6.936634777734866
-7.388686126709687 -6.276474563477468
-8.099480817554392 -6.979874099635248
-9.066714072044729 -7.233763507464784
-8.706947939976562 -6.300720994919557
-7.719250050924682 -6.457095161463968
-7.428510305317212 -5.500292987384026
-7.897138676855127 -4.616897577960974
-8.586503372609247 -5.341312042371942
-8.63323607255941 -6.340219472895596
-8.393743312630015 -7.311117623033601
-7.698860691853689 -6.591994446280811
-8.394159723505902 -5.8732738770861515
-9.02395681616042 -6.650033570996641
-9.247733899032616 -5.675393218260715
-9.744238083033258 -4.807358889867041
-8.757044694396694 -4.64783079380789
-9.094971988810874 -5.589003011677666
-9.428293474077522 -4.646189781255205
-8.840618252613021 -3.83709285623531
-9.838889141147222 -3.895874087126963
-10.834891746675208 -3.9851982707586227
-9.886038738377968 -3.6694800916094343
-9.132666966888678 -4.32707493185918
-8.500584802768941 -5.101976304810416
-8.003533080387673 -5.969697219205024
-8.607368399066722 -5.172588125093201
-9.150574137032645 -6.012187747675832
-8.167576389844838 -5.8285701313540415
-7.98234970665662 -6.811265951959324
-8.760709213280869 -7.439084778092832
-8.344511278284884 -8.348358817590869
-7.484253923124595 -8.858218879659498
-8.20885762023312 -9.547384666779447
-8.980283818266049 -10.183703471301566
-8.211393364178553 -9.54432293545994
-7.545343559356367 -8.798415664080764
-8.5306473727147 -8.627604670928893
-8.051333660086033 -9.505248314377715
-7.3780838745138 -10.244663438801702
-8.28265361640591 -9.818337762759025
-8.246177876371005 -10.817672301534158
-7.309066381808815 -11.166702453182147
-6.4086844033101 -11.601802778158742
-6.517666111624587 -10.607759022958371
-5.947241166522816 -11.429108754805677
-6.518180894513611 -10.608116777377274
-5.868323229504224 -11.368172706390757
-6.8510066945935435 -11.182880484643464
-7.834306156879357 -11.000885519140487
-6.996780100459963 -11.547282906413319
-6.944068644692156 -12.545892691279679
-6.474717506205742 -11.66288107821816
-7.204554734060649 -12.346502041060191
-6.951500147586281 -11.37905003901343
-6.289546947939714 -12.1285952087515
-7.106733129629202 -11.552221419916723
-6.725105499100587 -10.627905266418844
-6.986150101045754 -11.593232006851993
-7.647240256851195 -10.84292553220504
-6.850788165600287 -11.447627166353698
-6.201486630008074 -12.208158241246496
-5.47089276141489 -11.525345968968056
-5.99095807750237 -10.671219475407042
-5.243277743536222 -11.335278296747644
-4.685283246112951 -12.165122945368909
-5.532502504088551 -12.696366325483215
-6.526334774579198 -12.807260049973852
-5.744893535204734 -13.431238887279175
-6.199218170591905 -12.540402692639379
-5.388900753673127 -11.954411494891428
-4.9143191838575095 -11.07419996713725
-5.750511221119268 -10.525763209780461
-6.483728564045087 -11.20575756860471
-5.507800301626272 -10.987665783770455
-5.999395928405401 -11.858489382286042
-5.627641737679083 -10.930158179709386
-5.819060913846224 -9.94864980022631
-4.955838072774051 -9.443826735528107
-4.088599408702267 -9.941719394179536
-4.110993608088941 -10.941468612650763
-4.073135755204772 -11.940751747190218
-3.1159094610234823 -11.651411425548117
-2.1304452998295433 -11.481527974316615
-1.4299621203426334 -10.767859062806586
-2.1592130362016335 -11.452105437819862
-2.7254744106998805 -12.276331168885907
-3.080941307232093 -13.211020039831613
-2.118527957335381 -12.939431115277262
-2.0524173034828266 -11.941618817574339
-3.0013333508348876 -11.626090157897059
-3.524290441157732 -10.773731148042017
-3.5081972753590063 -11.773601644663742
-2.853951682896206 -11.01731948518687
-3.2703873175041247 -11.926484685922524
-4.186672144754273 -12.327011982559302
-3.56281418352924 -13.108549725868059
-4.526630173192427 -12.841981276741816
-3.7707280158101812 -13.496665879023606
-2.824465011030483 -13.173267787215233
-3.2355266954173745 -12.26166025563763
-4.0256762777788095 -12.874574309558772
-4.801193951441089 -13.505900166654335
-4.602606581835364 -14.48598335528328
-4.741588208540031 -15.476278315100062
-4.2316030482109115 -16.336461514333855
-5.171857931508134 -15.995990143385097
-4.244404778883653 -16.36992950970925
-3.3658433972696153 -16.84755896727697
-3.9057526714532456 -16.005835749318415
-2.905754093055095 -16.00752192892859
-3.339280248952938 -15.106380945423545
-4.321081039890643 -15.296294628222064
-4.095895816334536 -16.2706106011446
-4.228192898654874 -17.261820711065564
-5.213046544463845 -17.435208416329747
-5.969714856111709 -16.781409466997484
-6.75779865007751 -17.396977443494368
-7.666231067603766 -16.978945694954376
-6.681238822808224 -16.80634709214242
-5.887013623307369 -17.413970604259774
-5.031668303266229 -16.895912322322577
-6.00279627228238 -17.134471471789883
-5.005089672111483 -17.202158545706766
-5.4969742933220385 -16.33149815300675
-6.293861078130237 -15.727369481118009
-5.374047350028774 -15.33501415033214
-5.8702768705431305 -16.203205524955322
-5.496561705923308 -15.275662008060735
-6.233307020299934 -15.951832357709465
-5.723048777869239 -16.811853593512126
-6.012321790211982 -17.769100230659603
-6.012907748509133 -16.76910040233318
-7.012123625688052 -16.808693719869897
-6.3218782375119265 -16.085118358140665
-7.218724804244663 -15.642776594636807
-6.416700601868987 -16.240068130491505
-5.5015445797428395 -15.836968322545326
-6.15446669791768 -16.59439337335767
-6.833705790940243 -15.860476310938566
-5.892499611237409 -16.198309002206294
-6.773742655464167 -15.725645594481563
-5.881563003793611 -15.273964878549386
-5.255792592983956 -14.493957575407219
-5.933642872621697 -13.758757603702216
-6.863960350809871 -13.392002385910299
-7.449681012386081 -14.202515375690677
-6.979190940301974 -13.320110087815376
-5.979851945945545 -13.356463552006298
-6.0819817562700536 -14.351234632126282
-6.994630158347747 -14.759980144866217
-7.096321144496679 -13.765164109945157
-8.014875845085697 -13.369870216714034
-7.838881341245691 -14.3542613659114
-8.51377927634495 -15.092172456218869
-8.16719687429082 -14.154152926258863
-8.717533328301206 -13.319209941745983
-7.871066447951253 -13.851651319242714
-8.425631002880497 -13.019510613342486
-8.509122114413572 -14.016019135280443
-7.565597469080942 -14.347321480050196
-6.569753613448054 -14.438398454078879
-5.637254876048347 -14.799571687788069
-4.892694903627796 -15.467127264102961
-4.309816024191197 -16.279686315438145
-3.9883403670138726 -15.332768472200197
-3.1553696754058227 -15.886085584642968
-4.112413893288827 -16.176027587493035
-3.1604094536473175 -16.482111802869877
-3.69569880473017 -17.326780560796497
-4.695409513346732 -17.30272855303473
-4.7230891559025405 -16.303111707744502
-3.8568006824407917 -16.802655780622274
-3.0419698867017035 -17.382354645823167
-3.442387176730627 -16.466021740244692
-4.113010472383622 -15.724223657659197
-4.725490125843027 -16.514710010544714
-5.709044595684442 -16.334098258836875
-5.469756391338747 -15.363149673554929
-5.456781514007321 -14.363233850818718
-5.978058028365691 -15.216621685029159
-6.679632619391727 -15.929217708893066
-7.519184676596341 -15.385938459111243
-7.002181334808755 -14.529955080428882
-7.946225162952064 -14.859775107935592
-7.18317212826739 -14.213439230656208
-6.2686336469343855 -13.808940323165569
-6.897908974880247 -14.586122773841488
-7.896093386822002 -14.646354657063696
-8.44382716971933 -15.483007334746008
-7.852085387757661 -16.289134907454464
-7.806152920043233 -17.288079454669006
-7.563586728981351 -18.258214312796333
-8.441474495661236 -18.73708075462934
-7.680155195809379 -18.08870360846125
-8.51412859565506 -17.53689896155273
-9.388723107278551 -18.021754032927745
-8.44864460937543 -18.362712120938887
-9.350781093785333 -17.931261354922018
-8.952752517955394 -17.013888337647806
-8.123371624045765 -17.572571908927348
-7.847416488051825 -16.611401391839685
-8.361652442210394 -15.753752638881561
-9.326610470283688 -16.01615691486978
-10.124536367721024 -15.413401357285428
-10.362380927441842 -14.442098126872182
-11.011329455861695 -13.681265814557761
-11.734864163936729 -14.371553816924003
-10.938740496033388 -13.766419860345684
-11.148429980089904 -12.7886518304551
-11.086418005866689 -11.790576424960635
-10.55162203021146 -12.635557646304028
-10.602647213031815 -11.636860279371406
-9.932176324696192 -10.894924441246275
-9.294709489512691 -10.124446645303308
-9.316059107873969 -11.12421871622539
-8.37291132771346 -10.791845033786023
-7.745182968575335 -10.013412565852063
-6.75702681170054 -9.859960913432039
-6.536273804832074 -10.835290657651157
-7.4239508759035076 -11.295757179229048
-6.480275459498051 -11.626629826137172
-7.448122040319612 -11.878171067272723
-7.962344928217498 -12.735827654469462
-7.25355436423212 -13.441246633803935
-7.531358817747503 -12.48060898848338
-8.070486239557415 -13.32283320034896
-7.404915714437256 -12.576498237955214
-8.351812028232779 -12.898037303887257
-8.91739132357317 -13.722731223279334
-8.035180615506624 -14.193586048647752
-8.718373366021876 -13.463347960320798
-8.126831939334515 -12.657073354176784
-8.561888651819892 -13.55747640666018
-9.52409239869966 -13.829806995266267
-8.526276901956278 -13.895869348076017
-7.6699820881727 -13.379381989191652
-8.45197258922382 -12.756091642510572
-8.822700112778097 -11.827349965143117
-9.543545391148673 -11.134253951122803
-10.280376845125907 -10.458177469924268
-9.607151511011047 -9.718740082780545
-9.018565267405934 -8.91030564892779
-9.698493375344453 -8.177026869720901
-8.97290740229572 -7.488895344709206
-9.644115264801844 -8.230164530167471
-10.389252402166957 -7.563253256818966
-11.15691758281332 -8.20410438650759
-12.143797493137836 -8.04264837826425
-11.56598740698009 -7.226477131322544
-10.685199943827397 -7.699988952455916
-11.662469253070096 -7.911990596818164
-10.66329333728379 -7.871401320985806
-11.553821066720896 -8.326330285884273
-12.266893419997354 -7.625239835947338
-12.159075700950538 -6.631069156707831
-12.275124141352883 -5.637825601742492
-13.082813375424506 -5.048217171371286
-12.51197393368057 -5.869278881445183
-12.68593957219494 -4.884527158107627
-13.380040800148358 -5.604404568055709
-14.015846217886947 -6.3762539515329895
-13.292087442082764 -5.686200885134158
-12.620838771707211 -4.944968652619238
-13.486381509635494 -4.444133581143995
-12.886608646434144 -5.244303883371749
-12.620759456244079 -6.2083185140051675
-13.378764336065943 -5.55606963346474
-12.446096317636687 -5.195333764165268
-12.979397199999598 -6.041259392616695
-13.713661953638434 -5.362396172546776
-14.59346357125207 -5.83773722236725
-13.734526574310205 -6.3498185003734795
-14.590370074471332 -6.867053363111821
-14.12299776650454 -7.751113952520598
-13.142042909218164 -7.556878095979466
-12.334313676915178 -6.967324462046786
-11.353994529300849 -7.164743733701593
-11.79617642994843 -6.2678183372835345
-10.901687769136368 -6.714908972030724
-11.794576623317084 -7.165186102340321
-12.738732509566944 -7.494685210775748
-12.447712481718298 -8.451402171737021
-11.480386019511826 -8.7049362237204
-10.495516098990954 -8.53164098531723
-9.79453075527535 -7.8184653071733985
-10.55384798070228 -7.167744667290239
-11.43260095229162 -6.6904677928002805
-11.67157983883137 -7.661492556536109
-12.313095508809365 -6.894382626231017
-13.311019173020963 -6.958790392893876
-14.229826491136036 -6.564084030925658
-15.14477057656881 -6.967664655499715
-14.667131384638154 -7.846220744962324
-13.957747409908679 -8.551042975313361
-14.166355626780387 -7.573043684999914
-13.606048825335257 -6.744758535878955
-13.99252968173435 -7.667055964931548
-14.990186123633512 -7.735478358466876
-15.197333719773429 -6.757168656269533
-14.41193026190435 -6.138184481700187
-14.516422849873232 -7.132710147060094
-13.582301035427303 -7.4896645359898955
-12.690015740129517 -7.941136519390131
-11.84538526105823 -8.47648626845499
-12.511695110956293 -7.7308112830030025
-12.795888259255063 -8.68957833211349
-13.321771941194859 -7.839021836006709
-13.72376701649405 -6.923380006776961
-14.420590170539956 -7.640622986516404
-14.026585325572393 -8.559731349084217
-14.69102494206093 -7.812389395196596
-14.486006418758747 -6.833631301946281
-14.300003131033916 -7.816180423850908
-14.305928603863086 -6.816197979619135
-13.320305052778698 -6.985154232974262
-12.79538711606739 -6.1340013914007026
-13.54675480460507 -5.474117616314859
-12.706941539222024 -6.0169929973063585
-13.57858148930353 -6.507139707406416
-13.917598020874523 -7.447920123508693
-14.658046323604449 -6.775806806437552
-15.514294986108267 -6.259242940143727
-15.16309436932804 -5.322942706899503
-15.795077445862649 -6.097924894419867
-16.728398135823028 -6.456968749250832
-17.38340460088674 -5.701345476233955
-18.247891024002246 -6.204001645249077
-17.843517543299182 -7.118595592366643
-18.07667921730498 -6.146157607827365
-17.455576034629622 -6.929886410711718
-16.693297711612527 -6.282637031987994
-16.529462289798623 -5.296149346023764
-16.820740472099484 -4.3395109501209514
-16.51556989264891 -3.3872132459140163
-15.656719679205867 -2.874986430070838
-15.212961040732337 -3.7711327745816647
-14.561432092445399 -3.0125090011971785
-15.472037054900714 -2.5992311257286818
-16.300846610909243 -2.0397003224041947
-16.884323958591388 -1.2275709086148598
-17.716124373198234 -1.7826457416417951
-18.46960810285483 -1.125179188011284
-17.516462220016457 -1.4276902225674732
-16.92020862856015 -2.230486370213595
-16.819592479486047 -3.2254116892931215
-17.317724255123082 -2.3583103491369117
-16.410856089777166 -2.7797247896608837
-17.00684832437701 -3.5827149865479218
-17.426279282957395 -2.674927747716961
-18.150509624568215 -3.364485876006574
-19.1499246010565 -3.3302849290764267
-18.67767411142241 -2.4488205366927294
-18.96147330629735 -3.4077042715575643
-19.958346849423414 -3.486717808469194
-20.728390424664255 -2.8487265136772497
-21.318735605029875 -3.655877409123128
-22.276492899078978 -3.9434551650357577
-21.90540230013691 -3.014858499428554
-22.78392812763692 -3.4925533501600876
-22.040051587076285 -2.824236290372188
-22.533544809941834 -3.693985931927604
-21.656050248576904 -4.173572519286937
-20.815840974887415 -4.715834795686635
-21.429318570068485 -3.926122670788674
-22.41661274359877 -3.7672195087271354
-22.415730795151447 -2.7672198976437428
-22.907472132794837 -3.6379612236715655
-23.75608453497361 -3.108946109645159
-24.10241124821106 -2.170832146579825
-24.92975214316728 -1.6091320099116562
-24.243924026055367 -2.3368955661431596
-23.271196332587042 -2.568845634821293
-24.26745643969257 -2.655250489951552
-24.389195858380656 -3.6478125857105463
-25.20881749934486 -3.074907387913264
-25.731940615398322 -2.2226502638887604
-26.499373258295606 -1.5815206836823177
-25.50460887401576 -1.6837156922117729
-26.063048032452947 -2.5132611739811357
-26.921129167669935 -3.0267753075594874
-27.35037463558395 -3.9299631774267034
-27.43221366392868 -4.926608738014614
-28.172376960574283 -4.254181571476323
-28.893682259734902 -3.5615643139647797
-27.893750630939923 -3.5498708228086557
-27.873157672773836 -2.5500828802558515
-26.890526963982847 -2.7356546726730224
-27.495289804785116 -3.5320602894191415
-26.659895793822106 -2.9824087211987518
-25.923386272341876 -2.3059815449491836
-24.929638522460404 -2.417630143711148
-24.33883185336432 -1.610816980858937
-23.467834169034926 -2.1021041004670513
-24.33466877505774 -1.6035083064602456
-23.462178152960202 -2.09213916339813
-24.17422686967947 -2.794269226148934
-24.97412111321024 -3.3944102088907666
-25.37147012610966 -4.3120777750321535
-25.114459183901445 -5.278486268157729
-24.61132372229186 -6.142693828452655
-24.711596278801988 -7.137653834890564
-24.283614643635975 -8.041441265628912
-24.91698377822336 -7.267591448576516
-25.069025198858448 -8.255965571270583
-25.932191041868673 -8.760886087253493
-24.93648734864719 -8.668289352402331
-25.70019388077061 -8.022725774749423
-25.73865561076099 -7.023465700831653
-24.739044715622747 -7.051359397627126
-25.560203653328376 -6.480659827777837
-25.708604075212325 -7.469587183443897
-24.83596684255424 -7.957956162985841
-25.731941215634258 -8.402061919291548
-25.18839584864516 -9.241441710580741
-25.850536849943502 -8.492062437849215
-25.33073060984398 -9.346346625197663
-24.361525332474148 -9.59260082377805
-23.89346033301206 -8.708906783808017
-22.973428027632046 -8.317064268175612
-23.970072147529226 -8.235207696818282
-23.564603606561132 -9.149316695945414
-24.188259172723345 -8.367617434851425
-25.06635940912925 -8.846094158239188
-24.6668627264327 -7.929359518054553
-24.72630382432831 -8.927591332755409
-25.676101833467417 -8.614727557550628
-25.939156934192205 -9.579508368917994
-26.422087562616795 -8.70384975499963
-25.636899261237048 -8.084592674800797
-24.97681403378268 -7.333401958340245
-25.154864478843983 -6.349380597284768
-24.283282487536255 -6.839630362637139
-24.150288792965753 -7.830747246362004
-23.922489717601213 -6.8570390861501975
-23.468530136513454 -7.7480613635028055
-22.666118050639316 -8.34483170831152
-22.518504068717768 -7.355786657597821
-22.187178947214203 -8.299303304965871
-21.83526476896858 -9.235335575322887
-21.87673963215442 -10.234475122995642
-21.612502349200405 -11.198932824658645
-21.042713799183684 -10.377141483581214
-20.483762377487995 -9.547941080672262
-21.342823126598184 -10.059814726544213
-20.4081156918921 -10.415232806423628
-20.45120072352382 -11.414304215307544
-19.72333105361162 -10.728588717727165
-20.441631224179904 -11.424322046641036
-19.926341696776635 -10.567305884046354
-20.083530356852844 -11.554874476673442
-19.1140686400105 -11.800117171930808
-18.803957102058174 -10.849416990996332
-19.208556705832873 -9.934923054097153
-19.978447235332503 -9.296747081040522
-20.74463657894392 -9.93936196550579
-19.764338174993004 -9.741839715591288
-19.6944459341932 -10.739394262809626
-18.846601486459594 -10.209149232236689
-19.84564245140305 -10.165363956574119
-20.525835823949308 -9.432331231558276
-21.24271390138363 -10.129529784406795
-22.235361561561728 -10.25056954127598
-21.357256353518206 -10.729037140604127
-20.460756821003415 -11.172081820293165
-19.907720043480936 -12.005238661894765
-19.135779965940138 -12.640933963659934
-18.581137557804542 -13.473022780492338
-19.514405562866884 -13.832203557715946
-20.317675218602368 -13.236588027214435
-20.07141805773934 -12.267383502501678
-20.993985755911158 -11.881548249718898
-20.592041084759472 -12.797212206273247
-20.85742571564063 -13.761354829380467
-21.750612227575125 -14.211041225548163
-22.70175979929272 -13.902304611561869
-22.306849703008375 -14.821024381596612
-21.965946514232424 -13.880925974044303
-22.575558674135262 -13.088226147818386
-23.445475599617808 -12.595027868463118
-22.452451566474178 -12.712939995062376
-21.498237728412857 -13.012065305346013
-20.502367304524743 -12.921279299679355
-19.631388721085447 -13.4126002815131
-19.126534482833687 -14.275804891162071
-20.102601808074034 -14.493273455782688
-20.125905528456524 -15.493001887216112
-20.096800114978056 -16.492578234928605
-20.659318737207304 -17.31936284995558
-19.66476112387267 -17.423550919129127
-20.394038162939466 -16.73933238657541
-20.21207406492652 -15.756027211650384
-20.187001004266886 -14.756341590252758
-19.30550581531474 -15.228534593011398
-20.043381068894814 -14.55359747730791
-21.024064664650343 -14.357996646491664
-20.323112808344508 -13.644788054885112
-20.560740335663326 -12.673431705103866
-20.679235123333843 -13.666386379444502
-20.835315531923122 -14.654130732024967
-19.94442034901728 -14.199921778926104
-20.42848165441888 -15.074955865469535
-20.37358879490833 -16.073448115802382
-20.250222039410342 -17.065809261574373
-21.00120133882805 -16.405483514805336
-20.52250433652511 -15.527503344194304
-21.226092714958895 -16.238111107825492
-21.16472759739608 -17.236226493112436
-20.276606621961907 -17.695836254751434
-20.651806739068693 -18.622780089146517
-20.04975639593364 -19.421238218500186
-19.529773247083043 -18.567061699909665
-20.213855140271182 -19.296466911991487
-19.35921711709321 -19.815691188521818
-19.183099464321884 -20.80006031257149
-18.680954188789453 -21.664843593087745
-19.501556178982238 -21.0933434848711
-19.781273658040767 -20.133261128034384
-18.868934083283463 -19.723826761704853
-17.88798283555621 -19.52957267659378
-17.000433462477545 -19.068860065145305
-17.063158956795466 -20.06689088248642
-16.067088388764553 -20.155453987121323
-16.960356645027662 -20.604977982423758
-16.58197959883285 -19.679326422217173
-16.24068235278006 -18.739371003148385
-16.629720173950698 -17.81814922002621
-17.248710881913183 -18.60354752881997
-16.412948603291245 -19.152638972600204
-16.91270145974293 -18.28647092743323
-16.338901944471047 -19.10546672490337
-15.506879342146956 -19.660208456902907
-15.945403072963137 -20.5589280669655
-16.923340429934914 -20.767826429426904
-16.23345042980062 -20.043912216474357
-16.940579700835784 -20.750996507096968
-17.716107395827922 -21.382310053839138
-16.738112114730843 -21.173683041801276
-16.08953980588697 -20.41252999529819
-15.476888015882203 -19.622177046164733
-16.038150035493988 -20.449815219125174
-15.153378287883287 -20.91583984790557
-15.486866032299291 -19.973085413111267
-16.062600924806567 -20.79072184426489
-15.063963233134926 -20.7385417640356
-14.677206130994954 -19.816360142041162
-15.220566601165851 -20.655859635463084
-14.255271929916393 -20.39469647256027
-14.517072993647195 -19.42957461339977
-15.163070116807202 -18.66623476977244
-15.976962591013875 -19.247250294891813
-16.91256348383816 -18.894190853230214
-17.911067985153853 -18.839521292665886
-18.906020657122625 -18.739175986137873
-19.901891471895183 -18.82995770392421
-20.182723096740407 -19.78971475572784
-21.15910174786336 -20.005781249269354
-21.68283821066005 -19.153900907004545
-20.789241714563627 -19.60277204905334
-21.176052952958063 -20.524930964778694
-20.874029017848525 -21.478231307074317
-20.32822645295567 -22.316145121351404
-20.254035395798674 -23.313389167228806
-19.647297089829873 -22.518487520438395
-19.279225442485195 -23.44828495129147
-18.606096259977082 -24.187809868827017
-19.581405852137387 -23.966967845108467
-19.773248311320856 -22.985542111364726
-19.054902102643947 -23.68122790572847
-20.008035567204324 -23.37867774668846
-19.769688756345847 -22.40749764096471
-19.831783277160543 -23.405567914284575
-19.739426714972932 -24.401293913453465
-20.733240096978555 -24.290231040509603
-21.725989346164095 -24.170027345718033
-22.18976110637879 -25.05598205924879
-22.52931049031581 -25.996570287895093
-23.48239393077673 -25.69386258148645
-22.522618577964774 -25.413093508875733
-21.527753896886484 -25.31187954569381
-22.272005721765773 -25.97977865571257
-22.93342265599048 -26.729797081566755
-23.932385686126263 -26.775325802413413
-23.937439698101645 -25.775338574013492
-24.87329397922275 -26.127725810597475
-25.699313863793638 -26.691366787011983
-25.57572856169004 -27.68370073942113
-25.099115309819272 -28.56281381982727
-25.434408423282107 -27.62069995830925
-24.513938801224555 -28.011514076361845
-23.963611873486677 -27.176564812869394
-23.482294473688267 -28.053111195356536
-24.1631224481356 -27.320667839724212
-24.232575803671896 -28.31825303979724
-23.24328418307711 -28.17230068654131
-22.748301811020117 -29.041203702621257
-22.151794294620302 -29.84381119254303
-21.304932340444672 -30.375623970285194
-22.063207401115754 -29.723689209466084
-21.95470189139677 -30.717785057139047
-21.053988743306522 -30.28337071016446
-20.372611520704552 -29.551438281234557
-21.35218352255523 -29.350344538939435
-21.959708151712285 -28.5560436985977
-20.97904383761597 -28.360346220182663
-21.97875931239047 -28.33649313869624
-22.64911906107051 -27.594456881260236
-23.118669752401164 -26.711551366343205
-22.46421179417199 -27.467649760013302
-21.98906835627944 -28.34755811514334
-22.844731051751204 -28.86509202860022
-23.6773165740465 -29.418988542458422
-23.122874239346945 -28.58676639814063
-23.993441275562883 -29.078816228395855
-24.891332637588853 -29.51903333619512
-25.801392578929388 -29.933509997983528
-25.884086826726985 -28.93693503272442
-26.093398365509252 -29.914784039336688
-25.437426486478056 -30.66956936903003
-25.996798889697413 -29.84065289886153
-26.676957426869368 -29.107587851057378
-26.224336495264883 -28.21588482186353
-26.52243846306569 -29.170418853102483
-27.19426791753463 -29.911124721924896
-26.212520093864956 -29.72093741761713
-25.21340558360763 -29.76301110765335
-26.171697890535956 -30.04880098585408
-26.816578129610765 -29.284517349204165
-27.34139053533494 -28.433299434215293
-26.477890055947515 -27.92895141736811
-25.52288160700845 -28.225530011428773
-26.305440657174213 -27.60295364422258
-25.365384902669007 -27.26193285538171
-24.39759917809693 -27.513708134776845
-23.75946091881852 -28.283629924340644
-22.785210214754166 -28.058162486270056
-23.693158492736693 -27.63908024552421
-23.386668936884554 -28.590954266681187
-22.65191568556386 -29.269288741460166
-23.440532249217103 -28.654403454978407
-24.16189905991678 -27.961850262493545
-24.825184730296264 -27.213483962163796
-24.07934250528083 -26.547361319263835
-24.203153401305787 -25.555055488370204
-24.84931380404019 -26.318257122237767
-25.822522024652397 -26.548182673955754
-26.79300938943101 -26.307030699456142
-26.016308756219257 -25.677160771321404
-26.63224607257598 -26.46495593652571
-27.226852978232 -27.26897249589882
-28.004938667632715 -26.640814347062225
-27.32102963128459 -27.37038163662596
-27.66536219774107 -28.309229379168645
-27.61761191886716 -29.308088684009654
-26.94668882606243 -28.566561743473212
-26.343403166242734 -27.76903656352219
-27.283616944477018 -27.42845169712556
-27.42473490994539 -28.418444484888212
-28.109830167893904 -29.14689797519247
-28.71510666786879 -29.942913275659837
-27.93884007428007 -29.312508504359553
-27.011468495092668 -29.686650127432245
-27.709430341559106 -28.970515181435918
-28.63683043967046 -28.596444254975374
-29.546181820239124 -28.18041532970951
-28.890609374554973 -28.935547615113666
-29.858062776768335 -28.68249838167125
-30.361100906149616 -27.818234162587423
-30.8622083451175 -28.68361924138821
-31.171593185500765 -29.63455615861302
-31.606605012676305 -30.534980897398775
-30.60757584026671 -30.490927376828946
-29.897689842811292 -31.1952439751118
-28.994013869206825 -30.767027050259436
-29.1688005697661 -31.751633372251938
-30.097759120199463 -31.381449618452905
-30.679608362944865 -30.568152957500335
-31.29364382229381 -31.35743139674857
-32.07642408362273 -31.97972960699332
-32.43767246274713 -31.0472599782225
-33.42413263033932 -30.883258948487992
-32.42768224635978 -30.96744108594614
-33.36137713818937 -30.60937147124624
-33.55659089841991 -31.590132190186726
-34.473973885491446 -31.98813778692087
-35.285214006121656 -32.57285093597764
-35.08700691444744 -33.553011100853794
-34.496099491364326 -32.74627172698806
-35.281424521579446 -32.12718805177313
-34.29044359023823 -32.261191013375104
-35.17938579164193 -31.803171622340674
-34.56057586017065 -31.017630873103236
-33.84167735459415 -30.322515818828137
-33.16681581801846 -31.0604601977963
-32.23714209393234 -30.692076204192023
-33.22007946124401 -30.876016770523673
-33.033527637654764 -31.858461892205046
-32.17642933749669 -32.373614785884335
-33.0401363758703 -31.86962058764005
-32.20727784679062 -31.316134661405936
-33.06965086407105 -31.82240808463359
-34.024440721472 -32.11968964848221
-33.27627304488547 -32.78319935279038
-33.016348282689684 -31.817570481019523
-32.15507788037987 -31.309423559248767
-32.22006414785201 -30.311537400891993
-33.12955037229063 -29.895803342200164
-32.185260549375464 -30.224918413776727
-33.1783270351164 -30.3424724647411
-33.87167745607918 -31.06307304325234
-33.657644158503366 -30.086246678165473
-34.548218567796496 -29.631409101098463
-34.405151148668 -30.621122046140563
-34.80217424102438 -29.70331342549257
-33.94324813686347 -29.191213876975922
-33.12634640887101 -28.61443699914279
-33.993142211509394 -29.1131002487697
-34.99286312224422 -29.13672440250093
-34.962756643014906 -28.137177705288433
-34.38105643123115 -28.950580965431108
-35.37517060759031 -28.842243509480962
-34.5450841292141 -28.284608827617483
-33.657757687576726 -28.74575065609453
-33.973541239361 -29.694581910018275
-33.3357089579346 -30.464757202254006
-33.29995980769536 -31.464117997090973
-32.53135937250735 -32.103847135890206
-33.30946498973237 -32.73198059976781
-33.73025648823855 -33.639137981254024
-34.511799056279536 -34.26298989825028
-33.60800642236937 -34.69096054547941
-34.521942777081776 -35.09681808148805
-35.24894037729142 -35.7834580812619
-34.6454545505576 -34.986084356505806
-33.93445392493412 -34.282892981158376
-34.85932615024328 -34.66317099373824
-35.27881233701165 -35.57093271308453
-34.468932968373224 -36.15752917425168
-33.5631657524843 -36.58130476418205
-34.43634757348586 -37.068699375839174
-33.92285359246445 -37.92679257092627
-33.399451352633186 -37.07470683853802
-32.71615384778013 -36.344566769878874
-32.74211251344597 -37.34422978693855
-31.88281444539843 -36.83275463578282
-31.84783871525834 -37.83214279776052
-31.31082201765104 -36.98857118462329
-32.02474527864437 -36.28834723658048
-31.035093564821484 -36.1448568699093
-31.65337864480333 -35.35890295276667
-31.809402135702783 -34.371149607903924
-32.580856304160115 -35.007434501618846
-32.439857243211556 -34.01742477196382
-31.622650202694192 -33.441080558035324
-32.61457147168427 -33.31422553793321
-33.23105359490881 -32.5268566334516
-33.9859533211398 -33.18269686044013
-33.21569651330144 -32.544963020990906
-33.71410474937411 -33.41190548171995
-33.79884720557913 -34.40830837017238
-34.16957926863934 -33.479568504860715
-34.31734262148123 -32.49054575913799
-34.203419610485035 -31.49705617813295
-34.932728975203595 -32.181240254631234
-35.75808641355946 -31.616629681801918
-35.628257677501495 -30.62509324813264
-36.51535824672697 -31.086669439112896
-35.84882020156582 -30.34119842401388
-35.31718510104729 -31.188171930032013
-35.621717340239165 -30.23566990100909
-35.71403869316435 -29.239940636703743
-35.12675702080229 -28.4305580094454
-34.299623920380576 -28.992564089649843
-33.3112135125575 -28.840758734978053
-34.162751200027714 -28.316465337329486
-33.235375680548735 -27.94233348106609
-33.57921325977985 -27.00330434461265
-33.01272250660338 -26.17923624878224
-32.27078519911111 -26.849705511128484


0.0 0.0
-0.10723788875009756 0.9942333907168989
0.5610872782384855 0.25036413394546675
1.1893421834444506 -0.5276434329101799
1.8787310807609408 0.19674800012637528
2.263213551129487 1.119880292909647
3.083506750402727 0.5479370551438066
3.3828820601056258 -0.40619837755969235
2.989681582305368 0.5132543859130425
3.383299302269858 1.4325286053546389
2.404954432127714 1.2255471688281931
3.3700009098586055 0.9634683718620904
2.513139839120744 0.4479209875665583
3.404746241288732 0.9007322325826863
2.670539920397649 1.5796586485981334
2.0237090615969775 2.342292138620166
3.0225799397259583 2.2947845726349585
3.6598624708811576 3.0654148182679872
4.268012347684372 2.27159259173094
3.457880724691591 2.8578406223690678
3.0108640303265513 3.7523662368480233
2.967464248013587 4.7514240224115944
3.9669077049119483 4.784782326670862
4.281230653321163 5.734098440567249
5.275691384748322 5.628989670003798
6.1710634775004864 6.074308449666872
7.0571075950176425 5.6107075201884635
7.9848840752341115 5.237571080320766
8.24281679132996 6.203733962016921
8.463944204509518 7.1789788887612325
7.845186725746264 7.964560954795418
8.594083242954094 7.301873995127444
8.055524088886058 6.459286291935947
7.095929699034706 6.7406732265399025
6.466375671812637 5.963716518087962
5.713751183906334 6.62216650115712
6.382372121418286 7.365769918255669
7.30488727098658 7.7517307955696655
8.274737498831753 7.508029060761178
9.102900777942317 8.068515976873265
9.737833693165781 8.841083251073922
10.49588799235678 9.493274694959874
9.97791277948387 8.637879067867203
10.96775849522398 8.495733160325178
11.520638441127709 7.66247223755399
10.826259458958193 6.942862739894859
10.212095251528133 6.153684479733185
10.163804790159158 5.1548511446162735
9.739292457516228 6.060273299985832
10.391433747338102 6.818370746300923
10.949763882883733 5.98875188215812
10.076729091489579 5.501093955927686
9.192102265354798 5.967393621896582
10.03780975550653 6.50104036001203
10.50456552778007 7.385426615586669
11.269172993195209 6.740930359715903
11.90396752793361 5.96824937854304
12.246670073481999 5.028805412531946
11.622171875588284 4.247779164043776
12.117944144149336 5.116231729084509
11.41469309476411 4.405290127025255
11.296462216049216 3.412303994534824
10.30314574123151 3.5277266130102687
10.065893292095227 4.499174643209947
9.091504045011405 4.274306692698048
9.419381373141404 5.219026999295897
10.21506245002412 5.824742793947777
9.908251833090079 4.872972209543872
10.677442532878395 4.233952908302384
10.946737388886833 3.270895131983956
10.063763290368827 3.740316841480137
9.281877413555828 4.363738428883369
9.743721890855731 3.4767775059630988
10.327641111115003 2.6649657394729815
9.48299777011068 2.1296362834395453
10.472981978794884 2.2708144211093386
9.914439415476489 3.1002902827000876
9.929165550925623 4.100181847288335
10.350572153424656 5.00705365486106
9.564438724938242 5.625110474754017
9.155637073917955 6.537733732250278
9.991826058605055 5.989292320713953
9.001252664201264 6.1262753499524445
9.731718101421624 6.809225015027747
10.731524954681099 6.789571613912788
9.919840513641617 7.373667811618631
10.894936837899637 7.1518860305397975
11.82291123387938 6.7792420712354335
11.184613311343533 7.549031498342888
11.791459987141044 6.7542125805549995
10.968448252513136 7.322236950335699
11.947680740215283 7.524977511222424
11.102638479211492 6.990277990820917
10.178606230011269 6.60796345743515
10.192644257015242 7.607864919479203
10.977818694026244 8.227139578628483
11.930372719495711 7.92277001943783
10.960039141855741 8.164540050881797
11.803231813164011 8.702151545412955
12.621954266593717 8.127962078207187
11.625130340333268 8.207599130103297
11.750572224671957 9.19970009958854
12.244712717858702 8.330318035710317
12.95209159710461 9.03715261409256
13.084307450191089 10.028373562313801
12.217998013990545 10.527881280722534
12.7520430890491 9.682425274885624
13.735607142635066 9.501865721016156
13.782625399569847 8.502971690843378
12.993739291420177 9.1175111186822
13.518024705532447 9.96905372157951
13.845454836140636 9.024178327905876
13.32010198481119 9.875062798089708
13.982181350681508 10.624496526506544
13.340870961213614 9.857214971690752
14.325115672555002 10.034026589511834
15.067118619974739 9.363629971068377
15.654592314609562 10.172873233698416
16.62195418349082 9.919474309796676
16.19588367425281 10.82416426837788
16.900688764185983 11.533565272891048
16.00380506381308 11.09129880569575
17.000060274511153 11.004837512870955
17.58758045317752 11.81404702817576
18.50506117211786 12.211827282050583
18.90284761218285 11.294349245201515
19.3593523218377 10.40462824957258
19.95468123412269 9.60114614884004
20.55975823332631 8.804979190825115
21.180120480521275 8.020663768144155
21.820980576046068 8.788321463972153
22.341906623929326 7.934719652448344
21.34462555220469 7.861027970558433
21.400686562240544 6.862600625603498
20.553246018113107 6.331710312856133
19.852425580853446 7.045048041228309
18.852954883058906 7.012516145339863
18.02574860673824 6.450617776935309
17.16726525514059 6.963459209572791
17.851289320395612 7.692918652003964
17.45038057583884 6.776800658218277
18.42907797472694 6.982108722866659
18.783788533277065 6.0471325629283115
19.380469140648053 6.849611380584819
19.17008516451596 5.8719925476101
19.168224724275817 6.871990816989659
18.851378672336107 5.923513838159799
18.516560359047315 6.8657965436608865
18.362368581156677 5.877755605424558
19.207750770100205 5.343593687447386
18.468907289650673 6.017470761843913
18.49510653453204 5.017814020973504
19.408696018150884 5.424451765681316
20.207035316405957 6.026659674016632
20.178955858304256 5.027053979738776
19.463883327463922 4.328003712849764
19.902616824492117 5.22662093869479
18.959498666759245 5.55907866616484
19.682060809824687 4.867772692366931
20.323838180985046 4.100881692376385
21.305021896351015 4.293958145370105
20.816192899827357 5.166337771540773
20.43016214182876 4.243851861686846
19.72790658148303 4.955776807143531
18.73678650052666 5.088746672620782
17.759288414008996 4.877802388852982
17.783447871038984 3.878094271132606
17.580069014152436 4.857194388879265
18.57967141550139 4.885390828679412
19.416764520714032 5.432451276167126
18.634134127433924 4.809964595575308
18.725348311986206 3.8141332983484824
17.832818604713758 4.265121903122658
16.987535224263738 4.799440166646361
17.92255972351432 4.444857051141408
16.962141413926247 4.7234188407106
16.324617775756852 5.493849636288799
17.308935944849633 5.670251852810696
18.308759849891416 5.689017750257979
17.518600330483892 5.076116507079544
16.578502201799687 4.735212549278442
17.31868320370679 4.062804872035092
18.067744028212196 3.400303640948476
18.08758569340336 2.400500506165212
17.45531326360774 3.1752466416962917
16.508796515259036 2.8525919577144903
17.275801537329222 2.210950861680957
18.092464043439396 1.6338353176918445
17.645316408295983 0.7393751495537356
16.676928351036672 0.9888236824368428
15.69148222558389 0.8188356421807677
14.714582700466165 1.0325347713899506
15.240674889534237 0.18210722679748803
14.575858769315259 0.9291142724784414
14.63068834145247 1.9276100000703276
15.05011283758869 1.0198197753813423
14.976140399810227 2.017080061590069
14.107697843376659 1.521290261195658
13.406234772951901 0.8085844587566214
14.325680535256117 0.415367609955836
15.025546191082805 -0.2989068917550113
14.388111823885081 0.47159776593061076
15.372497392908677 0.29557205332563374
15.182887582076477 1.2774315746606246
15.262720816894152 0.2806233410376545
14.53239669882433 0.9637241261093283
14.750493254942695 -0.012203070053023124
14.49570413790972 0.9547935720515687
13.836212281575838 1.7065052797090268
13.117494163192173 1.011203714697812
13.98370420308656 1.510883779125204
14.680326190402425 2.228322143577577
15.323366029571751 2.9941548702490666
15.514095176528649 3.9757975712870226
15.16498099514098 3.038717378158378
14.652070198561576 2.180275467047159
15.515758056427114 2.684302533954918
14.671435802140035 3.2201382652341826
14.938642015020156 2.2564988929593346
15.709251447843885 1.6191911948706559
15.288276020243174 0.71211915288259
15.390991190012462 1.7068299620624572
14.52687570297214 2.2101235394674017
14.38999006191711 3.2007103964733656
13.467925128097857 2.813675181252715
12.78666427557056 2.0816344372952624
13.496421444471101 1.3771880154899638
13.074935803776887 0.4703529396969133
14.071638875533937 0.5514885468620832
14.846935314974685 -0.08010897608310574
15.669627594290697 -0.6485959271680224
14.689468194204139 -0.8468068007899296
15.190196907890314 0.018797470970663865
15.261411177087586 1.0162585117450385
16.217249806988118 0.7223665016633194
16.841483627810387 -0.05887106588040181
17.52661647655433 0.669547069239811
18.225756957510793 1.3845313962624144
17.576305989116783 0.6241279246421942
18.48886227877698 0.2151768050672324
19.037325697684615 -0.6209977449641284
18.163905564365034 -0.13403032232478662
19.135141126645554 0.10409040873751949
19.203543682589927 1.1017482109624492
20.0312923956026 0.5406492285129446
20.4398216590352 1.4533944508610075
20.015881916691256 0.5477040540579112
19.109917313907133 0.9710574980054059
18.70841316119188 0.05520029551562533
19.534215173547263 -0.5087598417190915
19.966886637308757 0.3927918231601243
19.385581417941253 -0.4208937684144707
20.098911218228782 0.2799347384413451
19.162181055201632 0.6299870226434805
19.694692075051297 1.4764100928268662
20.658737157104998 1.2106713493812138
21.246060763339145 2.0200235480933166
22.066366847832413 1.448098791028785
21.780685267300612 2.406423388722516
22.687560174378508 1.9850234564580964
22.16101599239437 2.8351712226838583
22.106541563372396 3.8336863886091086
21.248772078859638 3.319651845568745
22.16365430660073 2.9159310145933066
23.02088475977169 2.400998057640356
23.126714259160114 1.4066137672077306
23.90666768027913 2.0324513347000788
24.869765536634144 1.7632998548892114
24.625195798541952 0.7936681499571191
25.071319787675478 -0.1013030151200528
24.296552989405534 -0.7335501252744111
25.28107580240426 -0.908806596439033
25.995998026278258 -0.20960261060152552
26.56552509115392 -1.0315751906637278
27.046428982485686 -0.15480187486199604
27.278595836637443 -1.1274778496003859
26.33529653399514 -0.7955344423235648
26.87650128824461 -1.6364252877831702
27.531495269499295 -0.8807911934490537
28.223969054369896 -0.1593481553185403
27.291766876515794 0.2025898222467728
28.251429161136627 0.48374511648169416
27.580183940628665 -0.25749024016639277
27.056173296426376 0.5942214744194197
27.381313234867548 -0.3514444393315572
28.293512493707038 0.05830244860377243
27.676489113854526 -0.7286423707548558
28.058712338376754 -1.652712393337468
27.655497956846432 -0.7376068461315074
26.874298335139272 -1.3618881537521892
26.53873318676037 -2.3039051552937995
27.35278723532076 -2.884694278833867
26.485888492637464 -3.383178551338145
27.322310651668868 -2.835092817277091
26.93127098679898 -1.9147189907813305
26.634558455451597 -0.9597521464660805
27.24773677952711 -0.16980762760165635
28.017837986252182 -0.8077293558729141
28.093322077363553 -1.80487636208067
28.232666404155818 -2.795120351504898
28.153376603080982 -1.7982687439696978
29.039037061322265 -2.262602193882413
28.179614847062567 -2.7738687169767324
27.759394705076165 -3.681290907728606
27.583255537418868 -4.665656182216178
28.48308501994714 -4.229414388742762
27.513035400310716 -3.986507543546442
26.817038786651658 -3.268462479657607
27.079486046060378 -2.303516141238287
27.14102481837796 -1.30541144758053
26.357869420953257 -1.9272374871483158
26.1379930004218 -0.9517097532041318
26.41348257315915 -1.9130138129651386
25.58167584753472 -2.468079188579542
24.8142281028366 -3.1091906914850624
25.648972891439534 -3.6598277206614926
25.145814460607763 -4.524021908030807
26.101142037588758 -4.819570923694238
25.93533546456563 -3.833412629938958
26.2196867586429 -2.874692471834112
25.419554014192276 -2.2748695052365417
24.562199529011934 -2.7895959245518442
25.073249505143362 -3.6491469247234836
24.249686642592913 -4.216371934245901
23.49952714555545 -3.555115003087894
22.64636132279179 -4.07675480109798
23.26133779400908 -3.2882093427703523
23.814406330316423 -4.121345102503934
24.769504628806192 -4.417634218439616
23.952884021532693 -3.840459388967417
24.705227284957047 -3.181688097865573
23.82618238359457 -2.7049491112191744
24.62321557900439 -2.1010136134921304
25.261608702912078 -2.870724091105229
24.579666178761773 -3.6021298565702766
25.269209575439245 -4.32637422423805
24.5382903920624 -5.008838250668546
23.68560928160133 -5.531269991533204
23.4068545771936 -6.4916323266810165
24.286400450060075 -6.015818226928238
25.050109776169386 -5.370257954596006
25.576145016634047 -4.5197951830479015
25.1979639606452 -3.5940635324648826
25.055090151571246 -2.6043226195585305
25.647853220261574 -3.4096995154258156
25.218200702193283 -2.506705211059738
25.94091638522793 -1.8155597549538867
24.9446382609441 -1.9017566172720335
25.850561817559516 -2.32519788777985
25.50734544164791 -3.264454252840052
25.355532353381246 -4.252863472865309
24.81825870844429 -5.096271458632671
25.696760988357468 -4.618533304214011
25.14014311546871 -5.449301950457233
25.639775408414685 -6.315539545950263
25.416063447271934 -5.34088424357836
26.358857276018032 -5.007507884971043
27.327533181168764 -5.255836277992079
27.370668074390416 -6.254905535344519
27.659466048477725 -7.212295597003332
27.482753673755596 -6.228033062605083
27.063473507892738 -7.135889957998853
27.936040145213823 -7.624385058725742
27.56055829896984 -6.697555309990187
26.707316508293037 -7.219070838658934
27.43054959837423 -6.528466829539664
28.29467239600292 -7.031747855029767
27.522222264154053 -6.396672431314859
28.456043281475264 -6.754412990392492
27.534945000610158 -6.365082851580527
27.041866378085807 -5.495098097685673
27.694456514705582 -6.252809199350802
28.66110123392996 -5.996688160004895
28.230607224656673 -6.899281594492324
27.33073626954156 -7.335437832714606
26.496235593265308 -7.8864447485464115
25.881535563698794 -8.675205722258301
26.21591315641802 -9.617644911536471
25.67930005778935 -10.461473319674134
24.81881093134443 -9.952004514672243
23.830412188179412 -9.800123230407818
22.841730293740994 -9.95015026667015
22.503692109097575 -9.009017871242715
23.213121968024637 -9.713793917418185
23.655280745544168 -10.610730713108067
23.779942764400765 -11.602929977900477
24.623260057919264 -12.140345964313827
23.85756052542272 -12.783544398651609
23.35117581021239 -11.9212367272249
24.150770292901868 -12.521777036656784
25.030925278876193 -12.047090613146974
25.562916921904645 -11.200341009221534
26.33986859776073 -11.829901247311916
26.868638125135195 -12.678666696019736
25.912056891767143 -12.387200842156789
26.911098997873154 -12.430960072351905
26.169582756543306 -11.760025154610954
26.864539827119668 -12.479076383701011
27.124181950358793 -13.444781290926754
26.412662771851206 -12.742114614176042
25.41747123466754 -12.840062581577175
26.105191737019492 -12.114087023693317
26.841376375417358 -11.437306277670645
27.284302410067085 -12.33386443408297
26.333812049125214 -12.023110393471123
26.552267592796145 -11.047263491831611
26.198806851173252 -10.11181413236238
25.438262170835255 -10.761099731470793
26.204493595054917 -10.118535023026334
25.84966198824386 -9.183604795251084
26.698501159980115 -8.65495362432066
27.46021372266936 -8.007038528153437
26.943786537012315 -7.150707422847582
27.929959242763843 -7.316428255668061
27.598602859779515 -8.259933924678874
28.594740602267194 -8.34773824115335
27.84818668389682 -7.68241332281206
28.552557672490657 -6.972581293084366
27.737399565932353 -7.551819811582815
28.630011021963554 -8.002646594906365
28.955346411490023 -8.948245285853883
28.460427233144994 -9.817184298044198
28.093762071754426 -8.886831322328836
27.811995736060183 -7.927348267726287
27.943100766061864 -8.91871675174636
28.277370777016802 -7.976239399352051
27.884034409014262 -8.89563403801739
26.975696603655095 -8.477396747289639
27.88479939986409 -8.060824897634637
27.41095755894307 -7.180214933012057
27.604829019331028 -6.199187993092954
28.42356852200254 -6.7733531494418955
29.050586784836113 -7.552357705316357
28.313505520891116 -8.228161826597992
28.520292095974465 -7.249775751285542
29.504688906328997 -7.073812914971101
30.500976904567807 -7.1598955762061465
31.458938564010253 -7.446791827555437
30.5131186513562 -7.122100138676459
31.305401107182156 -6.511945641691969
31.473724780191613 -5.526213862197869
32.24655274566825 -4.891598281096008
33.081776011899855 -5.441509269843649
32.44889994055804 -6.215762379829622
31.873169018303145 -7.033401606603585
32.79074177760986 -7.430969501909855
33.0194969357619 -8.404453491310212
33.86808454654058 -8.933508372048427
34.84525711347526 -8.721061262323943
34.56513191935999 -7.761097786132331
33.825400294308054 -8.433999801954856
33.06940591319649 -9.088577907094152
32.569403711144865 -9.954602039519758
33.54280073156954 -9.725477094067813
32.74851292076054 -10.33301875815369
31.86280730833858 -9.868771444618927
32.843204994538354 -10.065800317868856
32.432424904088634 -10.977534773338276
32.83845764760027 -11.891393302431489
33.45138708350952 -11.101255652021152
33.148576502810904 -12.054306412587957
33.25108018188366 -11.059573787317955
34.24699437940651 -11.149878334116101
33.77244292232358 -10.2696505712158
33.961043120447066 -9.287596618895574
33.43337418637093 -8.438146504991904
34.27696941344835 -8.975126106887732
33.868364566202274 -9.887837495447672
34.07587011917368 -10.866071335327499
35.074649478504405 -10.816677090977597
35.81800536503512 -11.48557321591789
36.20833438950113 -10.5648977830647
35.37787255411444 -11.121973307537068
36.37781979358239 -11.13224551666808
35.97576481517387 -10.21662998909282
36.805361733073745 -10.774992733024597
36.26803101930692 -11.618364361693022
35.7732548147741 -10.749343931882482
34.77347291779546 -10.728459524450368
34.153520289435605 -9.94382028340407
34.364123591902086 -10.921391891517876
33.75697359095256 -11.715979127979042
33.32038627373814 -12.615641016939284
34.22263926739035 -12.184433948994409
34.451918812350165 -13.157794565756266
33.94289603826527 -12.29704151437456
34.34858295756016 -13.211053616872674
34.85394368715117 -14.073961800277631
35.676754414084584 -13.505646300186958
35.8544531694545 -14.48973123165374
36.470780757612076 -15.277221107192384
35.483571843885294 -15.436653101027948
36.45603784553106 -15.20360830781621
35.69567411858411 -14.55411080763369
34.69849962823356 -14.4789906652341
33.92573665324018 -13.844295947689222
34.511501023060795 -14.654777349726714
33.535337135940786 -14.437742639408867
34.52147671823097 -14.603660463166728
35.322525156539925 -15.202259994976421
35.43439013611631 -16.195983410391584
35.02442389150873 -15.283882715137842
34.10705994817032 -15.681932203848222
34.59590677099062 -14.809562566699782
33.95330989176014 -14.043358122179095
32.969110867992455 -13.86629236711977
33.75524468706664 -13.248236044032762
32.83520247947056 -13.640055308798708
32.439357504891234 -14.558372659228446
33.32959374337137 -14.102873548695028
34.207222094192865 -13.623531835681923
33.21781258538568 -13.76868287385226
34.20367477378584 -13.601124688487165
33.54537972673396 -12.848364679568673
34.50447285923792 -12.565273946439266
35.50334947407923 -12.517887151620842
34.59111786523396 -12.108212290513192
33.75668253024322 -11.557106427979612
34.62505534359177 -12.053018372821763
33.69841628394196 -12.428970568095734
33.017623244949 -11.69649474046814
32.16813614398165 -12.22410412750564
33.16808338444683 -12.234376239560747
32.73702695217157 -13.136701209953412
32.68514234995256 -14.135354296892302
33.41790200067015 -14.81584183849775
34.22450680899221 -14.224750742987306
35.19082463987052 -13.967399135790775
35.35096876963858 -14.95449277760032
36.07440816640069 -15.644880668001413
35.076333589996885 -15.582855351102765
34.099236464420095 -15.37006153730741
33.977527614338776 -14.37749569273493
32.99825271750812 -14.17496007503445
32.2585403732032 -14.84788328587126
31.60627729323553 -14.089890624619793
32.452297774735456 -14.623041020739523
32.53171464595909 -13.62619952854277
31.553234565653423 -13.832540829413464
32.00595038336793 -12.940885969957698
31.3210951719719 -13.669565144508265
32.086706848419524 -13.02626213589797
32.783252532689964 -13.743774581590879
33.505259811317856 -14.43566004148171
33.936596124769004 -13.533468828546017
33.269147358549525 -12.788813106435395
32.38644605170947 -13.2587475730399
31.60485707493487 -12.63495379991898
32.26731147104345 -13.384056044660257
32.58171083944275 -12.434765237188637
31.809274883250733 -11.799672571838357
31.152151680652747 -12.553455761228626
30.348162091364255 -11.958812388848406
29.348175995705887 -11.964085764421105
28.849939622670103 -12.831127007144971
28.167543630213434 -12.100144305927579
28.02479446410173 -11.110385408228542
28.49049390756872 -11.995328360262478
29.382017064179728 -12.448303482345738
30.353236781936907 -12.210118134686258
31.245955009067462 -12.660733455052618
32.18312000595328 -12.311846985535663
31.590782574948495 -13.117536980403822
32.24823332333211 -13.87103450093712
32.861945742932846 -14.660564149543053
32.19861003676538 -13.912242199495275
32.01650757858372 -12.928962638676381
31.270141022770026 -13.594497734943138
30.307654708894926 -13.865827968428318
30.70832766296718 -12.949606824885443
30.662711936593368 -13.948565885862113
31.59555279845267 -13.588277214869537
31.915845134487967 -14.53559596770675
30.98313286198607 -14.174974536390817
29.992712624637196 -14.313060572794928
30.515132519353237 -13.460372204394794
30.899884280123583 -14.383392292249939
29.916429521813274 -14.202238384324085
30.20779208182072 -15.158851084755094
30.84994551348574 -15.9254272193959
29.881881564421825 -15.674723827869625
30.09271761088621 -14.697202389991526
29.46731087172462 -13.916903466109616
30.406620195737965 -13.57383205397856
31.406614426575103 -13.577228860189766
31.44554673365634 -12.577987009852556
31.916158245675987 -11.695646483324062
32.660224678746886 -12.363752121061951
33.56305209989806 -12.793755199675958
34.13705533400375 -13.612608231200058
34.35842412726645 -14.587798395921489
35.34093953817899 -14.401617120495192
35.3973273910885 -15.40002605978022
36.068030925294124 -16.141751594735087
36.4848644291512 -15.232768740077072
35.83594232565489 -14.471913889534656
34.8792443256845 -14.180831535461685
35.264543698725326 -13.258039905062736
34.59256914557021 -12.517465668465228
33.630674309446384 -12.2440459832955
34.56283243383829 -11.88199456273459
33.68262701883325 -11.407401655712357
33.344503069421 -10.466300069891854
32.99397882067432 -9.529746413639007
32.085787541214835 -9.948301786216811
32.58306987036542 -10.815890562720153
33.32929282680877 -11.48158666401334
32.33178867251789 -11.55219446933566
33.290793447059464 -11.268804557012611
32.965854186167206 -12.214539444140495
32.19391235382377 -12.850232615000667
33.10071144630434 -12.428669564109804
32.38140730369778 -13.123364857334852
31.57120867427687 -12.53720943350557
32.097500773581615 -13.387513276969427
32.902076322462946 -13.981363583142882
32.240414317065195 -13.231561348808373
32.76047875785258 -14.085688375326384
33.75930108081339 -14.134206074727611
34.188260969681515 -15.037529612416208
33.980844466479176 -14.059276887298964
34.75258853924509 -13.423343646973626
33.95610576779445 -12.818682423822754
33.138735540277324 -13.394795182897399
32.46417003946072 -12.656580183653922
32.16461472745763 -11.702501248213707
31.645746080225056 -10.847647268332326
32.42280347103921 -10.218217517382232
31.55134338293369 -10.708683943184369
31.00588740061026 -9.870544473079553
30.21104375327736 -9.263730188232424
31.180957681506435 -9.507178276800069
31.72021211366166 -8.6650353807302
32.53188169880376 -9.24915222225701
31.604041273078057 -8.876174817594007
32.35098836901428 -8.211291342184637
32.822536528230515 -7.329451031504876
32.18498861545885 -8.099861739452583
31.27366992482948 -7.688160094921534
31.5628701149817 -8.6454287353856
30.685241088486727 -9.124769211303803
29.906932928979366 -8.496886731181716
30.278811165009877 -7.568605212693474
31.26094576085051 -7.756785008774123
30.275126138165607 -7.924593445777129
30.817691932831288 -8.76460675427813
31.312282065011942 -9.633733097883892
32.08719734179714 -9.00166797955753
31.72717552636194 -8.06872409463693
31.867991752245736 -9.058759846783207
31.112878031667194 -9.714353676066274
30.500561512179925 -8.923740951679045
31.130902761145034 -8.14742277602353
30.907038741966932 -9.122043164132371
30.90484023156666 -10.12204074740546
30.150742257600704 -10.778802687274421
31.148765008900103 -10.841656389542297
30.56185434332408 -10.032004692432295
31.142579522364663 -9.217905026280611
31.380487566607197 -10.189192708939407
30.427837502087254 -9.88512387697837
31.191481683712098 -9.23948654544423
30.55220785902465 -10.008465724011169
29.652372004544144 -10.444694373908598
30.62066550051232 -10.194879030773455
31.610564289028066 -10.336654869670847
32.58215334275473 -10.573329140935215
33.45762978344156 -10.090068339915396
32.79532377011041 -10.839301777974187
33.45177044456947 -10.08492934767756
34.40064322337323 -10.400588102736295
34.29462414678225 -11.394952198728701
33.30470993156109 -11.536620284418756
33.62133245268385 -12.485171906165231
34.47759319449813 -11.968628062887941
33.84482883261778 -11.194283654801877
32.848237030104926 -11.27677474016379
32.140639174863786 -11.98339010601578
31.80299235136614 -11.042117232412194
30.870794518319002 -10.68016806462448
31.442823063863482 -11.500401777100546
32.112116062382576 -12.243400351886068
33.080940862815346 -12.491147210728734
34.03978587160497 -12.775077218158778
34.27614819648427 -11.80341222888642
35.01347518203862 -11.127876207364743
36.01216120115872 -11.179123014231594
35.01216587179383 -11.176066668633872
35.48207180211144 -12.058783167093225
34.591024082488424 -11.604873527016464
33.60307901233881 -11.759678366627744
34.1939346125482 -10.952901036938071
34.811154623672834 -10.166110430825299
34.08442413921039 -9.479187725600774
35.02380263541097 -9.136305762126568
36.00245709711605 -8.930793123622891
36.63359511789997 -8.155122575825084
37.0610651265889 -9.059152106134514
37.99050579568418 -9.428123707523724
38.92091109803398 -9.794656070841583
38.993248833222914 -10.792036265184612
39.125561062954425 -11.783244353258693
38.613815707073265 -12.642381531324027
37.73167438334347 -13.113366334654495
38.60298037103145 -13.604106465292972
39.05729058920943 -12.713262918053012
39.84768309260341 -13.325863677584534
39.50915302619519 -14.266819252592008
40.50639488729912 -14.192598834498552
41.4075651598582 -13.759133565006522
40.82608641723274 -12.94557196815309
40.63932710792594 -13.927977668659377
41.608946342812146 -13.683358496600665
41.127597374921365 -14.559887544100219
40.35241804004417 -13.928146300568224
39.825201199503795 -13.078415517878424
40.81764498810091 -13.201115666513253
40.45186874457147 -14.131818486789143
40.45572877724908 -15.131811036835256
40.10432728820534 -16.068035899514005
41.07131654330014 -16.322853050685573
40.36094820832869 -15.619022937185239
40.157122205043365 -14.640015807290503
40.77400178114398 -15.427073358292922
41.76667292160175 -15.306226319014915
40.8812344489789 -14.841469704000877
41.87293647629504 -14.970027430400608
42.86649107898622 -14.856672891580313
43.27204693616084 -13.942602628027581
42.847925525890496 -13.036997289400267
42.89384691473989 -14.035942345970518
42.342294792892766 -13.201801916015263
41.7197729574914 -13.98440434665838
41.27840524602977 -13.087078016230523
41.80098940113447 -12.234490307643597
41.34791663197504 -11.343016771386797
42.34741903164499 -11.311473894948321
42.52516693941936 -10.327397840325592
41.76996456274763 -9.67190613918104
42.45344673296256 -8.941938932384536
42.69788609832446 -7.972274352923436
43.665798277896194 -7.720985649164786
43.00918282354461 -6.966760122477533
42.1854440325412 -7.533729613893282
41.617016900558816 -8.356463225474991
42.05459246575329 -7.457281583789209
41.82442509045138 -8.430432640586986
42.78778381852005 -8.162216382589985
41.878490727265884 -8.57837269240332
42.83567707139146 -8.28890023668514
43.83528817336663 -8.261013953175341
43.00673505051568 -7.701103493714244
43.1877887707337 -6.717630285947395
44.18218943002084 -6.611954703104027
43.555872713403545 -5.832385995108557
44.52947226042004 -6.06064883056205
44.587137698180555 -5.062312866425784
45.18435827840417 -4.260235826137652
45.60702493407597 -3.353950607134709
44.88645417359405 -4.047332016705592
45.32910973596943 -3.150640289801559
44.40241654024633 -2.774821555568542
45.39938964492703 -2.697074346336793
45.373823316529126 -3.6967474743402673
45.69777007322865 -2.750672160835121
45.247904497267456 -3.643768439835938
44.6702257012643 -4.46003261805788
44.38978052957377 -3.500162571814396
45.16415366585349 -4.132891775983374
44.17861016773088 -4.30231436393509
43.35225739817399 -3.7391615425396436
44.103822064465795 -4.398820964045686
43.95164113727322 -5.3871736163914
44.94322826409779 -5.516614606482633
45.51772123776245 -4.69810509327589
45.03922257627542 -5.576193375258471
45.20423538523371 -6.562484799169121
45.764748810894396 -7.390630136446416
45.43410289731533 -8.33438501978926
44.578475580002916 -8.85197742107503
44.85454603748547 -7.890840020645013
43.91923941610064 -7.537001746862069
42.91974271595118 -7.50527878372261
42.60203950926433 -6.55708857471342
41.65488148083408 -6.877855887855073
42.40592043870594 -6.217597995998604
42.99766444997849 -7.023723932266058
43.95217930908363 -7.321887283044602
44.905004058012054 -7.625408283684581
43.92856026625086 -7.841180203848058
44.81335335526154 -8.307164312631762
43.92511002592766 -7.847791057104338
44.6206686674425 -7.129321728452083
44.94805306258054 -8.0742129697175
45.48987592963646 -8.914705670896575
44.79932842678937 -9.637992713716814
44.09191286064723 -10.344790575046195
43.90374708320572 -9.36265329329795
44.66068448249944 -10.016140686864548
45.650390202377174 -9.87302329434603
45.977948975416766 -8.928192489278374
45.13305056136317 -9.463119278596052
44.93476912794347 -10.443264407217844
45.928696594422604 -10.333227179979184
46.64678770137652 -11.029176288832483
47.613769438296075 -10.774330609128
46.61741907557341 -10.688972805135528
46.54229720262009 -11.686147165116763
47.498947299887824 -11.977386914116849
47.95343489924774 -11.086633849554024
46.956114665899484 -11.01347407813431
47.896748576380986 -11.352896891822901
48.520803937939625 -12.134277020639804
48.63262200154635 -11.140548324943016
48.858442443744394 -10.166379382774625
48.76663287854845 -11.162155966019347
47.77904270658876 -11.005102942334222
46.93011916278482 -11.53361861549384
46.30137382589392 -10.756007336423156
45.31976535416795 -10.565102102770927
46.22289008479984 -10.13572380695118
45.516332080423695 -10.843378939379395
46.456407910025234 -11.184344384254635
46.69293419917902 -12.155969473751163
45.80719592097596 -11.691784486352963
46.615424024077385 -11.102914947866667
45.89079580281629 -11.792054948847587
45.13603299570591 -12.448052742291173
46.12992786060325 -12.337721434265355
46.70583562181807 -13.155236113382824
46.417246347592226 -14.112689104814676
45.42518317941931 -14.238429592942841
44.66375451731014 -14.886678304872635
43.68484128064573 -15.09095477214973
42.72660644380276 -14.804972259641497
42.750551060663696 -15.80468554620089
41.920946407391874 -15.246334295401052
41.02533147529658 -15.691164480312045
40.85235419926982 -14.706238664842493
40.29555653697488 -13.87559050631634
40.753736604518664 -12.986731110401795
41.68663689980777 -13.346865861640127
41.02038187013789 -14.092589828962875
41.58911349049146 -13.270066671835975
40.59288687875276 -13.183276476170606
41.507921057462724 -13.586652791529566
40.774130945913164 -12.907276553946826
40.06131587934535 -12.205924516184101
41.04070475663619 -12.407908245823384
40.25203674415381 -13.022727541297346
40.74158799967928 -12.15075301861137
40.871348386814766 -13.142298399282598
40.3570772726153 -12.284670728845105
40.36810056240255 -11.284731487149758
41.0327221403828 -10.537551349510219
41.55829970058739 -11.388297039014075
42.44521065344854 -10.926356608119656
43.168773098614295 -10.236097679929836
43.23253394052338 -11.234062887258752
43.53858087824682 -10.282046463077894
42.797964325059674 -10.95397437673024
42.2312696741916 -11.777902269617426
41.2906689729208 -11.438387438175743
42.21831393916718 -11.06492416475017
41.30777893320954 -10.651492183735497
40.488975210158124 -11.225565753164656
39.50807543871982 -11.031051901749692
39.20213989255585 -11.983104128044737
39.36082877179904 -10.995775489948718
40.01759449474912 -11.749870169122271
40.98866754721395 -11.988652762241264
40.11399897262134 -12.473374212787993
39.76370036828818 -11.53673613551255
40.179386825548455 -12.446244117473345
40.20549903956992 -13.445903135478433
39.21680231769498 -13.595832425991453
39.90893047390395 -12.874057796773467
39.73752625237643 -13.859258584858082
40.69856239452394 -13.582835840702971
41.0747659903834 -14.509372863418422
40.074837333740675 -14.521317804803067
41.07271214804758 -14.45615757942007
40.22397592286861 -14.984974012664118
39.8339990093114 -15.905798646833075
39.1484539590612 -16.633828855050737
38.45650319923779 -15.911884157736736
39.240893709994154 -15.291616855168424
38.49399919816797 -15.956559400208162
37.603367449433954 -15.501834111548083
36.73540503535677 -15.99846400165671
36.557743609469945 -15.014372330239937
35.658826042525206 -15.452490131565282
36.47090074621516 -14.868936641620376
36.50370555238198 -13.869474864115926
36.10254355240695 -12.95346774090343
36.45347113229711 -13.889870343245196
35.98347023386209 -14.77253627975248
36.20862315447667 -15.746859718010395
37.07022358664907 -16.254446848738045
36.90921034974562 -17.241399095577716
35.92360014879395 -17.410433209826913
35.97141893631266 -16.411577182383397
35.5174679044849 -15.52055054939058
35.11048635311977 -16.433986927497138
35.978702117521166 -15.937800081193354
35.06783675453176 -15.525096445994699
35.77824843712113 -14.821310085484248
36.76546145427718 -14.661903502315141
35.92920273640536 -14.113568425210474
35.76694751678235 -15.100317250244023
35.78490776264688 -14.100478548468338
34.882662849771656 -14.53170252413617
34.0101838271175 -15.020354092258536
33.08567393535072 -15.40151214349893
32.22178195599828 -15.905189270248329
32.45742411356978 -14.933349379332622
31.675835219723858 -14.309555502305354
30.678929254050715 -14.230952095220802
31.664562968272538 -14.062055140276984
31.434034514272234 -15.035120724858121
32.39885468250174 -14.772210011920087
31.487506464368856 -15.183846289847597
32.17065998240354 -14.453571498555418
32.58281391733723 -13.542457271952257
31.78419508217616 -14.144294422787906
31.13678430741294 -14.906435675260493
32.090351319060154 -14.605254742434067
31.88700841925763 -13.626147156364027
30.897114443976303 -13.76795659787529
30.111660281688277 -14.38687643028044
29.29370131091954 -14.962152991717588
30.27118475942388 -14.75114088803615
31.155722597152973 -14.284672439343707
32.032201118112184 -13.803231474845301
31.439752542767685 -14.608839745391398
31.041103386897003 -15.525943256737632
30.348326313610723 -14.80479145113156
31.348197809481622 -14.788760489061437
31.97466513817972 -14.009312808922564
32.658307084399326 -13.279495236258636
33.17978241116751 -14.132761597702714
32.19030509661609 -13.988073505628373
31.280431894872777 -13.573187067251114
32.04414189918631 -12.927627597247435
32.79663286168129 -13.586230171918514
33.397379983980734 -12.786791059134474
33.57670278438554 -13.770581348400931
34.16787222477816 -12.964033958134323
34.75113515214106 -12.151750536190933
34.03777281172771 -12.852545920936002
33.97425900508693 -11.854564961014423
33.96394636552644 -10.854618137695656
34.95070297732136 -11.016825995332074
35.94182561958966 -10.883875222550886
35.771450145997036 -9.89849600722407
36.6699159086244 -10.33753959661633
35.706314772186246 -10.070195530186737
35.464523787086414 -9.099867173637032
36.27046237640232 -9.691866320808282
35.27571815705221 -9.58947521733955
34.400216906802356 -9.10625936411147
33.80019919422045 -9.90624607936865
32.945930014596634 -9.386415175376925
33.23995076246867 -10.342214212738213
33.26974863992548 -11.341770157395175
32.35650465346062 -10.934357073184849
31.44896490415785 -11.354323266390288
32.20357074813386 -10.69814492155007
31.755435189211394 -9.804179306535016
32.708157350059494 -10.108022167614436
32.43913146290527 -11.071155113806643
32.7755211786631 -10.12943224632791
33.30524074965441 -10.977605091984257
33.63928335583881 -11.920163067523974
33.24209327558621 -12.837899434978663
32.56806988513011 -12.099189431582156
33.425087033774346 -12.614477319009852
34.014966062712496 -13.421968948204228
33.55278081251141 -14.30875234593817
34.469089030463465 -14.709226127493869
33.52712991562062 -14.373498520698599
34.39550222187269 -13.877585687899863
34.09689219895757 -14.83196090458072
33.15525589784401 -15.168592864479322
33.08433973983216 -14.171110584670384
33.82672848652423 -13.501141220605897
32.8607521379046 -13.242510801073552
32.775884762040576 -12.246118544723696
32.76883341273987 -13.24609368365118
33.475530760357984 -13.953609661470427
33.76810900146664 -12.997368074406905
32.99044446626733 -13.626047540186754
33.10614039773116 -12.63276286224054
32.50163931699455 -13.429367182708528
33.3854088545723 -13.897289616931996
34.27014029464068 -14.363390763631417
33.50579839570027 -15.008201946478119
34.200190653281794 -14.288605259012959
34.230171117329476 -15.288155743868769
33.45222317961739 -14.659827003312115
32.6949939922028 -15.312976264758095


0.0 0.0
0.9524669365566929 0.30464197801076054
0.456006537120845 -0.5634173931108226
1.4290939816959392 -0.7938535560937908
1.1624064801137366 -1.757636610779773
1.9888825725432058 -1.1946647920867628
1.315434730833032 -0.45543004960240885
0.7228749486840734 -1.2609565262495632
1.3174701270943587 -2.0649817583233094
2.3155754037624656 -2.0034524426495453
1.6199981054535795 -2.7219037089698928
2.578495914356828 -3.0070036043182986
1.7769705689038644 -3.604964406207944
0.8047187873049707 -3.8389013061997517
0.02104748791038069 -3.2177255705941223
-0.6684202981248811 -2.493409222566802
-1.317932549386298 -3.2537603489954585
-1.3401797073707031 -4.253512850348477
-2.3335032225367702 -4.138150836591226
-1.9202101594547838 -3.227552767183922
-2.863106854132141 -2.894467458041482
-3.0250631698028654 -1.907669529479426
-2.3344054916450907 -2.6308513680246923
-3.206501762871962 -2.1415170306722153
-3.943109040025284 -1.4651963084961395
-4.686974066171383 -0.7968664327037552
-4.1214570505055415 -1.621603060356729
-4.226985823831035 -2.616019310224166
-3.720689174967097 -1.7536599284411731
-2.9032433689256174 -1.1776544126818225
-3.9031607023006982 -1.1905123447110257
-3.6708729582393063 -0.21786523297991633
-3.5418485367481383 0.7737761833893625
-3.652585313335008 1.7676259538834496
-4.261903319927641 0.9747000009458628
-3.503994948110808 1.6270610205737661
-4.443091170487578 1.9707153310627812
-3.865716683315275 2.7871947867519737
-3.7994126949756883 3.78499425614964
-4.771421741646769 3.5500508306413354
-5.531949940003227 2.9007459257586756
-5.469682232818371 3.8988054092775393
-4.82834654974199 3.131544996110698
-5.670244258066433 3.671182141531628
-4.9744194187590764 4.389393665389949
-4.53199930007445 3.492585749176515
-3.965792205835606 4.316848769354907
-3.0858274093481315 4.791887669807026
-3.0926010676756386 3.7919106112937504
-2.4476293830551397 4.556117079493148
-2.9927876106961 5.394450251230594
-3.7184722153855816 6.0824777612305
-3.0833595941853655 5.310058213062414
-3.5039174078961186 6.217323954357009
-2.8830570706528293 7.001245150420841
-3.3365475374081157 7.892506277454928
-2.501639965907782 7.34211610035198
-2.8661468921668964 8.273316777278888
-1.8737589148475338 8.150166046578725
-2.2613526088346445 9.071996360889026
-2.846695883194081 9.882781937451766
-3.4991542500818085 10.640606507836099
-2.7772617940081723 9.948601246393691
-3.462413403447105 9.220200757594267
-4.292061270382847 8.66191371951352
-3.2921617970175836 8.647734750444181
-4.252882156689957 8.370216479854683
-4.8203745043572335 9.193595150539736
-5.7525848494735285 9.555512091920155
-4.87167399504166 10.028794319078662
-3.957659818831205 10.434476566270135
-4.95748987871061 10.416041508322158
-5.491798633494172 9.570752117307672
-6.343560853190959 10.094680663101087
-7.2898747363966585 9.77143147988147
-6.692931898610104 10.57371525038623
-5.9645358246682845 11.258871553331876
-6.9042539245787555 10.916921421440318
-7.769345021157806 11.418536208522653
-8.411582682903232 10.652030640483016
-7.84154706697813 9.830410657414877
-8.717102427414567 9.347292855206117
-7.807309605158816 9.762355525861906
-8.075602529458967 10.725692905376722
-9.000789193155585 11.10520527318299
-8.730820414645292 12.068074349760726
-8.265519123294379 11.182921985324427
-8.408827696646119 10.193243930195443
-9.253456016536397 9.657890774568875
-8.646565465204187 10.452676191334737
-9.470838165890703 9.886483189874141
-9.98415840437553 10.744680330839946
-10.47940369094934 9.875927140269445
-9.791522153974253 9.150104165234353
-9.355551621936359 8.25014322430714
-10.332191649451687 8.465025184124292
-9.413115424344499 8.070945379461936
-10.394811067856313 8.261401840391784
-9.715770257164156 7.527301317701235
-10.14991048786796 6.626456014619485
-9.173158510300876 6.4120835016454745
-8.331636574563213 6.95230644791149
-7.699804740389439 6.177200949721337
-8.575624608900378 5.694562826567476
-7.6072998639396125 5.944257016120754
-6.862230098899467 5.277270475609612
-6.528181328041366 6.21982626636589
-7.366486260192666 5.674624614927815
-6.686198065323814 4.941679888552027
-7.677243547618071 4.808155164159337
-7.12315212911542 3.975699339540565
-7.964190842537939 3.4347244024828556
-8.164602588065332 2.4550126427011003
-8.65392571737361 3.3271152026812634
-9.456416011704427 2.730450030658596
-8.468245050818062 2.8838063218921803
-9.466078895214771 2.9495909627780565
-8.76800517825831 3.665616860141127
-8.153100433400558 2.8770154685931386
-7.8891137565846154 3.8415417950683026
-8.628013616625818 3.167726540839749
-7.679716669238045 2.850342074340469
-6.914397870632369 3.4939934834904562
-7.15520977514101 2.523421679528008
-7.509491453561315 3.45856043518713
-8.393959628776104 2.9919599132926287
-8.481307817956742 1.9957820708132532
-9.117501569769026 2.767311402825335
-8.27025347550788 2.236114013175445
-8.232350777633071 3.235395447754218
-8.863165678405764 4.011328796027856
-8.492765834350795 3.0824563852393476
-7.88320024082013 2.289720750122818
-8.215338346650414 1.3464899837376927
-8.23726033287943 0.3467302993536029
-9.16893431581889 0.7100257569548819
-10.122351682875097 1.0116800693649781
-10.511729371875308 0.09060188847648565
-11.243789991650138 0.7718413830559557
-11.434940243999367 -0.20971940519244703
-12.291517493962182 0.3062994073000268
-13.173905368626226 -0.16422332184902427
-13.516036471021959 0.775428905718963
-13.789499749743275 1.7373113492592265
-12.993925687022942 1.1314550043005678
-12.561613796167736 0.2297308618793974
-11.898249503826277 -0.5185657475251315
-12.58756225656662 0.20589814316199473
-11.622178981906108 0.4667335951345894
-12.200814449697047 1.2823198845082904
-11.331585664104866 0.7879098135166684
-10.624381508203879 0.0809004204557473
-10.236309325343436 -0.8407285617762198
-10.84003039575954 -0.043532933880761515
-11.791794055698496 -0.35036503066922303
-11.736468095947123 0.6481033154377476
-12.181292063340601 -0.24751470472058157
-12.126286104265592 -1.246000730895329
-12.866765787898542 -0.5739219869025983
-11.91491687926961 -0.8804895245544362
-11.505588327838096 0.03189752981611915
-11.13943398074271 0.9624516626333092
-10.509674385503514 1.739241757964193
-9.85913136887914 2.498711167171212
-10.454955551289613 1.6955962665157132
-11.422118181296558 1.949754577648855
-11.210855591698904 0.9723252358361112
-11.614255553308373 1.8873489901580847
-11.528421954447186 0.8910395034489915
-11.252584412297661 -0.07016476742214306
-11.485314320615966 0.9023766403205574
-11.0038631507413 0.025903725150719703
-10.963786845747016 1.0251003473317621
-11.566848608704479 0.22740585063604268
-10.843072930714989 0.9174411888259457
-11.500806456721614 1.6706918833273796
-10.591597860735863 1.254351002575059
-11.438598288352814 1.7859432105848283
-11.877261104158144 0.8872914793620265
-12.873500352922923 0.8006464609213281
-11.929284099452246 0.4713203813561062
-11.787981257544837 -0.5186460356848405
-12.490851894382278 0.19267166258487933
-12.910434010933539 -0.715045720453676
-12.558930606894947 -1.6512323241547127
-13.302311074118645 -0.9823635171751404
-12.32522565997434 -0.7695159344628786
-11.928644577700275 -1.6875156322745561
-11.42343419756438 -0.8245194145522862
-12.243445948185418 -0.2521727286673934
-11.856943022315582 -1.1744609093864438
-11.223378964451362 -0.4007706712532336
-10.295356040122641 -0.7732937603636518
-9.991465429330912 -1.7260006915196238
-10.986343722211547 -1.6249206125974505
-10.50752347186898 -0.7470076511588566
-11.31855354921051 -0.16200319506694605
-10.533975601188587 -0.7820333906846347
-9.615513103389006 -1.1775414691555488
-8.975332871383033 -1.9457662217825258
-9.694103734319839 -1.2505191818081869
-8.700906372525225 -1.134076060395982
-7.888278422410642 -1.7168588798858595
-7.127994049590095 -1.0672684916835191
-7.925540705301505 -1.6705257601548942
-8.671629616556093 -2.3363720911524783
-8.771494318276972 -1.3413710653488866
-8.396014996111285 -0.4145402940502655
-8.369913888964529 -1.414199602117626
-7.592832699623879 -0.7847992325809364
-6.662128197761957 -1.1505711973540047
-7.2859824017758585 -0.36903045488808506
-7.831439184532959 0.4691084942989061
-7.027975312167085 1.0644620076024167
-6.359601707350596 1.808287742828493
-6.8535520798632135 2.6777778402388352
-7.421303308481625 3.5009780239136714
-8.038327275774657 2.7140336651525407
-7.21032816436632 3.2747630753915646
-6.222135264282948 3.121548218981309
-6.811765398718456 2.3138748291970686
-7.416845721892903 3.1100392610245056
-8.005877893602012 2.301929676443521
-8.881669381578076 2.7846192967883874
-7.9880303907018515 2.335832761801293
-7.163470127298804 1.770058626640718
-6.5192872441945395 2.5349301276887553
-6.225488777018887 1.579062741130747
-5.565865326759488 2.330658978393738
-6.2685949636748095 3.042115974564878
-5.332196702309185 3.393055137542502
-4.387413660772999 3.7207516502270805
-3.5901970582355824 4.324445023255722
-4.517220650837517 4.69944803492283
-3.5224245105251875 4.801333456940364
-2.7762007644489026 4.135638240800218
-2.684162951098493 5.131393753420498
-1.705547991484182 5.337094411705978
-2.44630038549247 6.008872567625766
-3.436251102843763 6.1502853577674665
-2.4813191591422905 6.4471101931477435
-3.340844680713716 5.936017366190283
-2.3414726213802544 5.971450218511201
-1.5116042490346058 6.529409432594439
-2.1923978188102806 5.7969340982984
-3.0633191796198047 5.30551169009372
-3.672847520034969 4.51274741098502
-4.300074841263943 5.291583650193189
-4.1780822781523 4.299052635793411
-5.146499674282736 4.548387244044946
-6.127449547783482 4.354126219444358
-5.265410334261146 3.8472846324077454
-4.946535789744947 2.8994877001170853
-5.941665581578064 2.800914390310748
-6.828956309461169 2.3397038481364936
-7.4695733626479965 3.107564376596074
-6.7892722088055795 2.3746316784029338
-6.642020328289677 1.3855326521752611
-7.622879802448644 1.5802496056040671
-6.7512980972107375 2.0704998795403333
-6.698905749338576 3.069126457338282
-6.342484508968817 2.1348010860605444
-7.015197765768244 1.3948977990518248
-8.002826346987213 1.551709104637251
-7.579867975156447 2.4578582180276842
-7.568625741926018 1.4579214139285488
-8.063376685534601 0.5888866023137224
-8.703623523320475 -0.17928264121610638
-7.714244455060298 -0.03392425897200496
-7.071396430064884 0.7320694856235344
-6.849015447515567 1.707029330232737
-6.982771053640169 2.6980436781764183
-7.982647035818417 2.7137923372648918
-8.94405007367985 2.9889362973854205
-9.790314227674676 2.456172764790121
-8.819533535101712 2.6961411938126862
-9.819249616949707 2.7199688184213766
-8.952996741701092 3.21957461915182
-8.971284507707958 2.219741854328383
-8.24726585669325 1.5299614595773852
-8.859235918842671 2.3208423880570352
-9.75307932383388 2.7692216553673346
-10.474877513366277 2.07711806948748
-10.89856842496464 2.982924898468664
-11.029324787431603 1.9915103667643883
-11.69771195033821 2.7353239189813783
-11.894961632254377 1.75497063419881
-11.000770584721405 2.2026562052326377
-10.372839242619367 2.980924943912237
-9.699420029907433 3.7201857665928655
-10.304717740759097 4.516184938224177
-9.434941412290963 5.009631124182173
-10.0908716821171 4.25480963460612
-9.101715551910182 4.401677432554049
-8.136590057067394 4.1398897720265415
-8.727094894045594 3.332855672681694
-8.464170735312443 2.3680391684932216
-7.6041765131502554 1.8577353983252416
-7.277207207913119 2.8027703571668416
-7.775034319890315 1.9354940652157442
-8.55344852322523 2.5632450732169025
-8.799697066516329 1.5940383589773592
-9.68763585534998 2.0539999957305017
-9.476460222746976 3.0314481284693806
-10.18089007814361 2.3216745175018576
-9.481154421567282 3.0360763728435805
-9.658179197899907 4.020282768151183
-9.77737450867443 3.027411941764706
-8.989192349510889 2.4119699185193824
-9.984701839772406 2.3173081268648095
-9.793820495879904 3.2989212444186617
-8.84477800140424 2.9837731146774105
-8.162751140397214 2.2524459916572788
-7.489829080454313 2.9921593829394717
-6.798835195973883 3.715019986106255
-6.189649512340272 2.921992368140872
-5.76231996042926 2.0178964362489435
-6.365520794493656 1.2203070971877839
-7.362713321889029 1.2951874237551069
-8.249475754004981 1.7574128979425443
-7.404125469141597 2.2916253050255277
-7.567553159357572 3.2781806202870043
-7.630843162107116 4.276175798407602
-8.549313142634645 3.8806850970380755
-9.100085320870656 4.71534071924472
-9.900480845698857 4.1158684481303744
-9.566297201549842 5.058376427928575
-8.568825618412307 5.129442881569506
-9.559102256158486 5.268554997268039
-9.810578848147713 4.3006916165776214
-9.128993456164915 3.568953033861325
-9.393705084606914 2.6046254164160993
-8.571150065594825 3.173310954035989
-9.277611297216362 2.4655592120983374
-8.641237351151293 3.236939922752663
-9.226641429821074 2.4261982470773678
-9.628151407339818 1.5103435981548992
-8.895671788869139 0.8295546378117924
-9.048375271855987 -0.1587174129331862
-10.015883525810667 0.09412201937428738
-9.179035008626208 -0.4533125057391479
-8.27200322728924 -0.8743746717487373
-8.459904128442888 0.10781332010702083
-8.390175365844152 -0.8897526675180832
-7.479835452188816 -1.3036140472166409
-6.479879207885599 -1.2942593970892278
-6.783713231376436 -2.2469843763825015
-6.827797166047334 -3.246012207177986
-7.037233371087918 -4.223834520289217
-7.610037545438228 -5.043526766102766
-7.237770667905128 -4.115401035454296
-6.268176807650447 -3.8706813056480796
-7.263058873034613 -3.7696383643956706
-7.436095982458545 -4.754553669770813
-6.52808338013927 -4.3356108168309655
-5.812856552621643 -3.636718417960388
-5.11238642693781 -4.350400141857306
-4.660498777229 -3.458325283989062
-5.027445219671162 -2.5280832142141882
-4.135793278202883 -2.0753616493690314
-3.1382407806776946 -2.0054401599594063
-3.357479932870517 -2.9811113105761358
-4.298482032550171 -2.6427105889479425
-3.334819160642902 -2.375589138466267
-3.65037933173634 -1.4266835697085112
-4.258395823164115 -0.6327591739680483
-4.053083936173871 -1.6114557710094937
-3.3465716417515865 -0.903755002442609
-2.5472390175653032 -0.30286619749491317
-1.954257575473197 0.5023499283584916
-2.787982489208876 -0.049830085963318727
-3.7602144703353617 0.18418909033398592
-3.035596022077785 -0.5049611867789104
-3.9931220874724227 -0.7933079122499377
-3.0047935541152184 -0.945645399927782
-4.0047615586446526 -0.9376460301137879
-3.736932659951708 -1.9011125220194092
-4.527170320061482 -1.2883120320194181
-5.184564337487428 -0.5347650156677012
-5.30583908393487 -1.5273839938633171
-5.342613190620942 -2.5267075976461166
-5.990792539690851 -3.288195306962104
-5.617096701679751 -4.215746610477538
-6.252518114197885 -4.9879121552368595
-6.617591639601339 -4.056933465336014
-5.620503779880805 -3.9806720727580895
-5.334057978998488 -4.9387685204902
-4.411655131884707 -4.552539329935692
-5.1042473189475315 -5.273868701595778
-5.5207842416102615 -4.364749901845897
-6.268707061922534 -3.7009642023493377
-7.169820170516194 -3.2673801095591717
-8.142480166038556 -3.035146319790244
-8.751711002930705 -2.2421533895697454
-9.447783351494236 -2.960125036339484
-9.787764364407128 -2.0196927363525448
-8.858685964642085 -1.649809880450807
-9.687600852131254 -2.209184628986005
-10.288033532246779 -3.008859936000851
-9.476150079588592 -2.425040392563135
-10.08714153809572 -3.216677580693741
-10.638887574869239 -2.3826654039812456
-9.950914553145203 -3.1084016655666087
-8.978373556879026 -3.341133293373383
-8.522308062383352 -4.231079507888854
-8.278892328704647 -3.261157459166557
-9.119146801757017 -3.8033496949238415
-9.917696932739775 -3.2014213866450074
-10.59331782085972 -3.9386706087782115
-9.977499473116058 -4.726558775069765
-10.553516152150154 -3.9091208352391433
-10.106377341730747 -4.803585414871405
-11.098033998537906 -4.674678180745274
-10.14306803278803 -4.97139353973332
-9.249299556574133 -5.419922146319665
-8.539667211101358 -6.124494310302042
-9.298381507669912 -6.775917840873731
-9.012162370127363 -5.817753655932341
-8.32222418274639 -5.093885368470141
-7.3476702927763355 -5.318038698903205
-7.953893227533467 -6.113333457703018
-7.665234904232226 -7.070765634094075
-8.642318455662505 -6.857909500697845
-7.660141532141363 -6.669950752823353
-8.595447442853484 -6.316110600513059
-7.726472550535535 -5.821254422900807
-7.036555570907167 -6.545142923445242
-7.949858262620065 -6.9524243903817755
-6.979258353600135 -6.711725789200748
-6.438913018210627 -7.5531691435168895
-6.6001557249339005 -8.540083926833338
-7.5922419976869 -8.414525862914445
-8.517783305299972 -8.035879209817018
-7.844544123943324 -8.77530398941683
-6.8447122201283985 -8.756969210612022
-6.163709362622535 -8.024688452931713
-5.209339406056937 -8.323315286965391
-4.521356846679895 -7.5975880668661215
-5.211168712442656 -8.321576733802903
-5.787322949890689 -7.50423574335236
-4.800820967745317 -7.340486425114844
-4.555703677077565 -6.370992993566336
-3.6938188330883643 -6.878097041767207
-3.931760000479329 -5.906817472919687
-3.2917496840877982 -6.675183788496061
-2.7236371325313717 -7.4981346550513175
-2.245848658061366 -8.376609568559736
-3.0809104822319378 -8.926765682597305
-2.7912494484950647 -9.883894976650353
-3.595082621348575 -9.289040179056638
-3.8792254092833236 -8.33025820380644
-3.0159889545546275 -7.825458418517826
-2.420217650328825 -7.022304290681153
-1.4321862594071584 -7.17655723410006
-0.5154822378069592 -7.5761241706476445
-0.6634209846652559 -8.565120696009588
-1.2922691902020151 -7.787592603659737
-2.2736277844076622 -7.595406991350397
-3.132728737697399 -8.107213157839885
-3.1267393190832293 -7.107231094568416
-2.890128683517093 -6.1356265417090805
-2.0319039203456586 -6.648900597043398
-3.0283797463540916 -6.732781036842029
-2.041286771640257 -6.892929278389018
-1.0789662927298327 -6.621011467516667
-1.8805191911528518 -7.218935334768726
-1.5771673411018292 -6.2660567196919565
-0.6080028146751619 -6.019642189446328
-1.2852633271904481 -6.755385485839528
-1.7577041353793754 -7.636747887328151
-2.069212836332885 -6.686504587309542
-2.3601025951387644 -7.643261164617405
-1.3880095475238075 -7.408665540662769
-0.4223649251859829 -7.668531781929388
-1.2526919916851293 -8.225808160972068
-0.41548541334664646 -8.772694936444625
-0.48580690470836746 -9.77021931602272
0.25201813925437105 -9.09522731273573
0.3959886936664263 -10.084809284813984
0.3767514153716248 -9.08499433837449
1.0866803466945267 -8.380721016097745
1.5012872274131739 -7.470720392767874
1.373070534130283 -6.478974215783259
1.4514670762971753 -5.482051960952786
1.0184509212197466 -6.383438120954126
2.0183850842407414 -6.394912859447985
2.8266279278592683 -6.983762165925829
3.7011498318586318 -6.498776146101207
4.265078582637464 -5.672952700051735
3.269754054888594 -5.576365514247984
2.9555379875854513 -4.627014018199999
2.585528900611807 -3.697985883234792
3.552873223268017 -3.444519985282428
2.9869931772899263 -2.6200324028629995
2.586887316433664 -3.5365013331102118
3.2864869975493276 -4.251036347075841
3.0788980822602787 -3.272820193943459
3.185674602480994 -4.267103239524321
2.3910859643741524 -4.874251406112605
1.9695347638322305 -3.9674468046015274
1.0129257848046462 -3.676072026619969
1.7986802881487016 -3.057533539155739
0.8353197553037373 -3.3257433148102935
1.8093596547966513 -3.0993669154312187
2.7075151079076885 -2.6596888718050815
3.417823330857972 -3.363579650555031
2.678059871417297 -4.036446668677011
2.0592834313035797 -3.250879537770814
2.8825175704700503 -2.6831775454272604
3.6080374452738497 -3.3713787596551046
3.9307372897194557 -2.4248774070967567
3.01475443856123 -2.8260948249440476
3.673469175662303 -2.0737020451236505
3.9933469974498284 -1.126243244368458
3.121999872299162 -1.6169103285423092
2.6738235029956288 -0.7229651725076097
2.2997594597553097 -1.65036804696655
1.4689619014722135 -2.206942765356494
2.154504980633717 -1.4789107010806377
2.793189735720314 -2.248379208311423
2.7843213633149557 -1.2484185330992026
3.782321912523132 -1.3116237843065024
4.739164242844061 -1.6022313459872228
3.739213094379541 -1.5923469803278978
3.8374940310028762 -0.5971882706255509
4.108884396117975 -1.5596576310327763
3.265450957963294 -1.022423943144001
3.9938904945633307 -0.337313848693537
3.98783250277013 -1.337295498892896
4.968407412412575 -1.141150535715886
5.894735407899019 -0.7644325446694449
5.265693527554892 -1.5418039570413722
4.281486289589324 -1.7188240483761927
5.154383260404251 -1.2309194692399397
5.915455842822036 -0.5822527410258865
5.1206911735287814 0.024664980286634886
5.040826639740659 1.0214707067162165
4.553761950767398 1.8948366029792783
4.6980731466489605 0.9053042494186515
5.696202831830553 0.84417216652191
6.319999704181596 0.06258566328310866
5.631144335886265 0.7874844710974853
6.522879619049986 0.33492708825977435
5.863841705609367 -0.4171826302307099
4.9114290429278284 -0.11237101633802815
4.678504862593566 -1.0848659141218735
3.688408297653573 -1.2252539196423846
2.7927253940517867 -0.780560613873708
1.9185383259503865 -0.2949713121337722
0.9456605850986248 -0.526291223415037
1.893095230129849 -0.20634186274282312
1.4154546422081105 0.6722134677684519
0.7369443111921952 -0.062377391625178746
1.089023711892292 0.8735927444382859
1.9083761851262089 1.4468828320950182
2.733366650091262 0.8817361850053043
3.7325636723115507 0.9218025148360689
3.948187118106501 -0.054674074552285234
4.773760598718377 0.509620554263542
5.466110386912262 -0.21194148103756993
4.958970323638164 -1.0738051339562575
4.154259739751489 -0.4801378229303205
3.193034987682246 -0.7559039847584568
2.257933481271016 -1.1102839682612609
1.2903335865591166 -0.8577954660408206
1.6882611267578647 0.059621381826807096
0.7011552343672933 0.21968998339442877
-0.29556936672637746 0.1388192867567533
-1.210796044557431 -0.2641200736764673
-1.9453350751218283 -0.9426865130009561
-1.141917356634667 -0.34727071742538995
-0.22386845909548625 0.04919645867761968
0.23069531910636126 0.9399106505185613
-0.5826183990905005 1.521736050267314
0.3722480938669822 1.22470073144634
-0.023020412826808778 2.1432663565467247
0.6050301881613857 2.921438858372874
1.5900011926972883 2.748719084682845
1.0121618837313884 3.56486964249299
1.9635980414368897 3.87271576933332
2.855953099232335 3.4213816903775127
3.835934278080614 3.222291537172645
4.741584197457633 3.646317743358535
5.7074283562422226 3.387194103098352
5.72113408657025 2.387288031031493
4.868302944102139 1.8651012421938822
5.862180368794386 1.9755895433262076
6.77301122097575 1.5628097488660506
7.543339597586996 0.92516236026677
6.957164383084283 0.11497804919755505
6.0906136576723675 0.6140670595835606
5.441895600723149 1.375095891224012
4.605607022739863 1.9233854263554908
3.6243756905688747 2.116219740640958
3.028056168127893 1.313472565525555
3.168641805574714 2.3035410876712046
3.886643410190562 2.999582534547084
4.325197728916273 2.100877850278093
4.072564037344126 3.0684398471974785
4.414199590812875 4.008272358130198
5.400785556879377 3.8450298037498296
4.861403780071684 3.0029684646255497
5.860383576181933 3.0481278154127867
6.857938754986916 2.978244589676148
7.074687622577617 2.0020171938312306
8.045223539733772 2.2429736909626827
7.8163547069231125 1.2695164205250502
8.798255216022431 1.4589138603981853
7.90450809936317 1.9074850269517845
8.847618215889664 1.5750044890170307
7.8560405538888585 1.445491013961279
6.971821325759756 0.978418903247339
6.432992664027816 0.13600352275137118
7.034738579767548 0.9346911042815665
6.170702146047668 1.43812038551641
5.269053282363171 1.8705892590974513
4.602588991673131 2.6161262127322273
5.584207789942355 2.806978341052777
6.203466863122621 2.0217916114884535
6.3926019199682 1.039840528046911
7.082357653391229 1.763882673374142
7.701459092369328 0.9785716469296842
6.779697974795925 1.3663298733154454
5.816427498002246 1.0977968426885276
6.644210945854774 1.6588445799278646
7.401733474094042 2.3116536019319933
8.036072820057775 3.0847083180823467
7.2880943100656665 2.4209853724265673
8.157410139316978 1.9267283653815428
9.041190183693297 2.3946309547761633
8.177581925385562 1.8904675128422213
8.808503270949352 1.1146207137175637
9.011090456395506 2.0938849437867546
9.536265059386734 2.9448794422254965
9.966317870464486 3.847683174874029
10.964482283979704 3.7871207806691993
10.465009253960325 2.920791344321074
10.231514452310243 1.9484332942169011
11.223791216362692 1.8243896586623
12.077169092677423 2.345682474857344
11.910337173837728 1.3596971246333838
11.152131998611432 0.707681087821358
10.705082329068462 1.602190223024303
11.677993153601538 1.3710094982517296
12.512326427537884 0.8197491350814229
11.519198943651798 0.7027115310812937
10.627227982589345 0.2506188363589367
9.750700332746723 0.7319703493526855
10.265929007391172 -0.12508239862968062
11.185920658911101 -0.5170203543492488
11.53085471353035 0.42160656725694823
10.790064387080875 1.0933428936818936
11.507077591903847 0.39628330934961364
11.02307952990306 -0.47878575991262495
11.680567060250473 -1.2322511854217582
11.17306358550672 -0.3706014752012904
10.529206606257924 0.3945443868881654
11.313339793538015 1.0151369622594526
12.046221301479822 1.695493262529351
12.545447450018496 2.5619649889089486
11.666092307833976 2.0857984908080835
12.412444350700968 1.420247119306027
13.098321266594846 2.1479646855663876
12.28297799215958 1.568986840711181
13.0128210189225 2.2526016125568016
12.32564731507603 2.9790947651342528
11.347419315048892 3.186627846745127
12.106051150385573 3.838147407782015
13.096970707203456 3.9726034672060964
13.817027323618257 3.2786881487721624
14.797750908876973 3.474088377321906
15.177181001693333 2.5488679686271083
14.897381430042348 3.5089264041944053
14.185129541315055 2.8070024432097385
13.186139961728726 2.8519448494418045
12.360457056635653 3.416079354889808
11.425456203551853 3.770724818321339
12.162182630783866 3.094533890093257
11.175467674258499 3.256994945639334
11.883867940088049 3.962805871718426
12.579517915575682 4.681186767625364
11.65435224172044 5.0607503010686825
10.672398885654804 5.249873558526444
11.491040616514617 5.824178108826065
12.059214623864008 5.001269670801194
11.518122674960846 5.842233108075477
11.043216329606723 6.722269450019598
11.019084622699195 7.721978237978236
10.033964702017117 7.550109852649989
9.926235894044968 8.544290170264906
10.328128992535868 7.628603576836028
9.708794825137794 8.413731075458598
9.29646035554024 9.32476361339657
10.275577630125552 9.52805985686563
11.079267573456498 8.933011560515911
11.25173599249727 9.918026608336795
11.123936597323874 8.926226570731778
11.568453915412173 8.030456313400364
11.533200745116345 9.029834727207714
12.373802125774503 9.571488970092968
11.594578448283603 10.198234899826506
11.003078529781865 11.004539957737244
10.025971929073647 10.791789656086621
9.721439818905516 11.744291726360773
10.710831299195934 11.599017851459825
9.753921048246385 11.889401686457008
10.003950197749129 12.857639996171581
9.360772856824505 13.6233572469379
10.138599557424504 14.251836064268858
10.888115594585685 13.589849878583536
10.816423078099433 14.587276659394973
9.900503048997283 14.988637469999992
9.113588041186329 15.605698869280392
8.478796373034163 14.833015533078175
9.478122258448956 14.869727584777044
8.609378904435477 15.36499012611993
9.20692976626082 14.563159116784552
8.52750043908756 15.296900072011185
7.530997114404238 15.380453192210762
8.530925179130005 15.3684588029482
7.582362274880032 15.051870084449172
8.582250529702709 15.036920908295873
7.614635603581082 14.784490017265004
7.15178009609701 13.898056275132145
6.407210915044822 13.230510969832741
6.705070786286098 12.27590136528011
5.757333331872113 12.594952642508238
6.632614861050901 12.11133890751052
7.203748600359819 12.93219593027576
6.775502949624735 13.83585829124167
6.129199368857389 13.072777901317185
6.586336174378333 12.18338150991563
7.256745130245763 12.925373310337132
6.8553008076939355 13.841256739541365
5.938106450155561 13.442816643040311
5.450521213565562 14.315892033289902
5.752169615519348 15.269311270351295
5.765462812283811 16.26922291190758
4.879810285690269 15.804874333640697
3.8980025388045507 15.994752052594738
4.166452257470805 15.031458354625105
5.16625407273258 15.051366398207
4.759149196964442 15.96474781915107
5.722990305467473 15.698270207409205
4.734613308620037 15.850292942889272
3.7426713664191618 15.723599678258685
3.0066372875077283 16.40054416245292
3.959754518804852 16.703145456905713
4.956081367645221 16.78877728673447
4.371580542507679 17.60017040071408
4.266836471019243 18.594669611114988
4.488441614215628 19.569806094131035
4.876776666622759 18.6482878430519
4.96253791791934 19.644603559969006
5.200893717329994 18.673425660257884
4.91003797493524 17.716658741350255
4.5107458139313525 16.799835001386654
3.7062707918550695 17.39382148175078
2.964106283045585 18.06403923879962
2.617875573404076 17.12588983934283
2.41740719218401 18.10559001191146
1.935578792265053 17.229324416882452
2.847948443468014 16.81995707626551
1.8642850995615983 16.999974924977376
1.7703938702903752 16.004392463768895
2.7694022048084386 15.959868901878082
3.18992562652603 15.052587219164863
4.188273415110333 15.110047579665222
4.59752435496891 16.0224694493203
4.805465381498085 17.000610814096373
5.799780547437586 17.107087810591878
6.1406474044622446 18.047199392151285
6.830970193980239 17.32369787434217
7.830920089394501 17.31368754662488
6.959848535717851 17.804843681041774
6.445598312359852 16.947203483886668
5.551783525359397 17.395639796577033
6.457778755935526 17.818927691718514
6.126852810083354 18.762584418691752
7.028716087393445 18.330562857841485
8.017329263165097 18.180083660971324
8.633278307790789 17.392297665649817
7.712557722959645 17.002075159035712
7.826296759105588 16.008564498973833
8.811422795003725 15.836731168692355
7.867145041732842 15.507581469197287
6.900436335003292 15.25170205163253
5.965216005699783 14.89763576453725
5.737235297189194 13.92397011527822
5.328278312952085 13.011416453818418
6.069584804702254 12.340249793972255
5.468432927519885 13.139384588960006
6.127359939555076 13.891591470615827
5.395818362426862 13.20979463802362
6.03785700366907 12.443122359177007
5.905819319908085 13.434367056548465
6.566302720195082 14.185207704053198
5.77761867095354 13.570408980508683
6.118335644411257 12.630243067492362
5.132615705544413 12.798636066516504
4.185543757068931 12.477614689641296
3.6089846964017926 11.6605592144362
4.065181479998793 10.770680293101531
3.997343825350179 11.768376666058643
3.168207849916135 11.209329678551299
4.109053015368433 10.870492882076894
4.755286059637107 11.633633008459489
4.709371611823829 10.634687632834774
4.948971085739795 11.605559453467752
4.983486762691549 12.604963609975298
4.102997019129529 12.130898412473849
3.116990887365094 11.964189360161338
3.1768326378604144 12.962397236757019
2.9294074226589197 11.99349024282907
3.7258573758534563 11.388785792658227
4.651699566954896 11.010875436652357
4.071567087156834 11.825397570104451
3.340583605438846 11.143002413721108
3.2439479251764576 12.138322234331662
2.4538563329619754 12.751311040030416
2.8427096191578913 13.672610731669698
3.529616064297278 12.945864878137687
3.2434344359829566 11.987689489382912
2.600103979003903 11.222100877187614
1.6865625430888813 10.81535520128396
2.660670233649887 10.589270687904774
1.7575470634906418 11.018652265899819
2.6749438871811124 11.416625968401172
3.379268163173885 12.12650434829963
3.764220635751237 11.203567950785379
2.7647218698347342 11.235225760744187
3.42513829246278 11.986125320421229
4.144547492043985 12.680711818676073
4.327419678939853 11.697575122554968
3.327421245013153 11.69934490902477
4.312761678738564 11.528745291012834
4.411337231479194 10.533615721357767
3.5044443730314883 10.954977019173015
3.6113216188291912 11.949249242626278
4.558668325382101 11.629039596326615
5.087689061829312 12.477648493527706
5.19586541210701 11.483516773260922
6.031706199047174 10.934544844208764
6.387380355166685 11.86915486698226
7.312737181991192 12.248252140843837
7.903044589006268 11.44107361955927
8.132041701997178 12.414500721217031
7.160282677085656 12.178525304058786
6.371461333440635 12.793147861251462
6.514697673464141 11.803459349194931
7.474025102531121 12.085755087454897
7.442859234534793 11.0862408611069
6.464814887513004 10.877843991507754
5.479300309139431 11.047434721835677
4.787991256951246 11.769993919661482
4.8791431013022 12.765830925035063
5.076436628180375 13.746175387074794
4.961760206169005 12.752772488833266
5.943843095361317 12.564323029413288
6.457679279663301 13.422211352974099
6.302948143209509 12.434254736815415
5.313244464582073 12.29112322906355
6.011770233932573 11.575538328752417
6.957563702533359 11.250769619126483
7.40902795391345 12.143058826573158
8.39959455755039 12.280090953314211
7.935473197809198 13.165862573672408
8.912782012572317 13.377682026476696
9.909788744503782 13.300367238218966
9.075982365101385 13.852424229541299
9.579977175090402 12.98871754813601
9.634939013008147 13.987206003939434
10.304915127448165 13.24482334918526
9.451210901836099 13.76558154179686
8.47049930290224 13.961041920688839
9.4596541973591 13.81416580019256
8.754212620359352 14.522933873288483
9.69773768029421 14.191632709277663
10.608866047969522 14.603755382297871
11.20212046718265 15.408770409539036
10.365214484135953 14.861423741018399
10.80984138095994 13.965707869427037
11.336882408956003 14.815547710108122
10.660172843412624 14.079297641244226
10.669901934748028 13.079344969973336
11.231010297902587 12.251602615857026
11.268438844744386 13.250901922311959
12.22796841179153 12.969294021211292
11.595694329598691 13.744038808213569
12.189423427614688 12.939373810733803
12.584532259096227 12.02073949214708
11.77119171330518 12.602527388697295
12.688605423959281 12.204592615771034
12.081808103339274 12.999449213962418
11.083474375127201 12.94174507967221
11.84971967375335 13.584293243106924
12.619192167714854 12.945613291146113
12.886810620544694 13.909138259014078
12.012851682868876 13.423138490231668
11.341238543909665 12.682236478102295
10.598681720028246 12.012453406274453
11.57855994017822 12.212049682982506
12.261677104207546 11.481740885138382
11.300058007325415 11.756128772100606
10.767939110740226 12.602798412454483
10.08530852270439 11.872034784269658
10.892866984755772 11.282247254417419
11.699803391036125 11.872885583870689
12.01155781792676 12.823048294838706
11.514479792858092 13.69075414188241
12.415659045046485 14.124200742313384
13.383826007061465 13.87389546138091
13.901597642071712 13.018376593103408
13.534032044516247 12.088378995529256
13.904751538643843 13.017123877977488
14.751641844510946 12.485356250316377
14.466335002570698 11.526920020856075
13.710676385690139 10.871954331117932
14.33558886383892 11.652649146429235
13.437552225992638 11.212728475073881
12.533758847954921 10.784759399304178
11.59654773592498 10.435996827505537
12.290860794026308 11.155669932012009
11.627334443446978 10.407517018439606
10.86474252836622 11.054396892182375
9.8757353480366 11.202264391168642
10.797271245227769 11.590557566730697
9.803535847263703 11.478799082340476
9.458234170703879 12.417290825599293
8.852586334602238 13.213023631650042
8.148680543648966 13.9233169777138
8.800492157727218 14.6816978976694
9.010013139305634 13.703893746380187
9.918437099700583 14.121943872776962
9.67185216132601 15.09106505620389
10.606831472525174 14.736362804125426
9.816886395898443 15.349540409647014
10.213952722469791 16.267330326950063
9.321514303473316 16.71849955052263
9.886514248531752 15.893408608817435
9.982759664867524 14.898050974680661
10.980345296116152 14.828603812562424
10.086435915795843 15.27685153400154
9.741270415191774 14.33830969839018
9.034113973688779 13.631252581007983
9.86415089405162 13.073544134922962
10.68716652808843 12.505525415045714
11.399565436176072 11.803750667882827
11.246769832553323 10.815492855612385
10.269615214480803 10.60296320502323
10.624428719746813 9.66802610741674
10.827982837113769 8.688962411172742
10.037395395307923 8.076613248636457
9.240836544769838 8.681174244425504
8.439544232012487 9.279447283694346
9.43074820034418 9.147104194855123
9.811118628599585 10.071938416382851
9.558963914908079 9.104251483349675
8.735088928980879 9.671023048941542
8.440448090450653 10.626631115185337
7.7449787527190574 11.345186889134148
6.803319658863041 11.681755085727744
7.159716310678827 10.747420334915972
7.929484438184456 10.10909672586138
8.812962226671985 10.577569774444953
8.443397417331036 9.648364817669115
8.858363790693911 8.738528069137784
8.746582615342662 9.732260914945496
8.80901120377895 8.73421148162776
9.264261740656368 7.843848101499836
8.891234098713191 6.916027871958405
8.094502599907617 6.311694421940103
9.051618836111256 6.021990244553275
9.991174066351592 6.364387629660157
9.264575784223751 7.0514501715068745
10.245930584369747 6.859245186580851
10.531935143807228 7.817473443303106
11.361165726273631 7.2585667953712445
10.504803258946966 7.7749419734677385
9.643104233499042 8.28236171051203
10.637727477886752 8.178802057540103
11.288980083098707 8.937663075253257
12.14038983632553 9.462164202144553
12.578580108866072 10.361046444182323
11.639162611510011 10.703821539049606
11.145415758859906 9.834215855134122
12.031318281161814 10.298087303898884
11.896568678139783 9.30720762175508
10.965860476264226 9.672970171726462
11.713807662758194 10.336728415528944
12.71358857109085 10.31579673299914
13.61763794698218 9.888368697008872
12.880410760348706 9.212723764156939
13.441358439627722 8.384872508730286
13.23971102814958 7.405414331244302
14.235931943511883 7.318558774169946
14.477439861269668 8.288957622922508
13.655830861305201 7.718906176842954
14.6082734750528 7.414188163726491
13.704578529358576 6.986011278401379
13.844772019170394 7.976135404667567


0.0 0.0
-0.9661260515540829 0.2580706347272343
-1.5914816675808452 1.038410530864673
-2.5913283343978915 1.020899310037942
-1.610452168897229 1.215532164285927
-1.9231544266965614 0.2656809664832396
-2.627006625443721 -0.44466548583336696
-3.341126663746321 0.2553577787048147
-2.367486409089169 0.4834469159103296
-3.3155075804725183 0.1652396585937454
-3.9719064807831623 0.9196536587759907
-3.036366808960482 0.5664320251719434
-2.5895606191521567 1.4610628030624468
-2.897074720606116 0.5095192794089232
-2.082599097315115 -0.0706784964095779
-1.55916505734575 -0.9227446944255238
-0.8371094113677405 -0.23090971113017233
0.10314372016087148 0.10956649751095843
1.008251446641194 -0.31561582040174796
0.24479619775364314 0.3302449099001088
-0.28951982086189587 -0.515039889591068
0.07476598850434579 -1.4463270897041063
0.9948398198046349 -1.8380720896165583
0.4044356244420988 -1.0309643606866983
-0.35342364795358383 -1.6833824193299938
0.3963697521423396 -2.3450544356436613
1.251603699710519 -2.8632965556290486
2.0549192737485473 -3.458850153979317
1.9302229287647283 -4.45104510536119
1.438570737817012 -3.580253440761493
0.516782451242912 -3.9679470759101565
-0.2066852484467534 -4.658305307197177
0.31965966835690374 -5.508576457216365
1.2813766482712081 -5.234531843066571
1.932631967989513 -4.47567315494433
2.734418526231933 -3.8780626505003615
2.6379333090496004 -2.8827282328972736
1.813890463838322 -2.31620074966623
2.456955966243864 -3.082011927187104
1.616744266443427 -2.5397534099478993
1.5554606062973193 -1.5416330199151655
2.1241415712964424 -2.364191200257241
1.2666763196121174 -1.8496493242607996
0.26806412482547737 -1.9023151046443643
-0.32675949899595136 -1.098458863427103
-0.8572830195063781 -1.9461290788913619
-1.4314971749400769 -2.7648342173261735
-2.2778741687155084 -3.2974184683209464
-2.2063179990576844 -4.294855040030597
-2.7547559134243 -3.458663761622841
-2.976463939212997 -4.433776858294647
-3.7787827416178446 -3.83688110583225
-3.060290495033048 -4.532416073750853
-3.6455023164625318 -5.343296536001107
-3.5318863620414964 -4.3497717930273865
-4.471312653375179 -4.692522785952342
-3.479288450169884 -4.566475254223632
-4.401811607924795 -4.952416989989416
-3.430776390575232 -4.7134805828286686
-3.8043825805013807 -3.7858931665444313
-4.7762509689352415 -3.550368570030669
-5.695156462286222 -3.944846318819358
-6.156119761746338 -3.0574271188068485
-7.09991637694232 -3.387953894037853
-6.2043290226886425 -2.9430681886022914
-5.435607991588434 -3.582652410065135
-6.04709847226625 -2.7914006220479375
-6.671242200928944 -2.0100910764957094
-6.189035335201238 -1.1340336933037967
-5.466427703640996 -1.8252921187937843
-5.690162156983918 -0.8506419793143176
-6.681221496060893 -0.9840638157141766
-7.64358152464395 -1.2558416208889513
-6.947689651359239 -0.5376950476211428
-7.68856571444079 0.1339467163816498
-8.620451401198011 0.4966987898657627
-9.459861017439518 -0.04680051662991719
-9.034293532002035 -0.9517272072178442
-8.329820571671755 -1.6614580351825678
-9.12792379779244 -1.0589372965720556
-9.721127274059008 -1.8639898636415975
-8.884577658250524 -1.3160986880504215
-9.463227595023884 -2.1316747118962596
-8.936808823522215 -2.9819001390687676
-8.285202905173183 -3.740457801460041
-8.348077242307646 -2.7424363499220985
-7.462913109457134 -3.207715253285448
-6.659213070668463 -3.8027499141675585
-7.383359897567868 -3.1131040825325638
-7.743798545495712 -4.045887005339337
-7.543562749054215 -5.025634741148632
-7.191795859207769 -4.089547108921949
-6.4796980294287385 -3.3874668565120167
-7.09381386519421 -4.1766827586972655
-7.796482732343595 -4.888199774051784
-8.446551029953454 -4.128323989174664
-9.176866381334346 -4.811434146863309
-8.313568374185234 -5.316128659268956
-7.649487163269959 -6.063789107139045
-7.429072404718429 -5.08838286653328
-7.797925543852891 -4.15889517874465
-7.609651087077009 -5.141011632596101
-8.320912229906888 -4.438083765243885
-8.731073888860369 -5.350096601515682
-7.735089269249852 -5.260572093701928
-8.010060784537382 -4.29911972058068
-8.422995170427384 -5.209880497596053
-9.264375693080815 -5.75032366398771
-9.159678243971436 -4.755819544262714
-8.169082587825573 -4.892641494347293
-7.3540984699245096 -4.313158200740803
-7.700969568565874 -3.375245389799758
-7.3181803417833375 -2.4514096858679233
-6.719742263417044 -1.6502406235837777
-7.47672022532793 -0.9968002168279348
-7.951831577726908 -0.11687453654487034
-8.435120654192417 -0.9923353686608
-8.239182942584414 -0.011719025145243922
-9.222660878995821 0.1693090074683802
-8.22871598210768 0.05942933714660956
-8.004642780881676 -0.9151429795607403
-7.947444540644164 0.08321986095052969
-7.775515118897907 -0.9018894090992438
-7.286073137075091 -1.7739252721400671
-6.412565566339789 -2.2607358347494997
-7.40133807283396 -2.4101645147317416
-8.326304293649143 -2.790213840939381
-7.401583912498991 -2.409566738381754
-7.923763901937784 -3.262402044070784
-7.411498721517753 -2.403574712804928
-7.948670706173386 -3.2470474503021918
-8.811311724005034 -3.752864091343567
-8.949712303178758 -2.762487758990871
-8.93474598512038 -3.7623757573805787
-9.374425613874697 -4.660530434515016
-9.758843004564824 -5.583689830142333
-10.680484946716586 -5.195648427110739
-9.947130035853641 -5.875494420489536
-9.465846318675673 -4.998929543495621
-9.88754829099709 -4.092195047328068
-9.47682649016729 -3.1804343318313277
-8.735009688419003 -3.851036921032967
-8.713734707363358 -2.8512632590568767
-9.583473398448273 -3.3447757809141203
-8.841580424707239 -2.6742574623622075
-8.439092748972982 -3.589682866686359
-7.699715263064778 -2.9163917458982827
-8.55607931167208 -2.4000191902246577
-8.33296121643135 -1.4252277686496888
-9.331152567421633 -1.3651109922208582
-8.675819066822005 -2.1204506528979845
-8.524615502594093 -1.13194800638419
-7.790839688186031 -1.8113396858959314
-8.705583713034082 -2.2153735570067443
-7.923241663009657 -2.838222589087216
-8.66997505630516 -3.50334606584727
-9.364388192538259 -4.222922605366808
-10.050328571405347 -3.4952648584557506
-10.170728392927955 -4.487990340639684
-9.997570119475489 -5.472884351350969
-10.982937698088948 -5.643327113055439
-10.026090201594036 -5.933917664263526
-11.025704074281798 -5.961704451234602
-10.104362271275624 -5.57295095345827
-9.66845991367728 -6.47294491712703
-9.45046439663759 -7.448894687632971
-8.807149193195002 -8.214496117242152
-9.451458939291195 -8.979260754948067
-10.172517649024485 -9.672134724092357
-9.543074732387103 -10.449181450290355
-10.36989491163065 -11.011647797013133
-9.640224890454913 -11.695447226815029
-8.702906157030469 -12.04392045673606
-9.424736487310238 -11.351850392155747
-9.913512094780353 -12.22425993218968
-10.843009509104744 -12.593088560097371
-9.958096251069982 -13.058844425067745
-9.41645374012108 -12.218235484874405
-10.245458545711216 -11.658994005450301
-9.523198733854167 -12.350615841554557
-9.585582414214516 -13.348668082884988
-10.57008488538003 -13.173297377609002
-10.094607564381302 -14.05302535671156
-9.875684749190247 -13.077283177143196
-8.97188197833984 -13.505232416426459
-9.739959052245807 -12.864875009551168
-10.723775054453952 -13.044056687741719
-10.194406860270822 -13.892448881828447
-10.2725886250164 -14.88938800317
-11.23157408129189 -15.172843281215918
-10.66070282632794 -15.993882872378174
-9.672151068548203 -15.843000725685496
-10.664063630210265 -15.716077638672122
-11.581281567283378 -15.31769182578298
-12.141814557958014 -14.489559731026747
-11.263160943196342 -14.967019494008136
-10.524024867065709 -15.64057562452898
-9.925955420165883 -14.83913134281943
-8.929540382356931 -14.92373082525393
-9.892551551159656 -14.654269346075163
-9.464132918056736 -13.750688981741018
-9.859988079134801 -12.83237602231604
-9.107219325645024 -12.174090974810444
-9.940001386796604 -11.620490000620434
-9.229245228228427 -10.917051529212017
-8.230332349879522 -10.963667636607479
-7.331085113156481 -11.401108383733277
-6.401079516081365 -11.033563026792182
-7.143413919927172 -11.703592602905722
-7.954328119715533 -11.118427531680856
-6.973194490736421 -11.311758341657637
-6.327720586333031 -12.075540665840544
-7.15923042714274 -12.631050687925306
-6.275519571866667 -13.099083939166317
-6.074314679540653 -14.078633116749595
-6.789642055256799 -14.777422602611432
-6.3677113782552315 -13.870794506970778
-6.431375950864515 -12.872823153577066
-6.102326397598037 -11.928510497993582
-6.8647454768162 -11.281426927158925
-7.58484521944234 -10.587556362377736
-7.267650654572071 -11.535916846590759
-8.139797996536906 -11.046673539121283
-7.5509146793954365 -11.854891603007793
-6.685121980876781 -11.354488762096807
-7.178989043426457 -10.48495134224154
-6.181239364607904 -10.417902267546403
-6.3552621245684655 -11.40264389813572
-5.600579524766776 -12.058733963261357
-5.966479304498041 -11.128079703510394
-6.504881534367631 -10.2853917192176
-6.795825770634119 -11.242131731646948
-6.050050891053411 -10.575933691281788
-5.603219454830623 -11.470551859889536
-6.581235396156325 -11.67908199802981
-6.492484186597612 -10.683028172776442
-6.1742452275670505 -11.631038702757595
-5.482046326211304 -12.352745485988773
-6.353989833283786 -12.842351981527935
-5.996545779354791 -11.908417429050726
-5.169594650937758 -12.470691233535513
-5.892910049383138 -11.780173431902709
-5.707242347104357 -10.79756084073032
-6.512960563509111 -11.389859883236335
-6.793417018005243 -10.429993133561434
-5.9328528450108315 -10.93933516418373
-6.826015892256971 -10.489602164467243
-7.627315366831241 -9.891338717441604
-8.084497940489646 -10.780711583197625
-9.010873220679702 -11.15731328294524
-9.966273025093033 -10.861997835115346
-10.641784430691116 -10.124648297306512
-10.23108072154462 -9.212879432246233
-9.754265924808074 -8.333875649766835
-10.404144839070351 -7.573837889654035
-10.854863883301782 -8.46650375276694
-10.135625744018979 -9.16126738091756
-9.227062645013644 -8.743519735650919
-9.789227168059785 -7.9164943134126995
-10.506224937468735 -7.219418852172963
-11.045684167506776 -6.377407130682839
-11.826434826587061 -5.752564423799177
-12.507428775100898 -5.02027538107934
-11.519257788526836 -5.173631506790851
-11.596298036198878 -4.176603523112043
-12.498997738935664 -3.7463323915229965
-12.827133036046323 -2.8017016558436523
-12.849947728131838 -3.8014413668810016
-12.537207634783634 -4.751280107937902
-12.743084120759427 -5.729858092833464
-11.773619404803826 -5.48462725358781
-10.77857884090021 -5.584097229894103
-9.97587639972732 -6.1804769670876825
-9.46583486498721 -5.3203271935947445
-9.045287618074918 -6.2275978329932045
-9.927414721489365 -5.756586396378724
-9.697419239130292 -4.78339469990037
-8.709289407622583 -4.629773620342433
-7.760482061448037 -4.313918242289097
-6.99990394667978 -3.6646718088483246
-7.517602279967302 -4.520235036033388
-8.11068681345501 -5.325375232606424
-9.090367469162176 -5.525938970189204
-9.843460898961307 -4.868025384683189
-10.456869524648338 -4.078259686559532
-10.552528046055379 -5.07367389546064
-11.04869998107063 -4.205449609401317
-10.06826111139016 -4.402273446422357
-9.074658003648883 -4.289344865952777
-9.757603003254019 -3.5588750667725915
-9.000354866970092 -2.9057477743597575
-9.892829839153604 -3.3568446863709576
-10.749433313941251 -3.8728199638617786
-9.89481553980271 -4.392077568646232
-8.95725433675283 -4.73989791097207
-9.119388832637139 -5.726666579528354
-9.75616107527836 -6.497718530438064
-10.502193436241168 -7.1636282213093265
-11.413362314589923 -7.575661320864046
-11.725801016362864 -6.625723397821472
-11.450291967708994 -5.664424919662976
-12.428482181075381 -5.4567138066376435
-11.657151637602595 -6.093148557971963
-10.976191131869493 -6.8254686994618154
-10.9517511405891 -5.825767400659911
-11.577212056828749 -6.606022898722346
-11.658693483018263 -7.602697759038448
-12.14083796101698 -6.726606038762914
-11.64343759115781 -5.859084931201858
-10.738896568502652 -5.432698324547802
-9.739410230313393 -5.4006505512550325
-8.876180207806488 -4.895839766660716
-8.148764318536974 -5.582036621825648
-9.014073366008455 -5.080797903883789
-8.748128251614473 -4.1168097316897665
-7.758512450044276 -3.9730718964389955
-6.951759423616159 -3.382183113038029
-7.777649983610347 -3.9460135688600673
-7.261702416212373 -3.08939340350315
-8.052876462028427 -3.7009844672271512
-8.972365402922374 -4.094100337644164
-9.685804322479438 -4.794817761475804
-9.516399063238483 -5.78036423838164
-9.113683773993577 -6.695689533458966
-9.932287642506326 -6.121331016105945
-10.777160423145256 -5.586363741840085
-10.70205053983251 -6.583539004985308
-9.856612442147961 -6.049465580273375
-10.73772331948439 -6.522375319906032
-11.407877810789628 -7.264596956469814
-10.515591861048401 -6.81312626650822
-9.72009815858128 -7.41908812119476
-10.263191265108105 -8.258760603560976
-9.31280925487447 -7.947675350576725
-9.171325335912167 -8.937615904688471
-10.000108629530132 -9.497185607424205
-9.135785284725292 -8.994249075021385
-8.340241495729385 -8.388352978491596
-7.349722033182247 -8.525725444129106
-7.07802989606198 -7.563341226351705
-7.775612310042407 -6.846836672489526
-7.2666751450373 -7.707640344691594
-7.228683277635699 -8.706918393090206
-6.24633434259599 -8.893976057531816
-7.024134169217989 -9.522488133554853
-7.635175898968261 -8.730889747690028
-7.193324619048757 -7.833801431840637
-7.450029499915749 -8.80029126838268
-8.08869727090009 -9.569773872673311
-7.498348078964704 -10.376921834066534
-6.528722160550267 -10.13232915564185
-6.978116626417164 -11.025662583902657
-6.629635107325907 -11.962978235565345
-5.838145087696281 -12.574160326947853
-6.4886802287614715 -13.333636482096448
-6.279787986545465 -12.355697817791796
-5.510894806792596 -12.995075075855862
-6.204295133450035 -12.274522519138895
-6.606380334429366 -13.190124775117663
-6.88038841277451 -14.151852165286833
-6.479042883623359 -13.23592543992591
-6.537529782241697 -12.237637263751312
-5.976387326206289 -11.409918021474953
-6.869103700660634 -10.959299030773174
-5.872625171332585 -11.043147349708063
-5.925764876362556 -12.041734437422162
-5.808458165965105 -11.048638704022945
-5.0457283762178715 -11.695356005347211
-4.095249655804212 -12.006145648097435
-4.518605289806798 -11.10018206872006
-5.12485872178706 -11.895453579722531
-4.58410137194647 -12.736632210331619
-5.4297272997714465 -13.27040818411664
-4.49102640790107 -12.925675482445099
-4.290516510778292 -11.945983805867304
-4.892813787130438 -12.744255683675101
-4.564854959886607 -13.68894770101877
-5.5400434180592235 -13.910324011962185
-6.296456409889756 -13.25622968712059
-7.283137743188307 -13.093564550965993
-7.244632828695305 -14.092822961768668
-6.415579305942325 -14.651992217371008
-7.233342173743155 -15.227547507544038
-8.069796535963057 -15.775584093843984
-8.740232903724984 -16.517551125983683
-8.15094123422116 -15.70963075351286
-8.732401077859844 -16.52320585775074
-8.76607073659957 -15.523772841445819
-9.597210811215756 -14.967709736783227
-8.59722738116486 -14.961953034285767
-8.186729130200284 -14.050091649011106
-8.259369835058795 -15.047449823388625
-7.323605753584906 -14.694823131512742
-6.482606675583755 -15.23585968369865
-7.068887671720028 -14.42575191705926
-7.892998377019021 -13.859323152419261
-8.885701799518886 -13.97990472214306
-8.00001501883271 -13.515621482603057
-7.606799609853293 -12.596175104535718
-8.303667057143858 -11.878975159676036
-9.094819538756905 -12.490594118536468
-8.122895264177666 -12.255300250185376
-8.914226844665121 -11.643913032684695
-8.90257590094332 -12.643845158136413
-7.914183205696276 -12.491924521018595
-7.947740036735331 -11.492487710064237
-8.934240444598277 -11.65624651222839
-7.9508324256770235 -11.8376539771282
-6.955891644031591 -11.93811710976289
-5.9654712984611 -11.800031849579085
-5.067384197923648 -12.239849493436436
-5.969945948332791 -11.809289060165586
-6.630736696182664 -12.55985923513659
-6.582438494526635 -11.561026274268361
-6.04739113527631 -12.405848340362313
-5.064587924363579 -12.221192312516957
-4.0655544553211636 -12.265148287458675
-3.2065964822564554 -12.777194379630629
-4.206343837029375 -12.754717132811919
-3.209932773337012 -12.670070856157519
-3.791248822649534 -11.856393001714078
-4.092528127796776 -10.902857066214008
-3.2992800809936846 -10.293958440625905
-2.3564485295880537 -9.960688781529775
-3.3542338918065537 -10.027204726554235
-4.107531191815426 -10.684884875106206
-5.1058958866963575 -10.742050739179998
-5.5311520349016 -9.836977698805
-6.486263345072689 -9.540730529732846
-7.363099446765406 -10.021519933493286
-7.607445531614507 -10.991208022942113
-6.717965547366758 -11.448182155276344
-6.764399386562117 -10.44926078771152
-6.014566895877337 -11.110888504719702
-5.31749670480313 -11.827891397821096
-5.167772881702346 -12.816619255624286
-5.869191330280313 -12.103869537985283
-6.694448989599835 -11.53911313409555
-6.8401254697906335 -10.549780852645469
-5.851930532515732 -10.702982569164094
-6.8383859326992855 -10.867012272110562
-7.360507121669424 -10.014140966444574
-8.242479056080597 -10.48544289399316
-9.001386507635333 -11.136641389057987
-8.03636399371637 -11.398808411449295
-7.444367290432896 -12.204748795908033
-6.94223126323716 -13.069537446499657
-5.985877503556161 -12.7773260737846
-6.97102513575494 -12.605616601788617
-6.016610122746168 -12.904099403543535
-5.192662778345584 -12.33743303463214
-6.1889549697542305 -12.423467151923811
-7.166878359033443 -12.214503411766199
-6.222907872968862 -11.884473532150732
-5.510444325830789 -11.182764408653371
-4.907075408228037 -11.980226601657456
-3.961356410168653 -12.305212103964184
-3.101660352767076 -11.794406183003803
-4.0967627161500815 -11.695556365656692
-4.341500109126197 -10.72596696365229
-4.46810423057473 -11.717920287368807
-5.456169356189862 -11.563883578941384
-5.806263571476313 -10.627169086460905
-5.7761105691824 -9.62762379161296
-6.172498815930857 -10.545706771435418
-6.974856456539922 -11.142550315889284
-7.970061119052384 -11.044735799004233
-8.402778723235375 -10.143206279226797
-9.166863351830756 -10.78832230006666
-8.973373067292444 -11.769424491374622
-8.300953989818108 -12.509595136731868
-8.422454934878912 -11.517003820857438
-7.651377257527052 -10.880262731018199
-7.041888526422494 -10.087467999289641
-6.6797322557289975 -9.155350605611474
-5.725046593591151 -9.452966610739594
-4.965396674642698 -10.10329883402367
-4.653461932926557 -9.153195304448875
-3.8430062189202974 -9.738995215369492
-4.820714506520371 -9.948963080430154
-5.6064357724646685 -10.567543788376087
-6.333259516730324 -11.254367815890888
-6.836972476786179 -10.390496729517597
-5.837008593122508 -10.38199782557244
-6.264715631588209 -11.285915238418823
-5.3929048642045325 -11.775758055936734
-5.574021828367132 -10.792296493244768
-6.0477401750371795 -9.911620089548043
-6.67058287550842 -10.693967180339396
-6.303512358111481 -9.763774063154612
-7.159557693490813 -9.246873314678382
-6.771015101391178 -10.168304079372342
-5.875343596114185 -9.723587816306953
-6.708502528370662 -10.276621444218717
-7.031601857145988 -11.222986502610528
-6.220585322269153 -10.637963272168887
-7.0839288990464695 -11.142579828018327
-8.014875686186857 -10.777424957431899
-7.0232318865679835 -10.648418854175329
-6.059954700506738 -10.916927816435303
-5.355766015679727 -10.206914931931363
-5.982589776893507 -9.427753862332906
-6.377208568315931 -10.346598794547425
-7.099753984504142 -11.037922251075123
-6.207329772665719 -11.489119576116584
-5.740763654216343 -12.373605899987725
-6.2415944169626485 -11.508060668883681
-5.434312704553723 -10.917894389933322
-5.547559204764287 -11.91146131278757
-4.593425103823074 -11.61208175867423
-5.189697586839417 -12.414863874816291
-5.8080470787256315 -11.628960632753975
-4.885729023413426 -11.242529002520227
-4.516996687450184 -12.17206462013533
-5.111602627815019 -11.368047346886273
-4.856533414371043 -10.401124549371874
-4.405997720415463 -11.293882964886375
-5.15306802786234 -10.62913793426845
-6.1414521626169645 -10.78111425533641
-5.491609426675294 -11.54118294864238
-4.594618286012667 -11.099134429164302
-3.69307665123505 -11.531826791891564
-4.59823557829466 -11.106753484373561
-5.341870895922212 -10.438168026577051
-6.338047556161615 -10.525529697773687
-7.334894978932339 -10.446187302326072
-7.081596206445731 -11.413575400173455
-6.640463911871522 -12.31101748670812
-6.929840986283258 -11.353802302538487
-7.708779020582516 -10.72670140258537
-7.1393619123590355 -11.548750158355007
-6.199816481106378 -11.206325885540917
-6.102084499863763 -10.211113114399794
-5.776806862219341 -11.156731673041948
-6.663882163402786 -11.618356423277788
-7.036713460332745 -12.546255568675349
-6.212339111758569 -11.980210576282603
-6.027137273952524 -12.962911079626966
-5.354211168114744 -13.702620790312178
-4.857256993473904 -12.834844005472297
-5.535543526795876 -12.100046496825145
-5.999114266456665 -11.213986583878876
-5.343741455087935 -11.969292136697499
-6.149059178004985 -11.376448679150993
-7.081244017706755 -11.01446604886304
-7.184219299959434 -12.009149964106964
-7.313388028057721 -11.01752733443302
-8.00817148846608 -10.298308353076864
-7.254948174382239 -9.640543471739655
-6.260367629092374 -9.744512404267187
-5.464530626380176 -9.139001491802295
-4.673111024739165 -9.750274764683077
-4.687409495737785 -10.750172536321308
-5.20744678021118 -9.896028975344855
-4.209964567165154 -9.825111878275095
-5.006500009716784 -10.429703714772314
-4.652560045332083 -11.364971859002276
-3.871062651282312 -10.741063353615935
-4.45602173301306 -11.552126158027974
-3.7934568192009963 -10.803121662056679
-3.007788058822625 -11.421769056753782
-3.94797334477387 -11.762432568273251
-3.268109217403218 -11.029094468680341
-2.9441813738599074 -10.083012679310427
-2.220778551450744 -9.392586465634805
-2.9944930978196624 -8.759052093451938
-3.115918657484623 -7.766451552720647
-2.224082711716595 -8.218810531669941
-2.9988788259830272 -8.851021715783002
-2.0084919545895796 -8.989346858007758
-1.2454123488717193 -9.635651364674295
-2.1004467136077185 -10.15422270510925
-1.3323859723346816 -10.79459970166293
-0.5015364948065194 -11.351096912519534
0.49491075487231284 -11.435316141959674
-0.4087000598778454 -11.006961737912563
-0.18761788215369968 -10.031706555566554
0.811953724788261 -10.002438781557133
0.07510299706481238 -10.678494256391428
0.834001576871346 -11.329703090458985
1.7878057629153106 -11.630132074887934
1.6116724405551213 -10.64576575447954
2.534065568239236 -10.259513352543815
2.6485408426519106 -9.266087254865612
1.8805012714452012 -8.625684868033229
2.676397737505512 -8.020252117587146
2.075932609481775 -7.220601174970659
2.578081937597151 -6.355820247640924
2.251929843014275 -7.301137554791916
2.8780610484634166 -6.521419840767921
2.1085067746430015 -5.882838428851841
3.10062703826248 -6.008127624378096
3.985830137047503 -6.473332389939879
3.0314798365545697 -6.772022034803988
2.7586153185941122 -7.734074504702697
1.823568970472839 -8.08860000006949
1.9950853648243478 -7.103418734276917
2.9252926894284412 -6.736384221931151
3.3165123525150517 -7.656681551718866
4.244369157326486 -7.283744895213882
4.358241744573584 -6.290249533436258
5.275056426717358 -5.890936575212246
6.24567482953562 -5.650312561218369
6.6267926905487196 -4.7257861007983335
6.338121197315524 -5.683214306458955
5.76053076597152 -6.499541014107215
4.984774545286779 -7.1305737280523225
5.173281992092675 -8.112645488413408
5.789125569784947 -8.900513934167636
5.914913562909718 -9.892571080095047
6.221900066349607 -8.940857212009817
6.91640549493826 -8.221369748838365
7.88416696211611 -8.473238251525332
7.35100011272727 -7.627228138871365
6.365088376619513 -7.459961738763666
5.3878832820811215 -7.247664298345244
5.181189418189933 -6.269258632667795
6.172425845908929 -6.1371588811052575
7.1289461618155725 -5.845493173045748
6.93170139597379 -4.865138899148795
7.844001655462118 -4.45561693815338
8.684775339063226 -3.914230188256576
9.67575439448744 -4.048247021940003
8.75619753585708 -3.6552900475193093
7.835170816544586 -3.2657906478888794
6.845235180390333 -3.124272323026436
6.277194372833719 -2.301271933627725
6.4252494281045465 -1.3122928132168075
5.902062676033374 -2.1645108736081706
6.071754258512293 -1.179013655532036
7.071617426310143 -1.162471416226273
6.575272359026849 -0.2943460945223484
5.7467066247169285 0.2655457021021971
6.6616861513044565 -0.1379545654635922
5.860897106744785 -0.7369010623338955
6.626053814954682 -0.09305697260300871
5.654534059916967 0.14390160093139248
4.664543397326407 0.0027687274273631435
5.612567627514162 0.32096687163457727
6.249711556233079 -0.4497779720696311
6.712901461050601 0.43648108265146734
7.286933231777041 -0.38235194440390685
6.526468457488176 -1.0317311302928485
7.188175824658456 -1.7814933327494509
7.921082444461349 -1.1011640840403434
8.10351845623175 -2.0843818125264146
8.869967973434276 -2.7266863645731942
9.845393998482361 -2.506359176829849
9.147774369442793 -1.7898908570984782
9.85687131835454 -1.0847798608404045
10.710193833876748 -0.5633964275565603
10.205961864001852 -1.4269646764842763
11.133092949417874 -1.801701851655502
11.455703273162197 -2.7482337206454392
12.455249974226676 -2.7783400719872104
13.408221780343126 -2.475281106194821
14.397906688993073 -2.6185423416723452
13.91962276206129 -3.496747605399859
14.376423994847572 -4.386316396289542
13.679531895073195 -5.103492386735444
14.087721017956458 -6.016389774156282
15.085868559750585 -5.955549945011697
14.095392688469248 -6.09323635831917
15.080951641290747 -5.923903696043428
15.356877920736524 -4.962724894617174
15.174318659614851 -3.979530043034483
16.155511627508325 -4.1725594702117865
15.474220518274972 -3.4405468852929286
16.109650061923777 -2.6683880317800823
15.21728701165645 -3.119706308074753
14.520950567576698 -2.401990795739702
15.387749620114079 -2.9006483962235405
16.25839359615064 -3.392562074617677
16.464830509289953 -2.4141021618499074
17.166770586516847 -1.7018661560325228
17.95243924513119 -1.0832186320973334
18.417524937167197 -1.968484297908103
18.776905096106287 -2.9016755437740906
19.44835376467862 -3.6427266118338024
19.954539994308945 -2.780302411725389
20.686721763593578 -3.4614116957079406
20.25255961511241 -2.56057695568832
19.958735343688684 -1.6047175007880112
20.759496873246373 -2.203700783343068
21.370095392564092 -2.995641089304955
20.42371359208945 -2.6725908026151437
19.641336047768732 -2.0497863564663663
19.48841484187696 -3.0380247410622117
20.15529128882091 -2.2928564348981504
20.85310916911443 -1.5765812043179932
21.49511569695694 -2.3432803749237805
21.122856762020504 -3.2714092912710675
20.132152761425523 -3.1353740634618794
19.99849349849313 -2.144346717001466
20.331033346175765 -3.0874359225929666
19.89727144121534 -2.186408392600067
18.907988577334123 -2.040396697072028
17.985966782035135 -1.6532587255507274
16.986675757052225 -1.6156097230592248
16.88834525172236 -0.6204559099621874
16.466108773298604 -1.526941627603842
17.244926755020966 -2.154191618712576
16.379452992110014 -2.6551458738225184
16.959246794557107 -1.8403826280609403
16.03104603997553 -1.4683028527516768
15.084973873210005 -1.1443469062534084
14.72136954202875 -2.0759003885324625
14.551613818786016 -1.0904142169266215
15.550705270326613 -1.0477964804956077
14.759386349230915 -0.4363928780234432
15.366748208050169 -1.2308181875721897
14.628302632975307 -1.9051312696433866
14.024937463400278 -1.1076662408529723
14.571234461077657 -1.9452577823149677
14.686011295186523 -2.938649084044526
15.679566365673077 -3.0519995225547367
16.169458555740466 -3.9237825472294414
16.362012746616013 -2.9424962059527155
15.374212653580866 -3.0982234553336507
14.713355691233517 -3.848735330867298
13.995128705281514 -3.1529264514684336
13.069142853356084 -2.7753682413419236
12.454291669827105 -1.98672508876085
11.754118430174099 -2.7006980815790755
10.775924211465432 -2.9083903310371135
9.777553938504516 -2.8513219679280546
9.200615312444258 -3.6681094689096145
8.832803726537222 -2.738209131630102
9.551689314820726 -2.0430807183435498
9.160394024562507 -2.963345895247325
9.984615601739442 -2.397078474574048
10.95315517154015 -2.645938077021411
10.642889872317182 -3.5965880883810506
10.976324650131223 -2.653814918979152
10.89644559848451 -3.6506194821248177
9.897658578339815 -3.6998585762521388
10.667042893911397 -3.0610724031453245
11.375671083075488 -3.7666544958333548
10.815157709983096 -2.938509122976277
11.633018600235827 -3.513925115276639
10.91459146487274 -4.209527337221039
11.214148336127142 -5.163605783096573
10.398780646742795 -4.584662322033205
11.350075082090097 -4.276378528626454
11.213943744308152 -5.267069327450032
10.283698715749948 -4.900130385876987
11.22084284279111 -5.249072910015644
12.2190792153692 -5.3084374150850655
12.864434899942573 -4.544555198778891
12.023116740794954 -4.004014955051876
11.321773097630706 -4.716838281124403
10.643091441630519 -3.9824057043626935
9.649671123638056 -3.867880284478058
9.611369190814395 -4.867146496226445
8.904163342904855 -4.160138795644231
9.405118211942822 -3.294665388087908
10.404417473537906 -3.257235643558703
10.724153673075262 -4.204742246546465
9.984839932387185 -3.531381130331841
10.846807981860085 -4.038343734167554
11.06144881443929 -5.015036783692175
10.791004096755394 -5.9777722897772465
11.083081500570572 -6.934166973043828
11.831383439280273 -7.597525253706173
11.112118993027002 -6.90278886027628
12.111857506073592 -6.925655988023123
12.871580868041583 -7.575902413065238
11.886036089184065 -7.406487275410168
10.886044565720523 -7.4106046776329695
11.864238694051458 -7.202912002512058
11.00786239164638 -6.686559769362045
11.848956820494243 -7.227448077389763
12.828001661249939 -7.431092865660058
13.718236203191678 -7.886595291925585
13.69388726315002 -8.886298812534994
12.84875166739469 -9.420850797647095
13.765666399493805 -9.02176763080137
14.764520098047997 -9.069635040221655
15.664557837680778 -9.50544700338549
16.33971147851829 -10.243124142291023
16.075402183218944 -9.278686173099452
15.570083446300586 -8.415753398128404
15.925481932373593 -7.481038513205191
16.501549167056826 -6.66363620031122
17.363703910738945 -6.156991158939632
17.548586657447625 -5.1742305726473985
16.621523753043384 -4.79932475610467
16.322128100025957 -3.84519570668092
15.448501784423604 -4.331793138535073
16.195782227164006 -3.6672843425829744
17.116715334490344 -3.277563658207281
17.802534616387206 -2.549791775967748
18.63835004392678 -2.000781237738439
19.31740289300899 -1.2666918507062221
20.008971947018374 -0.5443814994467617
19.30100428002515 0.16186334654658874
18.99736182511446 1.1146493978591643
18.28294756770437 0.4149264035184119
18.836435226687012 -0.4179309740402618
19.02220690539533 0.5646619647649657
18.47379570155453 1.4008707613593825
19.183566637872634 2.1053033116849056
19.82124700270808 2.8756043906815085
19.21766824203373 2.0783010107420923
18.627517131808766 1.2710082093990853
18.19216888054632 0.3707460808372257
18.029170865745552 -0.6158803161190938
17.249267667534493 -1.2417804690350058
17.82439670908878 -2.059843171742351
17.175875430178657 -2.8210396974837515
17.379567926596387 -3.8000746135634142
16.493184476680813 -3.3371228021232135
16.735820647545868 -2.3670054439711476
17.617123462462747 -1.8944534908278088
16.69963373688079 -2.292212970226541
17.601541638999443 -2.7241413625509345
16.60983444130335 -2.59562352706589
17.430850761731417 -2.024718805075649
18.06278228849145 -2.79974302759178
19.058651930783245 -2.89053760651373
18.530450046511355 -2.04141878711822
17.752181662375296 -2.669350568647271
18.649779412483532 -3.1101660391115407
19.569518417304884 -2.7176355778601504
20.157409052541507 -3.5265759965567827
20.901032917984992 -4.195174191845172
20.68218916294273 -5.170934106413814
19.94997484272364 -4.489859815850663
20.912145002926277 -4.217410586056127
20.182634774486626 -3.533440684231544
19.64892081762791 -4.379105755198895
18.717466305281523 -4.742963545316895
19.475840428772056 -4.0911440236546746
20.475441603934676 -4.0629041473534135
20.066814252826468 -3.1502028337100674
20.96024300033153 -3.5994077681570666
20.168524223348737 -2.9885220356564046
19.61406770123884 -2.1563093434377634
18.92717559814001 -2.8830687525275027
18.24386178928678 -3.6131935628376923
19.210534429739194 -3.8692091994709976
19.75706763447462 -3.0317717653174814
18.757805149639225 -2.993372723655017
19.595175805789818 -3.5400082367877848
20.444469731848393 -4.067928521641485
21.232028231058298 -4.684168418371844
20.608968739351745 -3.9019939686521083
21.584774824133362 -4.12063176251028
21.291571878238507 -5.076681987403607
20.491979981656055 -5.677225740114161
21.262972072121403 -5.040381020861601
22.20733517769322 -4.711476285664988
23.192086585139467 -4.537508859022423
22.3816431175224 -5.123325712481612
23.099925529105807 -5.819077375943459
22.53147121606844 -4.996362544431826
21.639300214983933 -4.54466474188695
20.795832623795434 -5.08184480724183
19.98061387555027 -4.502691638805721
19.161273088074335 -5.0759984275134045
19.135055571991373 -4.076342165666143
20.070725892107028 -3.7234667598149205
20.34518422662417 -2.7618677671916556
21.331770122523963 -2.925110745636672
21.490907626143173 -3.9123671737959653
22.41226782348805 -4.301077074298394
22.779931819808542 -3.3711183731671848
22.46694708979899 -2.421360215118071
22.214635071813294 -1.4537142852553002
22.262765416587346 -2.4525553486442315
22.913151041182275 -1.6929511495245428
23.775060511822733 -2.200013339418727
23.691690805806594 -3.1965320257055336
23.032877890074513 -3.9488388394887086
22.333094082510545 -4.663193529171135
22.857433076634862 -5.514703141119643
23.713397768330577 -4.997668861240388
24.372638500961795 -4.245736911899324
23.7178480259373 -3.489926463561119
23.521714504055087 -4.470503661742924
24.504001102235407 -4.283118926411215
23.609482236613307 -4.7301491256664265
24.17462170162282 -5.555144510555798
23.870996893604325 -4.602352835552424
24.749677915838703 -4.124943513099301
25.51819577273787 -3.4851151739120527
26.24235327763836 -2.795480554641606
27.040379556831798 -3.3981032041634096
26.278853851236875 -4.046237912166423
25.827862023233898 -3.153709833574755
24.971669704520448 -2.637052584156842
25.095293682000595 -1.6447234491456864
24.27055120339476 -1.0792149664656274
23.543533891256192 -1.765834095132178
24.405663912160353 -1.2591469855114674
24.393702325392578 -2.259075443173313
24.563283676198424 -3.244591635561274
25.10722578520152 -4.0837143810838
24.91377355027834 -5.064824075666024
25.62853546799177 -4.3654562175351135
24.822230025570875 -3.7739568231800193
24.187715101920993 -4.546867433577874
25.076512291064617 -5.005168160797887
24.339438343927863 -5.680980262237517
25.29054804320314 -5.989833528279002
25.239875082407924 -4.991118227983544
25.881883473123995 -5.757815838681635
24.96329757212702 -5.362594454531474
23.980197672555338 -5.5456643522813485
24.978962239146934 -5.495971892882554
24.286300298250143 -6.217234283163019
24.196677340998953 -5.221258517627756
23.45526114645905 -4.550213044895862
22.456964896459304 -4.491864118286702
21.46370142630741 -4.375986256458765
21.970235588788324 -5.238206148504731
21.683822008549544 -6.196312228777059
22.184015958806373 -5.330398831186708
21.27825377662873 -5.754185179877647
22.18688929773887 -5.336595082082085
21.67542399572302 -4.477291151662914
20.694199920401108 -4.284419914800953
20.374717008908775 -5.232011952159004
19.513807344873708 -5.74076980258593
18.861081099714546 -4.98317594775313
18.14690984822508 -5.683146963971635
18.425242234122855 -6.643631780593142
18.232293841469517 -7.6248406868778815
18.807744287433177 -8.44267733575113
18.167182513973174 -9.210583980065252
18.572269731374693 -8.296305933572887
17.649636332860684 -7.910627813962129
17.73885683129213 -8.906639712816578
17.024047585063713 -9.605959197391664
16.055406969028322 -9.854425205059881
15.334842161884248 -9.161037608757912
16.15617561376836 -9.731485994517858
17.132530379863795 -9.515311595657275
16.241352269395477 -9.061658010394117
15.252326385269654 -9.20940035547208
16.23699004281455 -9.034936945238558
16.588417390858158 -9.971152101624652
16.030112516156983 -10.800787965654713
15.715007108682002 -11.749844645827203
15.700204731276218 -10.749954207017462
16.026673492275428 -11.695162198991525
16.79954765324934 -11.060602878439955
15.913718457384196 -10.59659141764086
16.901508794716296 -10.752380536238201
17.75663134253983 -11.270806450138913
18.289014308659425 -12.11731006937849
18.097364883161625 -11.135846622424726
17.90034613717579 -10.15544690102015
17.52797962484827 -11.083532662411326
18.06486647519191 -10.23987840270058
18.95223007571893 -9.778808082185671
18.050128847886835 -10.210332559757715
17.124052192886605 -10.587667992845546
16.124129450014475 -10.600098129090902
15.498954596633428 -9.819613406178284
15.609186013694627 -8.825707457563084
14.88673119002513 -9.517125585584527
15.757489208466387 -9.025413806876456
15.036247555842651 -8.33273027269899
14.523138516753367 -9.19105370474828
15.428329710743022 -9.616058295692406
15.162690963108398 -8.65198565540273
15.626258631121377 -7.765924135431905
15.787260199880798 -6.7789699851001854
16.70529346096533 -6.382466603598212
15.722518514080576 -6.567272998984498
15.639953620941533 -5.570687308528861
15.046833675399123 -6.375801418577721
14.21376223816403 -6.928966837293548
14.37109806421826 -7.916511994660963
15.37093077268254 -7.898221147633463
16.064605766143856 -8.618509286815584
17.006800333262973 -8.283443028157363
16.114611324528365 -7.831780795185471
15.329463685674392 -7.212472160333646
15.524005340836746 -8.193366417838853
16.16566593008989 -8.960355132357723
15.184727719653706 -8.766035222656589
15.720185274905191 -7.921473083720617
16.387066198719225 -8.66663738335724
15.614337785452534 -8.031900588039415
16.518498808359684 -7.604708775552924
15.727094812333815 -6.993415298510769
16.727012267612228 -7.006263747037535
15.790410960768718 -7.3566606534437256
14.860290903469817 -6.989405048979625
14.389107284858067 -7.8714401942839025
15.130409370298885 -7.2002686676820264
14.583953926039102 -8.03775684517401
13.597159751734795 -8.199736033834402
14.422439077596588 -8.764460775903583
15.024317754887585 -9.563048315139225
14.29468452066417 -10.246886997517372
13.610120725918906 -9.517934042297377
14.131811611800678 -8.664799457611062
13.433397915109808 -9.380493741697915


0.0 0.0
-0.09117306173855064 0.9958350630567386
0.5733750621770056 1.7430805320964073
1.3347142054726668 1.0947266866648957
0.9212603181029797 2.0052517456385046
1.460741013315408 2.8472497144561943
2.3456469691780883 2.3814799759815317
1.3988208857768165 2.0597341635907447
1.9819213012521288 2.872134253123309
1.6996569066774836 1.9127976012875683
1.6023938787285865 0.9175388894974066
2.300151510489119 0.20120496783800812
3.290494061511816 0.06256286877045553
2.5116691188149005 0.689804216764309
2.9774913452786462 -0.19507411008767062
2.8799831739907638 0.800160614252318
2.5914561770135265 -0.15731114617474395
3.107076501746756 -1.014128326629244
3.9084854086030902 -1.6122451747545377
3.363325615209527 -0.7739130212097226
3.7893827981062738 0.13078321339175292
3.0019064195025 0.7471280463717055
2.820372040371418 1.7305126451902413
2.1833000138855776 0.9597083684317217
1.5128476401681168 1.7016609373851705
1.0639841738293607 2.5952612891008333
1.7913768871943936 3.2814827114882834
0.7945730861949449 3.3613712733294605
1.5483417900648044 4.018511091835653
1.4538915753453767 5.014040678005474
0.6721197749181396 5.637605311429112
0.22567845924638674 4.742792397093789
-0.14075704667721173 5.67323585050647
0.578474730436719 6.368006064886402
1.5203411231256423 6.703993710973508
1.8222061411950503 7.657344386677866
2.8213697697387836 7.616453759447159
2.08456272689369 8.292556844496968
1.8441229837338886 9.263220910953148
2.774611044117157 9.629543131797288
1.776109505592666 9.57481948458492
2.2802584542756685 10.438436203703894
1.3103903072163114 10.682066615023272
2.093757757496401 11.30362549223578
1.1939669021047727 11.739946952347017
0.3223222971900055 11.249808520143441
0.2442677306771206 10.252859431851324
1.2363220293731927 10.127048985390607
2.2315683135676045 10.029658873997224
1.4737786923568748 10.682157831839532
2.455380367657093 10.873098008459868
3.339666853312798 11.340042771024653
2.544093601125948 10.73418536172372
3.4203996753034867 11.215940137890547
2.766287949272965 11.972338082010817
1.9209514501740428 11.438103860632985
1.9710280630387824 12.436849240018539
2.2913147026524854 13.384169918820053
3.1844483511995527 12.934378538474672
3.2830027119527774 11.939246869811413
2.2833888215322595 11.967033018849325
1.4869208285569189 11.36235232942239
0.9815979674830674 12.225282689344983
0.018490332897099337 11.956166201180059
0.807626945684482 11.341948482159795
1.3303169379098492 10.489425654296843
0.3507423612331443 10.690506853638439
1.088042068453558 11.366072647423687
1.7412667473166672 12.123236776872638
1.5783290932899317 13.109873143980735
0.893374281636099 13.838458695575236
0.9193895906879818 14.838120240146665
0.13534551251128502 15.458825390339616
-0.8644611874484526 15.478486588564015
0.04336037925100544 15.059129934824812
0.8487040992997676 15.65193807628208
0.33608295486887785 16.510552985471506
-0.2812289855974225 15.723834504591762
-0.9451291069234921 14.976013249943815
0.0351543873954695 14.778417018284893
-0.023971272656094292 13.780166470414537
-0.48878542753255394 12.894758202197846
0.5004055311648239 13.041391238145964
1.4965080101422918 12.953187772369708
0.7738751808980977 12.26195568826298
0.8415857717096947 11.26425068381931
0.38827919314985315 10.372896014883105
-0.1055608664028328 9.503343258817667
-0.8938806549596063 10.118608982688096
0.10411218294729963 10.055282088823638
-0.48640215065721204 10.862309239424917
-1.3850825227750017 11.300913376170378
-1.9064977312560885 10.447610276231895
-2.6782535990630136 9.811691350184258
-2.098891437138505 8.9966211168116
-1.4099534571532866 8.271800822025446
-1.7784937737333273 7.342189056257023
-0.9497218438869327 6.782602522914161
-1.5761386842601006 6.003114266365739
-2.487884135065216 5.592358581151065
-1.776628684882457 6.295292208590612
-2.776520248620332 6.280566015402024
-2.774685339167904 5.28056769884979
-2.5826142060734996 6.261948705305403
-3.284926664026231 5.550079889157095
-2.895588238672586 4.628985110894215
-3.6805347185064594 4.009421535628197
-4.129626789014875 3.115936050459879
-4.7123028323543865 2.303231535572573
-4.0393160211546215 1.5635770541076317
-5.031951165648271 1.6847194080391614
-5.113845262210052 0.6880783708806818
-5.913921802949768 0.08818043876391779
-6.412258232070179 0.9551641776030714
-5.721687514057748 1.6784290553787002
-5.5193926237486215 0.6991044016734957
-6.500375007155195 0.505007612812993
-7.4220810790508756 0.8928966652888699
-7.870739457265887 1.7866000051379924
-6.945213658678865 2.1652845653591015
-7.617078829442962 2.905958037487091
-6.815069821810049 2.308646099153635
-6.395403611017117 1.4009675924571823
-5.6130610462409205 2.0238159779727924
-4.817061665501251 2.6291134138355785
-5.78523699338256 2.879386333828775
-6.135425293340232 1.942707010595495
-5.1455804594429395 1.8005549623976498
-4.173467320260788 2.0350673173587968
-4.103018897444438 1.0375518940581399
-3.231666747491831 0.5468937332445565
-2.453960775680737 -0.08173447277976909
-3.1781639868257923 0.6078521490214304
-2.207297411070062 0.8474728745030624
-2.9354545494162716 1.5328831033992028
-3.834940021362346 1.969833770818246
-4.780380507293769 2.2956286258447713
-4.054583652582507 1.607719528876836
-4.339495085593291 2.566273374698625
-3.877709283284177 3.4532648474793546
-4.601014070248985 4.143793764436345
-5.317894396483576 4.840990005001213
-4.521856808375277 5.446237192783794
-5.461810952412888 5.1049364352304
-6.019402036904703 5.9350521997447485
-5.052524646663617 6.190293482143555
-5.768839328250768 6.888070865656878
-4.917640378719513 7.412914031104317
-3.9265222365043795 7.279929715592967
-4.9125017574251295 7.1130633489252375
-4.638801857064349 6.151248208400563
-3.911692072575596 6.837769410768501
-3.247194422557311 6.090479056809495
-4.168805010439773 5.702363192275538
-3.512484428848728 6.456845328697595
-4.454168106389913 6.120345920893495
-3.4600413014222937 6.012124408961379
-2.533094059303215 6.387316107067605
-1.6288670340681022 6.8143681962024765
-2.6190215492535276 6.95434689478878
-1.857922582144583 7.6029826648983985
-1.5081276346041474 8.539808953318607
-0.7303983787170436 9.168408352409388
-1.6835261429474337 8.86584023602371
-1.386623322301889 7.910932536247066
-1.1619969021025816 6.9364875807218995
-1.7516327127837452 7.7441568266155185
-2.4852380133842 8.42373262292592
-1.9988482595149293 7.549990665978109
-1.4685776623947848 6.702162208193254
-2.2201667572297996 6.0425306197098925
-2.9631450561973294 6.711846126226301
-2.1611134036644053 7.309127658114997
-1.2878988539635707 7.796463630715798
-0.7245414659498951 8.622676952667465
0.2476879031147513 8.388646924833088
-0.6908839333154901 8.733730839062604
0.09912544596329975 9.346825595728767
-0.8339871309208221 8.987241226128704
0.14987679375680651 8.808322871234822
-0.7471566596537327 9.250285520632213
0.24579031531326567 9.368844809192355
1.1141206317325978 9.864831161410944
0.2973353529954913 9.287889389272413
1.1978676204925132 8.853100204498146
1.6425428946408287 9.748792060306336
2.353766224394426 10.451758186954132
1.8310806031697533 11.304283694704473
2.6056043439782925 11.93682853495214
3.31084823685605 12.645793309506297
3.132491896602595 11.661827346735535
2.325394270573329 12.252245352946323
1.5247063738089857 11.65316364568504
2.4950881082944543 11.41158697177596
1.5997603074408877 11.85699479503316
0.9232797661199472 11.120534288818382
-0.06409779757146528 10.962150114360165
-0.07129443868506993 11.9621242182032
0.5335588132402316 11.16578726462426
-0.46213435371973843 11.073077409327075
-1.1611092111933907 11.788223652147163
-0.46059340336801025 12.501860536694728
-1.4321807700464588 12.265179339911295
-1.4134991914673682 11.265353855828302
-2.305687392000355 10.813690026382428
-3.0679401569131235 11.460969504183817
-3.9483408285480115 11.935200099342794
-4.520422147997525 11.115003193754323
-3.822435896955956 11.83111435367081
-4.780869410608694 12.116430318711792
-5.727098969997185 11.792934382200276
-6.333531899471949 12.588069026174901
-5.419269810256297 12.99319225708499
-5.577967851167979 12.005865091546234
-6.300875252568409 11.31492016682323
-5.873263088964386 10.410957868086227
-5.82384014049556 11.409735807452455
-6.424850901624158 12.208976737965665
-5.619965746812617 12.80240734685267
-5.978802821010598 13.735807558005973
-6.904508922267033 14.114051148958431
-5.980453473201262 14.496309604786232
-5.777119753483426 13.517200112223879
-6.445117000102545 12.773036367803826
-5.637776776210842 12.182950134371376
-6.637743650568729 12.174810712591045
-6.279167274161976 11.241310320366702
-7.008343426348437 11.92563636771734
-7.997142572850147 11.776384071663008
-7.646174783214091 10.839996539367762
-7.074679059048871 10.01939149596328
-6.127144997127004 9.699736679797706
-5.859956027497666 8.736092526332117
-6.231651936484814 9.664447065957047
-6.896404395450447 10.41151076357536
-5.9113875513938146 10.239052603650373
-6.429765698349243 11.094204108799639
-7.386265399860175 11.385937413393918
-7.8758313804953275 12.257903668821697
-7.143018601454965 12.938333996537283
-8.019199534764565 12.456351660652745
-7.607698071675118 11.544942561578544
-8.334389635780932 12.231906440292299
-7.59328414655259 12.90329504150297
-7.483713578841465 13.897274060744051
-8.182319945633125 13.181767845342565
-7.5955377953413175 12.372023003988868
-8.595530272896427 12.368144237020699
-7.734371479137356 11.859808194691
-8.581967177713281 12.390450759658783
-8.622212233158786 13.389640599234921
-8.711117359227925 12.393600500364082
-7.8006431493916955 11.980034649231408
-7.096906516789057 11.269573705946629
-7.387949489975316 12.226283686953884
-6.6093340905929425 11.59878224484827
-5.724640937755766 12.064956059345628
-6.72295046196837 12.006834687489796
-7.446273480675483 12.697344506832309
-6.450677440718198 12.603597372362122
-7.238904920166846 13.21898135057575
-7.343715176130199 12.224489113177741
-6.5085133441574925 11.674545570739578
-5.945313417196231 10.848224905216302
-5.924324430848042 9.848445198254776
-4.960708815936673 10.115737073737337
-5.661689251262679 10.828917576338302
-4.791073115190338 11.320880525766883
-3.960030347363965 10.764672005476623
-3.0053175540842028 11.062200965996357
-3.801537983278433 11.667207600781262
-3.863439838633573 12.66528984203375
-4.177813564379543 11.715990542254909
-4.164625539885434 10.71607750803146
-3.3169117946269173 10.185623545750305
-2.567267223640574 10.8474641739915
-1.7021604263138304 10.345876465590402
-2.1753161336172053 9.46489764822517
-2.676416348160936 8.599508386110006
-3.6252502461309257 8.283732778972476
-2.712373376524647 8.691967785969476
-2.065743499372409 7.929163878025841
-2.68921300856616 8.71101154292336
-3.4513464168111025 9.358431551910531
-2.613717308393741 8.8121921568355
-1.7100222913762102 9.240368891628139
-1.5584714562280393 8.251919426877466
-1.5249395682522464 7.252481778752893
-0.6204362787080224 7.678948423642828
-0.7366780199249834 6.685727472595756
-1.385092686131021 7.447014816933565
-2.06678499101758 6.7153758339245595
-1.442203221314615 7.496335252175413
-2.072723612706576 6.720162567755942
-2.4739429189372277 7.636144591765035
-1.6335809108874058 8.178170140449293
-2.2091844614346012 8.995899039655786
-3.2061639520538217 9.073564316869225
-3.2977251631396483 10.069363766871332
-3.3936090405357455 11.064756293493614
-2.9144152587591954 11.942465424986894
-3.2797107488659973 12.873357043225898
-4.10767511881282 12.312576335552604
-5.027310351349626 12.705349856906802
-4.083580058501827 13.036065950197418
-4.046835438347352 12.03674126177543
-4.468790940120671 12.943357803938227
-3.561564961490282 12.522714221200856
-4.561540846291255 12.52965899020433
-4.065575373440011 13.398001232491001
-3.3358627359756134 14.081755184380679
-3.2949989989151494 15.080919913038297
-4.041953011993595 14.41604420860475
-3.059616253804289 14.228922607740166
-2.1260163426838927 14.587239793981613
-2.762093727321198 15.358865066217408
-3.1467607106382816 16.28192048814273
-2.266954317339568 15.806588277672295
-1.5032882023789802 16.45219966609493
-2.0806440892218765 15.635707057476914
-2.1375651630954406 14.637328376139477
-1.3477304069241174 14.024008673257052
-0.77401200680702 14.843061295111765
-1.3188568564708776 15.681598169551267
-0.344683267302749 15.455797775027063
0.28741112092073373 14.680906373360752
0.8255669431957187 13.83806100738219
1.4239336650776298 13.036838649890655
2.2301773345270237 12.445255058609781
2.5481464707191344 11.497153994150278
1.6666893863663925 11.969418124107618
2.4650512690214397 12.571596091425826
3.3798075594602786 12.975602191754243
2.5680313677526287 13.55957086777773
3.5013943657915987 13.20063701051193
2.7536268318792416 12.536676382743511
3.390933377568846 13.307286768620308
4.037765246644228 12.544654135468246
4.374955888730609 13.486090522532914
4.8690097915519575 14.355521797049189
4.004429868454378 13.853026467143941
3.2580713852611294 14.518570616367322
4.0380222980086025 15.144411309918311
3.056573677365324 14.952685972423742
2.153934474306447 14.522287936762291
1.77049081515904 15.445852206458584
1.4375881915267819 16.38881341625396
2.4270600814461316 16.244088231647307
1.4415871036635726 16.074255931832532
1.9118498677260547 15.191729483086482
0.9209659626556929 15.326448029220673
1.2157290712559052 14.370877670843887
2.2082408471564547 14.49302665650786
1.7164833835513753 15.363758875383846
2.2826414712231027 16.18805555726719
3.137397273085221 16.707085921680534
3.365997892262352 17.68060621264104
4.2825945329637785 18.08041941684378
4.448571614337849 17.094289806468684
4.688872862219039 16.123591444325868
3.9709421133665797 15.427476913625533
4.328392426943703 14.493544756922693
3.679183923006586 15.254155247525953
3.844374743907949 14.2678936226566
3.0575117984298217 14.885021409288742
2.4962480547132104 14.057384405530927
1.8677153185248905 13.279601274099276
1.1400190485559603 12.59370176347596
1.9812582389110007 13.134364897609215
1.4486198590915003 12.288021966910755
2.322188587817886 12.774722774585621
1.492975139064306 13.333654842377578
1.1135363425386338 12.408438003095483
0.27841724392682765 12.958507172504026
1.0121474717536927 13.637948084411114
1.4373285997426202 12.732839798954583
0.785404473260351 13.491124002476145
0.4346235528759156 12.5546664509052
-0.48316462818522277 12.95173679064929
-1.1588825018398254 13.688897122750593
-0.4741003514160006 12.96014928813225
0.46481592735508026 13.304294928027144
-0.5348139713044872 13.277090779338696
-0.2140220745257954 12.329941076830623
0.6467337649151661 11.820923017358972
0.8321573829444662 10.838264337105791
0.001620160464128495 11.395227461625401
-0.9915753437107772 11.51168642644458
-1.9498552828390527 11.797517772283886
-2.603391644637778 11.04062265153935
-1.6067495871813948 11.122504330253868
-1.6525707611758567 12.121453988652013
-2.2549680945027175 12.919650363487609
-3.2548868399600037 12.906902717307755
-3.1167809995747993 11.916485241264699
-2.691833958319152 12.821703453701938
-3.6454842298536176 13.122620650954337
-4.028048158013243 12.19869162723494
-3.568870723982256 11.310347052153446
-3.4933113670528027 12.307488357877167
-2.707908966134925 11.688502842188445
-3.0495930288697624 10.748687966123475
-2.821810771213225 11.72240006068577
-2.750984518763454 10.724911393099054
-1.7611669585377485 10.867253226264264
-2.432816270679762 11.608122446504355
-1.6325249682556962 11.00851104629219
-2.2503979925869526 10.22223315279413
-1.4757979764372302 10.854684585696965
-2.1454731453079754 11.597338723366674
-2.938699923007298 12.206265056465146
-2.4335244712100854 11.343248392140822
-3.2212991063862457 11.959211965879618
-2.499080942993754 11.26754663895772
-1.7855945337323336 10.566877570281754
-2.558656046371733 11.20120863343071
-1.5595060795278162 11.159985536072556
-1.1693650240969053 10.239230434611123
-0.7879203316479859 9.314838771622675
-0.34572015458013655 10.211755157581345
-1.3245863095780905 10.416257115028019
-0.8206399992858422 9.552522134641773
0.108549723998834 9.92212524358723
0.20368354918430437 8.926660751349772
1.167523264153869 9.193143403406877
0.5654639636200274 8.394692028155571
-0.3557267621225434 8.78380338343305
-0.740039737875777 9.707006252074441
-0.2588495925901146 10.583622498832373
-1.0200977236539486 11.232083201536723
-0.04483750954918264 11.453143181597172
0.8346279208002818 11.929105949910232
0.8891920736669392 12.927616216868937
1.8618342431365913 12.69530777929215
2.846158002000067 12.51893675634088
1.903350168013747 12.852273505251082
1.681901195920863 13.827445465860597
1.1249587788692645 14.657996574516003
0.6755659802099276 13.764662307562626
1.2275646354387941 14.598507307922718
1.440575499146434 15.575557138761722
0.8691882226290624 16.396237697952728
0.0007897522549132896 16.89210471304028
0.9093922917602315 17.30976656813898
-0.09013179608307564 17.340614547343538
0.35238604652395683 18.237374247025908
0.9563637492900972 19.034375460677015
0.7416681579009052 18.057694446712862
1.7330060950949062 17.926358639409816
0.847437493705636 18.390867253144215
0.10193610232465089 17.724363183052354
-0.6815344091931425 17.1029342188239
0.31588535101375326 17.1747243431365
-0.0921210879938355 16.26174529314228
-1.0743388021213358 16.44949076460337
-1.4735632687796252 17.366343983620137
-2.1855453676745604 16.66414636837699
-2.659453622174004 17.54472059370799
-1.6689334515325198 17.68208795355874
-2.209327323560483 18.523500137375105
-1.2331181428819442 18.740331028990983
-0.5354910215461416 18.023870004526483
-0.41581078937076166 19.016682495395955
-0.8477220176696845 18.114766373536877
-0.5176636187284198 17.170805858849782
-1.5008117774849494 16.98799530681942
-1.024086599329869 16.10894291673507
-0.24643620050824344 16.73763986854299
-0.2609494675891273 17.73753454553584
-1.2479072642381015 17.576555330623474
-1.9961838342033351 18.239942227419803
-2.637229337780566 17.472439352934362
-3.1717983721667418 18.317564164708003
-3.2006843264637306 19.317146878466275
-3.8257386946394303 18.536565661151588
-3.8722173594024634 17.537646378265407
-4.041033353630511 18.52329396239109
-4.321301661309106 17.56337225948456
-3.808203329298291 18.421702092175767
-3.810311245227295 19.421699870518516
-3.1092248068530868 18.708623573108646
-2.8164881561397106 17.75243046848536
-1.842940399792246 17.98091409177337
-1.5896036206033912 18.94829223723161
-0.7563308518358212 18.395430145177517
-1.242600577091668 17.52162138217522
-0.5458234775272084 18.238909102356278
0.27893859241485974 17.673429192912206
-0.523506762948312 17.076703584566065
-0.775919081402332 18.044323355701746
-0.8459849741006734 17.046780990345574
-1.821030923416905 17.268784136093576
-2.298771677829091 18.147285002099792
-3.1476382175478452 18.675892226554687
-2.9078758783999756 19.646723839516657
-1.9657408546780037 19.981957485018416
-1.1161745758799795 20.50943936900049
-2.0367096076934357 20.900099394091615
-2.839409565099732 20.30371631386555
-3.7601749832007902 20.693833020543416
-4.4394509571633805 19.9599500930971
-5.155396864197593 20.65810584806941
-6.1287614379382935 20.887368593814514
-7.100401885828238 20.650905404238994
-8.027013831641316 20.274886386267163
-8.794592725783572 20.91584086301832
-9.689464506046319 20.469517553197534
-8.922082576802268 19.82832727358494
-7.9602550422340315 19.554670931165496
-7.350328939733811 18.76221263605534
-6.676895174684382 19.501460202227424
-6.643990572588421 20.50091869919511
-5.69569205090365 20.18353893649673
-6.691493558653692 20.275077765212988
-7.407614523571725 19.577101573925017
-8.087064334867424 20.31082356073626
-9.069400025108063 20.49795076794955
-9.434581733537636 21.42888702775924
-10.42827481611772 21.316752922186975
-11.284973730285282 20.80093612286369
-10.8045809337296 21.677989576774802
-11.1096558916307 22.63031791829449
-10.412724877301626 23.347456092753394
-9.474783359178481 23.000662626002864
-10.289832776919841 23.580054071089403
-11.083287657483345 24.188683147382967
-11.041794909242268 23.1895443422896
-10.041797245428766 23.18738277629807
-9.118843243004243 23.572293037798786
-8.181286039768432 23.224461914032315
-7.539771330489088 23.991572647745667
-6.956663632506427 23.17917778528446
-6.328236491164899 23.957046236904215
-6.371344083817573 22.95797580122128
-6.808647139781152 22.058661597372083
-7.532728568027717 21.368947101897025
-6.662024436584178 21.86075429530431
-7.409910310990828 22.524581621393708
-6.8673082160045835 23.364571482354265
-7.670212802210735 23.96067904433375
-6.711559629779934 23.676101998547622
-6.7529750639139445 22.676959985710862
-5.962890139384235 22.063962586017453
-6.898629772659 21.71127102286516
-6.557860586371271 20.771124033465735
-5.635018333876951 20.385945922702405
-6.633214364877703 20.44598494080185
-5.983837273789131 19.685518377717486
-5.033380325282152 19.996374596948822
-4.254702772313097 19.36895028398181
-4.963724533132386 18.663763682659354
-5.660538505822318 19.381015582248388
-6.08802002979177 20.2850396674722
-6.606260267978192 21.140274755342478
-7.1601237777171844 20.307667277247546
-6.316447978001057 19.77081427597685
-7.316447738242145 19.770121803762333
-6.3227727106749745 19.882415791087496
-7.22415387531488 19.449389237591745
-8.098352847500921 19.934957108263674
-8.523748617725627 20.8399645329155
-7.968451193619403 20.00831270024693
-7.365854357670618 20.806358471681445
-6.408540874396857 20.517306755301387
-5.7375399729374355 19.775850222360553
-4.9996135942103095 20.450731441227006
-4.532488448650635 21.33492265266594
-4.0845022091277805 20.440882201009433
-4.9847244262935275 20.876312975899296
-5.186687838964676 21.85570604302925
-4.493029775054084 21.135401600191496
-3.9827249511587315 20.275408003291417
-3.549039412160957 21.17647229248737
-4.536087918155693 21.016050202943696
-5.270235792297322 20.337060586754077
-4.3101502649083665 20.057353990302957
-3.7561340357737274 19.224848123743786
-4.575009760729664 18.650877264659556
-5.175647722853542 19.45039839537198
-4.185787967258136 19.308350289954824
-4.40265864102094 18.332149946346163
-3.7766429691401786 19.111960422397672
-2.786066593109754 19.248921888695428
-2.0930014786494704 19.96979687585905
-1.793775591717759 20.923979179504393
-1.66490549897291 19.93231769532951
-2.0811239881594914 20.841582326368922
-3.0647497228464267 21.021805560336098
-3.7739527127447574 20.316801220548555
-3.193845127995425 19.502261356504874
-2.216167288845334 19.712370953703118
-1.3021182293437588 20.11797459868709
-1.7035598822237197 21.033859198040638
-0.9708526214645119 21.71440314961962
-0.05635718225951758 22.118999357799165
-0.3612217362251638 23.071395075836225
-0.551042379830963 24.05321385914661
-0.19991729551266957 24.9895424206903
-0.18848261120351317 23.989607798830075
-0.2897351918702671 22.9947470473134
-0.2210804036216283 21.99710657096406
0.6238479890069579 21.462227134707557
-0.21099595177577368 20.911740445914486
-1.0472682586601676 20.363426093796786
-1.1492812876228482 21.358209156540546
-1.3940069174444725 20.388616785433797
-1.9507572819603134 21.219296646518366
-1.2564765508181654 20.4995923556011
-2.1054029337404994 19.971081242777156
-2.290547485414949 20.95379254065933
-2.4098250569285895 19.960931593228217
-2.9715345105810127 20.788266162599943
-2.996943390100255 21.787943304902186
-3.002928926040687 22.787925391421492
-3.8994092203967115 23.231008997337277
-4.107972964416699 24.209017772696868
-3.292418101526113 23.630338011848504
-3.8784322639040187 22.82003720258535
-4.1720682877808954 21.86411990204007
-5.169000617553815 21.942388221643462
-4.289264014844705 22.41784958690234
-3.702054367014521 21.60841470410129
-3.3897154293240956 22.558385434177968
-3.9106313296145765 21.70477742998368
-4.7732184608884305 22.210685960214928
-5.44184142797382 22.954287552390422
-5.1787259733896125 21.989523199007202
-6.018510006011436 21.446602598409445
-6.940679298479407 21.059816099124475
-7.9223382561130835 20.86917064049101
-7.105909252383423 21.446616466408035
-6.524180896175533 20.633233334308734
-7.157642876697631 21.40700715089406
-6.623719948885733 20.561474001244225
-5.624191283687782 20.53077469428782
-6.273206759991457 19.769999489961133
-6.572392795225206 20.724194289947548
-5.717683739210591 20.2050869507906
-5.558616637891538 19.217819176943024
-6.042265973232693 18.342557318740543
-6.030163394165317 19.342484079848536
-5.093550901145639 18.992117075238422
-4.1954191441764355 18.552390629452624
-3.504400112627649 19.275227193301866
-4.498764861980147 19.381240141780548
-3.5823693106552277 19.7815140398952
-2.806510985272177 20.412421211303013
-3.5641339943213644 21.06511361677381
-3.4971634350612932 20.06735866479793
-4.198989408964713 19.35501022312453
-3.305944298199059 18.90504307972675
-4.294374565109854 18.75336708474187
-5.2760858256495125 18.94374303104191
-5.861486667666492 19.754487043764676
-5.544414507971116 20.702888459593495
-5.756668668452119 19.725673963508576
-6.519856243063555 19.079496955283496
-7.133487940767647 18.28990456703954
-6.135462032765537 18.227101008568976
-5.447477032456209 17.501376102458284
-4.482438170012495 17.23926926551323
-5.090247286932982 16.445186097710046
-4.113886787473068 16.661334600120743
-4.265920874529742 17.64970985091006
-4.784872416709112 16.79490619107369
-3.9349418053979006 17.321800825660294
-4.027407389785296 16.326084944646087
-3.034539494012047 16.206865225040644
-2.1337894138722735 16.64120298891594
-1.884445152114293 17.609617899544833
-1.0826337920601343 18.207195127096302
-0.3473983308641627 17.529383341568824
-1.0014996230931708 16.772976374715437
-1.1272921417887871 17.765032946812116
-0.5476878967184803 16.95013484330685
0.19949957713743183 17.614748173682354
-0.7883897205253529 17.76990852803658
-1.5359945402440742 17.10576469306306
-0.6431363112764747 16.655426838819334
-1.3204531273468532 15.919735374502746
-1.975299681401061 15.16397351343583
-1.5822895999654898 16.08350767587353
-1.5533032081257159 17.083087482136197
-2.3805017602739937 16.52117774265503
-1.9252007032345944 17.411515289576876
-2.011693022290237 18.407767807136743
-2.949644293673077 18.754534893970707
-3.596607505651367 19.51705610832919
-4.328800300454597 18.835958676798107
-4.659008438167288 17.89205053201477
-3.7358205254000025 18.276399433041405
-4.012486696686079 19.237365524881227
-3.0140133642680897 19.182129626679814
-2.126072714622551 18.72217158217243
-1.340104668565461 18.10390446305869
-1.0987667540639636 19.074345605541875
-0.3218138622735427 18.44478686806101
0.18467085433616426 19.307035806500938
0.4403785163102043 18.340281653881064
1.2002992216826183 17.690265868267904
2.050415930760943 18.216860191201448
1.0655354235633296 18.043625129674712
1.7875817185237755 18.73546987232576
0.7894742103198663 18.673976766476535
-0.1171691659708256 19.095874607462022
0.3241388213141514 18.198518902984425
-0.32657420659800285 17.439195154307093
0.5916013825390967 17.835368837825747
1.5027399014788823 18.24746906750806
2.4969142376582236 18.355253061135897
2.0436869321972067 17.463858081576024
1.3109891352270802 18.144412222196095
1.4673624175660898 19.132110251236615
1.011440414603472 20.02212998540803
0.011602681206714704 20.004115911020623
0.7500333263609968 20.678445342602124
1.4050339962545415 21.43407363908063
0.5492113291248557 20.916804306501334
1.3888373701506038 21.459969208931
1.2732586673133683 20.46667088342629
1.9336455982251506 21.2175963800509
1.5511485679854125 22.141553100821834
1.45702221379341 21.14599284174832
1.1272461930882511 22.090052043370694
0.17516591003022708 21.784203821842183
0.9608754768932933 21.16560825401143
1.1444889867181964 20.182609739765464
0.5117204173819279 20.956950709661886
1.2718799656853275 21.606687164790557
2.241276704079761 21.36118774811053
2.592079954002339 22.297636935116294
2.6942429776267067 21.302869265454717
3.4418000009436915 21.967066899363065
2.613157151758805 21.407289239488403
1.7519879982339468 21.915607731201305
2.476622272529272 21.226474095019984
1.9995034902343487 20.347635277271582
1.4956675371603525 19.483835918398228
0.4967646973976694 19.437005194358903
-0.11774673294736149 20.225913111656798
0.645295654533635 19.57956466468156
1.2423440278290228 20.381769900232495
1.8440203448675714 19.58302988651406
1.3847758705547342 18.694719967165454
2.022669088508908 17.92459514449833
1.25223965614991 17.28706985891744
2.2518246081802316 17.258261463013813
2.144506518558019 16.26403672602532
3.101118655665139 15.972672316497752
2.4542006773293075 16.73523190715666
1.4704228214499098 16.914622905485267
2.4598206647258185 16.769392372466278
3.345567642700136 16.305223985984213
2.8609788880298805 15.430481887507678
3.8582458533330897 15.356599549192438
4.250549958936727 16.27643512619875
5.247469805889542 16.35486228190119
4.259164500265843 16.2023741745746
3.326892112771553 15.840617079943831
3.4248017609297503 16.835812387809348
2.690778979680301 17.514937233921476
1.7429127064315262 17.196268867061068
0.7560043570423509 17.357550948849262
-0.20863245800741892 17.09396829568211
-1.1993985356618864 16.958385924522798
-2.1957781882354954 16.873370702725207
-1.4283478673990229 16.232238343020263
-0.4352134110643444 16.349216766846293
-1.4048327907518843 16.104598168750503
-1.75885831372669 15.16936240752106
-1.3257730044713567 14.268009471703346
-2.3206759835588846 14.167172661942418
-1.3993548529184046 14.555975149377037
-0.554947140706166 15.091676199923416
-1.5537207698176856 15.042166223237855
-2.3456015197044633 14.431490468062693
-3.0455490374131067 15.145684750071103
-3.178241884117895 16.136841956791297
-4.000937007662529 15.568359121785807
-4.947909077466416 15.247043235139438
-5.463091610788149 14.389962750377242
-6.45079529600707 14.546300302503926
-5.466454324910613 14.722575237253265
-4.610297227158666 14.205859624978036
-3.7758693727678954 13.654742436154448
-2.7759822858005108 13.66976952222853
-2.907811259547188 14.661041998231418
-1.9365400141330111 14.899017139436532
-2.5927592429203066 15.65358743024436
-3.586124794492459 15.53858794785529
-3.3055110169154513 14.578767179256298
-3.0085508988870755 13.623877296442277
-3.338633282197822 14.567829424586442
-2.824371443397583 13.710196192281515
-3.3279126154706686 12.846224961263223
-2.576157851134755 13.505667736868698
-1.705842869614526 13.013172221212521
-0.9386270944520668 13.654561303082385
-1.5346108546337858 14.457557789749456
-1.9808013808314597 13.562619795064103
-2.3010809689376495 12.615296732195617
-1.8930694897739275 13.52827352974889
-2.8376130611364223 13.199887412810638
-3.5651897686745455 12.513861076109208
-4.532093134340295 12.76900394092076
-4.608114907870752 13.766110098734101
-3.610078079131524 13.70348032562143
-3.0477048565706695 14.530363847374353
-3.199843148375096 15.518723063533555
-4.103714317427465 15.090918306949545
-5.0756655455091275 14.85573580285847
-5.20788183836895 15.846956692419624
-6.1521497471706965 16.176134632760675
-6.434811140437174 17.135354386913317
-7.326630729042359 16.682963160893095
-7.710260898574727 15.759476348304759
-6.712227750757167 15.696787945410993
-6.475033887077705 16.668250281805363
-5.957202985598012 15.812767285204771
-5.051939188121121 15.38791736231703
-5.79886289080346 14.723007607259017
-5.075510806527731 14.032528235971244
-5.213700518436126 13.042122458765418
-5.509386158194447 13.997407757741966
-6.119158814566754 14.789984131059176
-6.1752278218379795 15.788411026942706
-5.40193307701117 15.154364311295318
-6.343267967557889 14.81689042513611
-5.426791469829086 14.416801898543874
-5.457044122659667 15.416344182290146
-6.151460338796235 16.135917749596903
-6.570837898780667 15.228105840564254
-5.703122323714246 14.731044797243465
-5.759361482174607 13.732627471143967
-6.757687165570183 13.790470620027449
-6.292220446394385 12.905405236375078
-5.4097136130335866 12.435105662622885
-4.6378534553096245 11.7993133247339
-4.299289101400746 10.858370086136446
-5.063846445512154 11.502925799450129
-6.002626784474487 11.158409507850202
-6.940967430202062 11.504121573846687
-5.948955747559614 11.377975541404524
-5.291038356303412 12.131065646426913
-5.015021260062627 13.092218372367388
-5.907924977562847 12.641970716877335
-6.43174536350813 13.49379945745148
-7.297354368320999 13.994519989072538
-8.24834495705309 14.303739814023963
-7.304909493263216 14.635296031977397
-6.4152007345018855 14.178767473633703
-6.8439286303694535 15.082201140985639
-6.286306398803707 15.912295983075166
-7.281990269130368 16.005105628971055
-6.31111475801846 16.244690148344056
-7.2434443991305635 16.606299661913287
-6.719383810832579 15.754618677158566
-7.664461937369179 16.081463188726485
-6.921875878666288 15.411712529585259
-6.754373381017672 14.42584087805983
-6.050747366227879 15.136411375133157
-7.045802412003876 15.235736376395321
-6.340159594023868 14.527168656672474
-5.590682175340676 13.86513874882542
-4.918853616446515 14.605845429944331
-4.445534021699733 15.486736207072088
-3.7200540177358294 16.174979451752726
-3.2026691225842074 17.030732260844783
-4.176161655046135 17.259451060336346
-3.4341172355835474 16.589100346497364
-3.2844199236541023 17.577832218544128
-2.7623121926793983 18.43071176294442
-3.5155772293482954 19.088428863628447
-2.6328015112629175 18.61863419405583
-2.2527927817788327 17.693651293935027
-1.3868289240832785 18.193757879739525
-2.011774187686441 18.974426450581195
-2.7160347894376495 19.684368000866165
-3.2044565795201416 18.81176032557754
-3.2979858902325865 19.80737685217684
-2.4614275246976662 20.355254667983928
-2.8707797445909637 19.442878232476943
-2.5456237891574705 18.497217825858304
-3.363349349306239 19.07282611999537
-4.333076674000667 18.828635793116955
-4.174399206715411 19.815966265337853
-3.480475691409593 20.536014982374148
-2.9993543201646107 21.412668976907536
-3.1987557695838746 20.432751091587804
-2.4124152627723485 21.05054442867343
-2.790163835404922 20.124636217307934
-3.6681409627406154 20.603338801252665
-2.8329278254591506 20.053412428624064
-2.572291961413241 21.018849607508866
-3.4029997561845042 20.462140922731752
-3.4598527406808417 21.460523483754258
-4.034080822665102 22.279218854365745
-4.868255322661481 22.830719446891074
-4.267094648789684 22.031591269318785
-3.848047377360999 22.939555687293506
-4.598987850588759 22.27918578665564
-5.307796048822145 21.573784526295878
-4.850601631177714 22.463151303545157
-5.165845024051226 21.514140448365094
-4.200381443022055 21.25360240180312
-4.831863981178868 22.028992499755777
-4.219401148855341 21.238493113910195
-4.225715835274009 20.238513051741236
-4.60643590150412 19.313822708345274
-3.935613037711384 20.055440322357317
-3.2142290744604995 19.362904996497004
-3.483367051921356 18.39980336681908
-4.382740575146098 18.836984411378783
-4.953585722877628 18.015926668396375
-5.934333619570058 17.820648499792267
-6.696091129523018 18.46851075060664
-6.103727147965909 17.66284027618561
-5.471877401213584 16.887749379884394
-4.9200558021846605 16.053787196781848
-4.851106513894036 15.056167030764632
-4.50140349967857 15.99302764037986
-3.5041362552779445 15.919149069430075
-2.7966438754684937 16.62587004160478
-2.05110412288333 17.292331201249702
-2.4108846380583406 18.225368167773755
-3.0237986255536113 17.435218533886193
-3.317963573345124 16.47946386688696
-4.000925484886805 15.749009879709579
-3.9747930784513157 14.749351389357054
-4.793456111121897 14.175077204895828
-4.203518000796301 13.367628738437773
-4.647529115666504 14.263650016015331
-5.375317229229922 13.577847958745304
-5.658715630684587 12.618845692818399
-6.454911682582321 12.013806977575761
-5.7159269953238585 11.340084755886798
-6.260010821622125 12.179115619419623
-6.176847222828047 13.175651527370569
-5.383654289224398 12.566681109303126
-6.092533016873779 11.861350726088142
-6.742588884503329 12.621237144548424
-7.472280553499333 11.937460815477413
-8.408369469715684 11.585697342477589
-7.420724440719987 11.742405021613262
-6.538565634639509 11.27145296369795
-7.145729347498893 12.066029722599698
-6.617398505134134 12.915068308887827
-7.601836790560876 13.090798961268273
-6.771820062769058 13.648537458761286
-5.856288625222797 13.246291033215357
-5.396412257809459 12.358308079158967
-5.976000599614888 11.54339866453472
-5.23983967556001 10.866592123568495
-6.137167489636681 11.307956818672649
-6.70582193564613 12.130533332459475
-7.503230157093531 11.527093088219756
-8.409036661162906 11.10340148199464
-8.455982562099937 10.104504048628625
-8.816130511351886 9.171608848378558
-8.141829371790614 8.433152368153507
-7.436932615077551 7.723842448319162
-7.335170975453595 8.718651258443522
-6.956561719872086 9.644207864809667
-7.31847276246961 10.576420500020097
-6.665224231183 11.333564050723586
-7.232550953454092 12.157056849840336
-7.471056019409834 11.185915596719324
-7.902691237581733 10.283867350540831
-8.643775064476273 9.612454838358236
-9.634284097960963 9.475007195289226
-10.599231071218279 9.212562270016239
-10.634426541344066 10.211942717534912
-11.62938779224549 10.11168251005121
-10.996594857551315 9.337361451444941
-10.26714463053917 10.021395344108111
-10.7918367005753 9.170103248737082
-9.931279180839008 8.660749977200204
-9.500314951729893 7.758380965526828
-10.022576748119782 8.611166176486542
-9.870450038557442 7.622805177540441
-10.406133157434947 6.778386089557661
-10.218741555070544 7.760671377731775
-9.743290984264181 8.640413814311882
-10.343660596706902 7.840691157101661
-9.863386320352735 6.96357279594823
-10.207759655578883 6.024740006797138
-9.20780911284891 6.034685462746141
-8.468707987332573 6.708279944805254
-9.463247699125779 6.812638756921372
-8.697724182523428 6.169230841576237
-9.39812084800613 5.455477024787345
-8.953071657230554 4.559970900972434
-8.906443839668826 3.5610585691687717
-9.814556691036993 3.9797840749359485
-10.535078787649098 4.673216053066245
-9.600552127699206 5.029109185681778
-9.322421611169363 5.989652477665456
-10.320500769011812 6.051604028739732
-9.530060875833806 5.439064417553041
-10.279456461257134 6.101186956474674
-10.847768618981332 6.9239999919711135


0.0 0.0
0.3883769644103404 0.9215005879083361
0.9096578194423777 1.7748857706816652
0.5166559019277811 2.6944234223468104
-0.02764008604401602 3.5333166679256536
0.7540977362853157 4.15692389779057
0.5771361300965121 3.1727061424462155
1.4020471425220014 2.6074435295138243
0.4123841916853379 2.464030685802852
-0.4988144835963113 2.052063485451941
0.18117511994675117 1.3188417324512889
-0.14424699226880283 2.264410581811909
-1.1182378881097723 2.0378234356210765
-0.5459488139627955 2.8578753947139113
0.44825633832753653 2.9653747675463045
0.13304352964338723 3.9143957816663555
-0.5961834018226184 3.2301238456462715
-1.3532040418052413 2.576732882561917
-1.4066008895648419 1.5781595118728435
-0.9133128682418359 2.448025552145272
-1.854008416770624 2.1087736030305724
-2.8453649772051115 2.23996876332051
-1.9254335883809488 1.847889383786152
-1.239702433389254 1.1200344648127647
-2.1898405346536425 0.8082050426510596
-1.443070811594986 0.1431223555189276
-0.4430972102657226 0.15038848547808473
0.549694951028093 0.2702372421406156
0.6837857296664202 1.2612062946766507
1.2698653766421903 0.450952848278083
2.269545676985138 0.4762371735851432
2.140912638588353 1.4679294350416958
1.5510273469455917 0.6604423808398752
2.3620568518736724 0.07543713117444484
1.8580786949616677 0.9391535298583987
1.7780222366244092 1.935943860609302
2.5818507720060833 1.3410827964051022
2.7091023189055834 2.332953273741576
3.201028419577687 1.46231631640658
3.6344157101703227 2.363524092867022
2.6801569629317354 2.064542081169592
3.274305710964911 1.260186895191028
2.704609440116718 0.4383315800767055
2.6012813827226986 -0.5563157506667988
1.8371434905485344 -1.2013686800792815
1.8854651647885232 -0.20253685449569292
2.7143814220320643 0.35683586425036806
3.4371867153200633 -0.33421587621111837
2.4479587238130156 -0.48059886982353406
2.199836314228179 0.48812981761264096
1.2539366453808736 0.1636705497922279
0.9630214724535019 -0.7930783003040958
1.195190470487888 -1.7657537633192317
1.0153288119330734 -0.7820618482452532
1.0688963291261606 -1.7806260780781509
2.021089625394321 -2.0861222753408577
2.242683327755854 -3.061261358279137
2.807563405580246 -2.2360883475249627
3.174525760334552 -1.3058525547319875
2.594051377922726 -0.49157404502931235
1.7979178371575228 0.11354692243806996
2.2274683519593923 -0.7894959089013128
3.1079395492698465 -1.2635955510723393
3.8919222408194596 -1.8843782339418156
3.689426215596937 -2.8636613185343553
2.818858034783802 -3.355709123687177
3.8059383898936443 -3.1954831190679895
3.520517435328499 -4.153885372140842
4.228156895556181 -3.447311671576864
3.3549584528704868 -2.959946839350246
3.267079798900053 -3.956078026582302
4.263965669797476 -4.034935875938507
5.188615034868504 -4.415755454838731
6.113132706911863 -4.796894634246369
6.494282164873477 -3.8723811996789923
6.024228133934911 -4.755018842201905
5.407827475334056 -3.967586160586244
4.793739995762709 -4.75682412687633
4.443919424880047 -5.693640847578585
5.239861030816005 -6.2990142529575195
5.0268120767902955 -5.321972727131442
6.019050656176283 -5.446321436726989
5.022885823447532 -5.358825002316783
5.883062543653791 -4.848828914081586
6.756046110765612 -5.336578533817697
6.971841704195801 -6.313017094023158
6.4823878339376835 -7.185046284411501
7.347337225756303 -6.683187191047039
6.83640132439702 -7.542806004651172
7.350151955758705 -8.400745564745861
7.960498140013436 -9.19288036095525
7.2302489675565464 -8.509699458026876
8.229382579002046 -8.551317080254435
8.225267819812778 -7.551325545911862
7.7367544067930965 -8.423881931081246
6.760851350947848 -8.205677381193059
6.0882279855104535 -8.945662386627408
5.59698396494855 -8.074640393643204
4.919275697324016 -7.339309513023226
4.026892041797133 -7.790587045533406
4.861078185826067 -8.342070025425024
5.21681518409813 -9.276656130639724
6.21450056321047 -9.208656981340146
5.464335322453672 -9.86990739650848
4.733385449491608 -10.552338552902107
3.7745421607105127 -10.268402736986866
4.518453436484382 -10.936681132400405
3.78244590419497 -11.6136544793006
4.555094218939675 -10.978820184604599
3.564849808423075 -10.839478850318496
3.1484425838899814 -11.748657063518003
4.142000150432462 -11.861985621111323
4.295507814977475 -12.85013307818741
5.2421548086098495 -12.527860725282626
5.546985186182463 -11.575454067961847
6.193085591284951 -10.812201641482638
5.364355217049574 -11.371849715561064
6.075649060376236 -10.668954937912527
5.432606473132749 -9.903124518700022
6.107152802108076 -10.641357036316192
6.34003662220269 -11.613861599975479
7.036178068618578 -10.895956949912538
6.438565001578942 -11.697741598121445
7.436356835695325 -11.63132280732649
6.540570219813625 -11.186838455737808
6.374332969713959 -12.1729242413971
5.374338378741782 -12.169635164567946
6.285464562554052 -12.581762665678571
6.284221945361756 -13.58176189362953
6.691643297922395 -12.668521595855905
5.739529103772034 -12.974264234847277
5.347323786908876 -13.894141938362408
4.898988479053248 -13.000276483313383
5.749078691893258 -12.473639388120095
4.792345298081508 -12.182673388103854
5.782234975456065 -12.040833948499436
6.295198821278371 -12.899244160973163
6.903622646909999 -13.69285643935838
6.186382165714628 -14.389682165156898
6.787538529892944 -13.59055074554689
7.6959994756697485 -13.172580997839818
6.97265896371079 -13.863072492182038
6.513827042189874 -12.974549409874424
5.979248567980374 -13.819668250577815
6.527731909550341 -14.655829732601617
6.516509835810933 -13.6558927020537
7.478061957791611 -13.381270203495307
6.479354825119937 -13.432103884758058
7.094901168252896 -12.644003193567116
8.086594982834155 -12.51538212950189
8.578091368434556 -13.386261743996192
8.993245502325802 -14.2960128336427
7.993361860835424 -14.311267455235566
7.014200475056805 -14.108183776422882
7.618230982636023 -14.905144971157979
6.835491160747446 -15.527494046219426
7.831120750541283 -15.620884195201832
8.312745291388474 -16.49726185446394
8.214137057869255 -17.492388186284288
8.64193289092887 -18.396263578811837
9.35954506638151 -19.092706516633832
10.33359952679924 -19.319020254927217
10.284750306765483 -20.31782641915634
11.27231465476813 -20.160611093713467
12.266849371316344 -20.26501749955316
12.407286679249266 -19.274927926564658
13.115535448612462 -18.568964980868838
12.462384710966376 -17.81173706675554
11.533923391730875 -17.440307963583116
10.696055491617523 -17.986181009226186
10.961758941598688 -17.0221261992345
11.737595262808233 -16.39119196915022
12.7294583504427 -16.263882835981303
13.453046071401548 -15.573650404058853
13.145312579820814 -14.622177809519457
14.109277056812143 -14.888208798501632
13.11495408875051 -14.78180468586916
13.98539958831783 -15.274069484816838
13.426967635574828 -14.444519152313958
14.121996127399003 -13.725536958130672
14.811350748122072 -13.001112906288277
14.88260438522761 -12.003654676987805
14.813682941839797 -13.001276767080713
15.564607299905601 -13.661664992644631
16.562267225791672 -13.593293417549434
17.226736141429512 -12.845977513696806
16.454064459281113 -13.480783367171679
17.454044147824487 -13.474409788843955
16.719040581695705 -12.796346548594217
15.726355641066034 -12.675612921766112
16.280919172124978 -13.507754310004573
15.674367835837607 -12.712709986430092
15.944706813468738 -11.749944782876621
16.940113612864288 -11.654209190137518
16.205154974873125 -12.332321128125763
16.994034518726554 -11.717773273772986
16.091225963525055 -12.147815960787872
16.77835106100696 -12.874355085963169
16.156835201943636 -13.657756666847952
15.323941583860423 -14.211189789236062
15.618062617564282 -13.25542160733578
14.6185572188729 -13.223973904927174
14.084496195759904 -14.06941983672382
13.378476763034126 -13.361227376573636
14.373179185732967 -13.464023729996576
14.04761554448952 -12.518503600385202
15.011651244941149 -12.252730824776526
15.929816018716688 -12.648929573131078
15.133151345172339 -12.044508033205112
15.854518768007992 -11.351955478324655
16.64220606416453 -11.96803073628719
16.87354544881007 -10.99515762579856
17.614243198791332 -10.323319220248017
17.46787523976043 -9.334089004085405
17.040579515892844 -10.238200924349966
16.715965912195692 -11.184047639359724
17.302444173884286 -11.994012606853211
17.471071457477898 -11.008332720060425
18.313300189090683 -10.469212359059359
17.33218366179039 -10.275794780080075
17.13144061446547 -11.255438709755905
16.355202101295852 -11.885878057094112
17.091736655100995 -12.562277976558228
16.63574810765642 -11.672292333640666
17.60093138628299 -11.410717796157257
18.11697096632103 -10.554153057311346
17.27031263248195 -10.022016171030353
18.224086253208178 -9.721490164823269
17.254715556387648 -9.967092388236816
17.543344352275756 -10.924533466415616
17.65253976286452 -11.918553769179272
18.47454450723157 -12.488034409972322
18.97578664694637 -11.622727344605277
19.954750310213203 -11.418692675974711
19.105253179543748 -10.891099437784186
18.235202368368924 -10.398137384504187
17.286408185598244 -10.714032301748066
17.829855630452965 -9.874589108505738
17.724223932192398 -10.86899443045579
18.41207675545698 -11.594844617152017
19.215806401978565 -12.189839285449377
20.034177819980634 -11.615149610757648
20.393148728449987 -12.548498359550235
19.949400205323606 -11.65234700613768
20.898172233177846 -11.33638555411963
21.844348489110793 -11.012733746294137
21.235000015505967 -11.805636286153527
20.933905357407106 -12.759230543091105
21.607492665501677 -13.498338206678696
21.419216322729095 -14.480454298977453
21.346751757685976 -15.477825286530786
20.839038831337863 -16.339351597457526
19.92026777136477 -16.73414235134611
19.295314542504528 -15.953480156964215
19.90877604746464 -15.16375553285017
18.914839229866498 -15.273708261888052
18.02033561172638 -14.82664755333245
18.848918689482993 -14.266781423569826
18.083837971789706 -13.622847036062895
17.96583347970006 -14.615860097329797
18.75675532292276 -14.003942915095791
18.371739556888233 -13.081032919535636
18.993465188510594 -13.86426803045941
18.088941971777203 -14.290692408737998
18.94314057480855 -13.770745539741464
18.712932551667908 -14.743886981712608
19.5984942672119 -15.208408722821437
18.822792838591717 -14.577308656558877
18.320407120475565 -13.712665036196755
18.26076530906209 -12.714445193511127
18.881246938793314 -13.498666174591131
18.009391024087027 -13.008903717892315
18.547030673746605 -13.85207843710176
18.46023348208764 -14.848304439332237
18.537384110292795 -13.851284990892262
19.283715708244724 -13.185710693087335
18.372177810855526 -12.774494616525052
19.349492507091675 -12.562702301931616
20.319830029735144 -12.80445649972378
19.337296477745728 -12.618370983857933
19.9996906819239 -11.869215513831074
19.994103221270485 -10.869231123811186
19.01577414858061 -10.66217503109771
19.68335004289674 -11.406716786359308
20.041984436624478 -10.473238681830049
19.32405689075169 -9.777120847783916
18.3443415671364 -9.576726524826938
19.02037228142375 -8.839853080238155
18.290283004236016 -9.523204854462449
19.053337136770264 -10.169539435637253
19.6665739845673 -10.959438523181957
18.706005079062788 -11.23748056636583
19.647343563135696 -10.900016703999322
20.2994051258012 -11.658182727040595
21.208744181988198 -11.242126864333502
20.27764822578918 -10.877352522651098
19.569128541819808 -11.583043572210281
20.260792842067254 -10.860824425577341
19.38129091682864 -10.38492909727334
18.80717868682957 -9.566152480994214
19.64254813471882 -10.115841379857207
20.49838554071886 -9.598596433539587
19.94884701210551 -8.763128058572901
19.129191566616836 -9.335984891194075
19.16740209581688 -10.33525460226224
18.17285086969552 -10.439503624418327
17.795744566314127 -11.365673606630027
18.240740749873964 -12.26120607204777
17.50275159029724 -12.93601863887447
17.922577539341425 -12.028414004405722
18.922098761818965 -11.997473322173331
19.36079465764394 -12.896108905146942
20.126398112943647 -13.5394216978327
20.607310527513317 -14.416190338645528
19.96571379694084 -13.64914820465372
20.88890465724505 -14.033490025759324
20.110016615231473 -14.660653017339866
21.09184952243128 -14.470905442020499
21.503109668508056 -15.382423457338302
22.453733430050224 -15.692769174227417
22.47526633565458 -14.693001034118804
22.327312917741892 -13.70400670343336
22.763387797296723 -14.603917087539044
23.184238782508285 -13.696787301760592
22.486014615351696 -14.412666490170544
21.644112483163827 -13.873036246561533
21.510951035272637 -14.864130605740073
20.801328554149976 -14.1595485067017
20.33929215570033 -13.272687544370129
19.606854759428632 -12.591853158823442
19.932122242209793 -11.64623110713196
20.697948560626486 -12.289278578179266
21.654455169410568 -11.997567921273527
20.709762455521716 -11.669611100449023
19.92594269362856 -12.290599490731607
20.266932360393707 -11.350532446761129
19.586619801985684 -12.083454559179856
18.640173058989568 -12.406314532964227
19.296625369272533 -11.651947006937188
19.910573594816178 -12.441293303787823
20.795651647154298 -11.975850674380759
20.163653534991923 -11.200880748368663
19.522486333472372 -11.968281960053652
18.577273768444677 -11.641826439478846
18.56262858495636 -12.641719193028242
19.10759664261709 -11.803262386669386
19.809838172294764 -11.091323601382367
19.282302379968193 -10.241790795768376
19.653244888588954 -9.313134963235065
20.62484824076008 -9.076519397285086
19.783616273888992 -8.535845024012042
20.559706863834272 -9.166466460531913
20.730275429366767 -8.181120650954288
21.522111125937574 -7.570386478309409
20.869026225449645 -6.813101781016067
20.578349446845394 -5.856280475661584
21.410603058934083 -5.301885377229671
20.716759806568003 -4.581759318024713
20.896812049912583 -3.5981022692182787
20.283351421544747 -4.387827574272221
20.87873724064008 -5.191267507571642
21.810771624234455 -4.828897658111375
22.71069516027614 -4.392849920726766
21.985280386912585 -5.081161918723246
22.603976967660664 -4.295531890675287
23.532869246337263 -4.665881907031431
24.33373330205297 -5.264728101193665
23.432072414076586 -5.697171904587403
24.32361204039754 -5.24422919882927
24.84031911955137 -6.100391446509181
25.792955632638865 -6.404502731950054
26.73249827651267 -6.062070811208689
26.942685713375422 -5.084409703572169
27.50328552960461 -4.256322844574997
28.07000692482258 -5.080232342154798
27.390876394026776 -5.814249863840086
26.632143750420266 -6.4656520249708835
27.29302777229547 -5.7151639773445035
28.195500962038786 -6.145910006687229
29.125057838907694 -5.777231267585394
29.792409318739093 -5.032488357335929
30.61909716513063 -4.469827531768228
30.86586330371651 -3.500752471286629
30.991209984862707 -2.508639468889405
30.369202485315885 -1.725628185121726
30.878701941954724 -2.5860991629499894
29.886855975124746 -2.713541613032785
29.129611409284237 -3.366673045062372
28.15849329564476 -3.12807377984703
28.582814154269876 -2.22256187548815
29.21733527588532 -2.995467397673029
30.096276563005567 -2.5185374093147805
29.31581349331283 -3.143739294185413
29.119376430859152 -4.124255729791961
29.975826815222796 -3.6080263823858214
29.834837226635596 -4.598037461066263
30.5753924497864 -5.270032968092957
29.60025666268742 -5.048424762651778
30.477441973398623 -4.568272775597163
30.64401032980906 -3.582242865988572
29.652415539559893 -3.4528605953688696
28.81305607388524 -3.996437349270614
27.877610947414276 -4.349909293506253
28.803156298296805 -3.971272523686237
28.207220135829782 -3.1682407121967553
29.20420534577741 -3.0906488882351697
28.812507672634606 -2.1705549077883277
28.143729348158775 -2.914016778169923
27.765975432969086 -1.9881107464588963
26.93916925457359 -2.550597673744354
26.30782656771534 -1.7750937009946288
26.916707376930276 -0.9818319786294534
26.151281439325775 -0.33830798215203517
25.46738566321847 -1.0678877018692072
25.955912499862155 -0.19533883224704418
26.53171944426015 0.6222468591535829
26.707686550703954 1.6066429062046648
25.91659925266104 2.218346173218305
25.211414653427124 1.509322421145568
24.21827822182915 1.3923607683150845
24.948275285466075 2.075811049668063
25.910411267644566 1.8032411470789627
25.826752980208365 0.8067466458682224
25.572794240170726 1.7739616986659414
24.925401796114297 1.0118048753161513
24.563023033473367 0.07977395716652835
25.54065284501022 0.2901069112997664
25.07772203510268 -0.596287507251225
25.427642393509757 -1.5330669598291857
26.110229917879 -2.263870812840011
26.839380465613363 -2.948224141712368
25.95132589653261 -2.4884860833195552
25.08355339907118 -2.985447744466125
25.10540690576839 -1.9856865608602425
24.900028466188523 -2.964369194074779
25.326085550162503 -2.0596729128866724
25.89737143940801 -2.880424052239505
25.633447745348114 -3.8449676146117695
26.512185656913857 -3.3676630129399654
25.94001655724837 -4.187798685489323
26.898601195720865 -3.9029908715435724
26.28019234824616 -3.117134334149495
25.353809242837915 -3.493716784635672
26.328779826025468 -3.2713828872674875
26.44506200625927 -4.2645991046945255
25.763160616045056 -3.533154989246242
25.298493803164938 -4.4186405921827525
24.62288371933146 -5.155899715301971
23.712870538443557 -5.570479032936468
24.112079649955355 -4.65361912799681
25.10341916437627 -4.5222952263349
24.223692648792976 -4.046815197543284
23.43308553294124 -4.65913895860813
23.851470144040313 -3.7508690002832497
24.257672019531032 -2.837085636269753
25.154013706917354 -2.393721700599023
24.402110374331798 -1.7344483290400503
25.398018509416612 -1.6440769482168665
25.148010958902578 -2.6123208352029774
25.983271732502175 -3.162174852270968
26.113572207320175 -4.153649403765964
26.231938197896636 -5.146619439706049
25.242386203648312 -5.002442982962365
24.58515053906595 -4.248757848970073
25.514726604174363 -4.617388204716253
24.827620338956976 -3.8908312693705005
25.461012760606437 -4.664662026188186
25.910594956261875 -5.5579009916110085
25.12951525335505 -6.182332331076753
24.191517621460758 -6.528973994124778
23.606465202962223 -5.717978514723681
24.388286957665905 -6.341480514617871
23.504322567584868 -5.873926285604099
23.694593365267448 -6.855657930988536
22.748746382221032 -6.531045108287413
23.437615238083467 -7.255931098925099
24.145737735031805 -7.962020703235807
25.067253786107337 -8.350360976205474
25.741555918044632 -7.611905402142405
26.25820580219457 -6.7557086390044825
26.697305383690153 -5.857270239596708
26.627245913104478 -6.85481305601175
26.040630897521392 -7.664678985343549
25.48610130879066 -6.832514977937484
26.190025345877235 -6.122239714386979
27.0618156204586 -6.612119002727844
26.445571610773694 -5.824563721793566
25.86978440871561 -6.642163316917072
25.267359130424524 -5.843988032862306
24.796205565757532 -6.726039232340878
25.44795511516766 -7.484473491089584
25.171379100358415 -6.523481447401273
24.769300756827086 -5.607876180016303
23.776867040936224 -5.730657772948872
23.106482231242964 -6.472671389355291
22.35381345971482 -5.8142720269874975
21.468152836944427 -5.3499388908945
22.017343014377634 -4.51424148811591
22.766143760228893 -5.177036662368559
22.121215087993924 -4.412793894833766
22.626278787427722 -3.5497118248576562
23.540925653959633 -3.1454580561141143
23.937053210990506 -2.227262565730529
24.652588125272512 -1.5286855932762116
24.84589833582872 -2.5098232811135066
23.847399650658662 -2.455047595689529
23.768836918235905 -3.451956767617579
23.382666239380242 -2.529529422623862
22.716574082040694 -3.2753988736209827
21.98362401520585 -2.5951164326254803
22.729767524027952 -1.9293312839155963
22.340008024348894 -1.0084146034227677
22.289035694320404 -0.009714537551403724
21.45510316249012 -0.5615809456205395
21.12536998256221 -1.505655111168262
20.587709951100745 -0.6624933885024038
20.44535919737639 -1.6523096658559884
21.23982559333686 -1.0450015515601352
20.4293806513144 -1.6308163652600038
21.390765948187138 -1.3556104224518648
22.338366240363843 -1.6750688489593262
21.37976522319418 -1.9598215309155886
21.96418398536583 -2.7712737540450574
21.467332990292086 -3.6391096191106986
20.800749153320126 -2.8936795497629824
21.79952239621675 -2.9431973170163817
20.807958622363135 -3.072817077782911
21.491548593466252 -3.802683333618347
20.492537541343598 -3.7582207905422957
19.915308854182005 -2.9416382517149557
20.47933194173228 -2.1158792331688345
19.667494956769772 -1.5319950752685
20.043584853873814 -2.458578255180737
20.967904599648012 -2.076959325393549
21.94237983086706 -1.852464283709818
22.839425615257966 -1.410526662877976
23.488923556795804 -0.6501633129339426
22.63642205704297 -0.127438535523145
21.6829937001686 0.1741810399487339
22.63324840531982 -0.1372928680082049
23.511968231858983 0.3400450274568225
24.007128611430396 1.2088466149914527
24.989313444192558 1.396764028479305
25.394238463476412 0.4824141344245345
26.389589136834847 0.3860967577736334
27.3385760105085 0.0707811799867023
27.894035179289652 0.9023249923122768
27.999945963495367 1.8967006284724408
27.101779734008343 1.4570445990482332
27.70840622474576 2.2520315805363613
28.231978892211508 3.1040126025566894
27.236773060440534 3.2018152221997402
27.807621903174226 4.022870396198178
28.788129999724053 3.8263917138933556
29.72604087457564 4.173268047527009
28.813469367121165 4.582185207575675
29.26827049573885 5.47277823102021
28.418607025464528 6.0001035454906955
27.55062454460922 5.503508727829188
28.30560123425639 6.159260356183554
27.452145706600025 6.680426032636636
28.1576549428466 7.389126757605062
27.185829327639997 7.624827783543231
26.506393371290493 8.358562600230727
27.493053802237856 8.195770726960712
26.722035744761712 7.558957445813316
27.68313491819195 7.282753936002678
28.663600832343782 7.479443008364141
28.07849237969422 8.290398061766018
28.18115509499764 9.285114286066461
29.047344956849884 9.784829328089799
28.686148619814553 10.71731911683403
27.717850657327364 10.967117146936669
28.680659757522278 10.69693454834479
28.107187172697067 11.516159300445148
27.40553717883446 12.228681079840422
26.478692969078836 12.604127228898404
25.787030167461012 13.326347810755626
25.03385069495806 12.668532728684553
24.93622315067121 11.673309707147913
24.000972592422183 12.027296138095315
24.003685497399115 11.027299818028792
24.92782533746769 10.645245429233132
25.13037914523352 9.665974294684807
25.49724277571329 8.735699562881775
26.475336857284493 8.943862882406101
25.700802830098265 8.311330637591118
25.392358157694055 9.262572922219729
24.53493551544803 8.747960045812768
23.905945647138573 9.525373542971167
24.89976815744189 9.6363547035995
24.90536030810634 8.636370339796272
23.983218450001242 9.023222241084715
24.647395003962302 9.770797993211824
23.64742894973648 9.762558430356753
24.20362278889516 10.59361102392826
24.00616775299015 11.573922968564125
24.218165075106114 12.55119321543326
23.5090133796449 11.846137279478894
22.617275143911428 11.393585714537446
23.574705176398947 11.68225114871852
24.054700560005998 12.559522162553993
23.672455234449732 11.63546128193498
24.32859422210251 12.390101347716001
25.01258852128405 13.119588701058849
25.90782466367458 13.565180722259546
26.00188452605826 12.569614178884185
26.81868139459307 11.992688814949018
27.697889257210406 12.469127199540205
26.754503508667973 12.137429551904543
27.48761605258395 11.457322208940916
27.22408759862986 10.492670585837233
27.674293230935792 9.599745679341723
28.428581850392025 10.256288654750653
28.815658614572023 9.334241162138726
29.403480294840406 8.525250635490574
30.205232107056528 9.122907754253633
31.04778874953254 9.661515500409914
30.80718071725809 10.632137865083743
31.30256335732362 11.500812740927234
31.593532972208273 10.544080446492748
32.34691070514928 11.201668456958775
32.58505552237028 10.230438800270525
33.49502117664881 10.64512242429424
32.88101380714655 9.855822132772115
32.09812411760266 9.233661595606769
31.533714757140288 10.059156643334166
30.76215831613659 10.695317517913626
31.74702352171366 10.868639550106977
32.67340028355409 10.492041494984486
31.978973010689845 9.772478598009986
32.440196191232424 8.885194439619795
33.42052979936733 9.082541891493879
34.16676364839975 9.748225782359698
35.16348442149007 9.829143644975101
34.166382019600796 9.905214665387868
34.957976071061545 9.294167320502092
34.98674412154513 10.293753434486963
34.35773633414924 9.51635443564832
34.12792594622278 8.543119014179759
34.83798569537735 9.247260443603249
35.29612224598008 8.358378617373333
34.75390452400859 7.518140590395234
34.14098020293574 6.727998972305549
34.443693343223906 7.681080686901353
33.483573775157716 7.401490960665953
34.28963761117826 7.9933195610730765
34.93652263469339 8.755907107753343
33.93904484604834 8.684927806828448
33.20822727656854 9.367500645534793
34.08129715845039 9.85509574533668
34.811608352620375 9.171981143187077
34.3187421393829 10.042086249394913
35.21057460483907 9.5897204089976
34.21993580477156 9.726229631399635
34.848270721643615 8.948286682180743
33.976881837553385 8.457693762659897
33.02637074737059 8.768384392450239
33.88444586879146 9.281908574936875
33.22213091066605 8.532683043976174
33.22023183931486 7.532684847213798
32.47196163850138 8.196078928114849
33.116908240916494 8.960306564381165
34.06700345487804 8.648346495770836
33.22011091427342 9.180110564384213
34.16716003112502 8.85902183790724
34.88683253832033 9.553335515136217
35.13083591962119 8.583561134203341
35.841164969049984 7.879691372430901
36.71879805218509 7.400358323928328
36.52115009025698 8.380631389530798
36.46616900817975 9.379118785852663
37.39086348980197 9.759828801031418
36.613407929975374 9.130890924532702
37.24855136199404 9.903285137848382
38.15798312205336 10.319138325638749
37.20488168034552 10.62178934878992
38.17899505095327 10.395729309855101
37.90569548074312 11.35765828068556
37.53961638379971 12.288242019411474
36.85015751900174 11.563917179473279
37.60754188372571 10.910947866203754
37.69022013228939 11.907524158925211
36.796668425128445 11.458563863765644
36.972231028020914 12.443032132662932
36.66699184096768 11.490756416975989
35.9618235211835 10.781716473973656
36.955416420744065 10.668698112886503
35.95647635560826 10.622668271843233
36.903221452091444 10.94465231226302
36.08571732213418 11.52057504796879
35.09659231524224 11.667652309097141
35.26276272277176 12.653749360944206
36.26093214918784 12.593269643945801
35.331687953298406 12.22380350963061
36.317700300974515 12.057131225701182
35.76727211600881 12.892013740307496
36.47593268272887 12.186464166446093
35.572678568798 12.615570220548065
36.46426431315239 13.068422139461982
35.80088972725293 12.320134655414096
35.32683167842116 13.20062824785973
34.429010276435996 13.640988021382928
33.64691612103861 14.264148299395929
33.190062283021575 15.153690075081089
33.82946373032423 14.384817010663255
33.15880715098746 13.643049019582284
33.27142751948998 12.649410930236694
33.51411899811434 13.619514453683095
32.616538480830116 14.060365012253436
32.05751155729027 14.889514515514204
32.79907791436 14.218634989770324
33.25971417294514 13.331045987316665
32.46643882917985 13.939909049896478
31.626894393932016 14.483200078024494
31.114243768920417 13.624602770391157
31.341475917372964 12.650762151650266
30.571195998388642 13.288468076359692
30.893799242615202 12.341933794458345
31.46169202692959 11.51883125800031
30.56785263952901 11.07044398171857
31.1082546699972 10.229037037686222
30.20654697798306 9.79669083594215
29.765350243580393 8.89928042729267
30.675451864091887 8.484895292011066
30.254110390206982 7.5779932232161515
29.783322799604424 8.460239812631286
28.842858636755118 8.800132675745758
29.773938201950838 9.164948853121366
29.15891354466079 8.376440976860602
28.69101710843013 9.260224278899427
27.999053866440402 9.982157012424555
27.48828630198817 9.122438165880213
28.27625759845535 9.73815014070597
28.298658641566163 8.738401075556347
27.41069450507751 9.198313776305048
28.094290277079608 9.928174598997195
29.041831783344456 10.247807347484175
28.222498317010896 10.82112459905248
28.752403425861797 9.973067657795752
29.610571127726523 10.486437110993165
29.350845064472274 11.452119445959715
29.68144773888557 12.39588947709589
30.680829545247004 12.431046341486182
31.013553334125124 11.488022015015975
30.029524521154194 11.310012758956008
30.184755263049347 12.29789099880679
30.910026770393085 12.986353953972385
30.98780779606245 13.983324420960159
31.7535143657659 14.62651447771864
31.08433549655103 13.883413111149912
30.306479666889242 13.254970346642937
29.312363873085005 13.146647733542201
29.410499449823924 12.151474678954147
29.469498666517513 11.153216649970886
28.608561238114945 11.661927515173874
28.055813019299432 12.495275825663716
27.055836163040226 12.488472374630803
27.851157036284906 11.88228370055208
27.4223567302691 12.785683001836263
26.481528368900808 13.124566454434724
25.706296059989914 12.492890218360671
25.02662614177795 11.759372118871816
24.170213527821076 11.243080113650395
23.183080242684184 11.083180528363725
23.06706377904039 12.076427818902989
22.75785078106642 13.027420627437285
23.629560717429555 13.517442858408268
22.913289704246054 12.819620649193714
22.293428334854422 13.604331986397357
22.65960068759672 14.534879034153231
21.690394501142478 14.288628413567565
20.75826520362899 14.650754044691645
19.857153290401246 15.084340621789037
20.064847393135764 14.106146796573757
20.60994948628704 14.944516469237373
19.768719556716782 15.485194012321251
19.139904764077226 14.707638897517374
18.97217228773292 15.693471447385457
19.04148276845121 14.695876310437306
19.73596411426628 13.976365601472605
20.474405643653014 14.650683113982092
19.550539182571544 14.267968125918129
19.049728306533716 15.13352486377084
20.03017286267908 14.936729354866502
19.7405249286625 13.979596096474586
20.516669278481025 14.610151366252563
20.15679867941301 15.543153591290869
19.158792406269487 15.606268397526605
19.12277795120686 14.606917128439234
20.1205294416573 14.539895017879175
19.308524689531254 13.956244195447889
19.318965240688033 12.956298699487462
19.204283766926046 11.962896384422827
18.72281252765019 11.086434493779445
18.635281091755868 10.090272735965847
19.40397669564578 9.450657954585429
20.39868234495335 9.553423081139178
20.397685234090265 10.553422584024018
21.387786019963812 10.69378081788504
21.343502829363466 9.69476179953241
20.92607826393368 10.60347337763393
20.63053697546182 11.558803345136464
21.46979194272086 12.102541425402162
22.30228620053586 12.656575098300348
21.75872079837669 11.81720828124386
21.623629016384736 10.826375192152543
22.377187120780043 10.168993884766829
21.477229264276225 10.604970783830364
22.470436538364314 10.488612240102336
21.578658315718165 10.036139476707596
20.78122664604867 10.639548734349638
21.496851118368365 11.338033962981681
22.113891557576682 12.124965406235543
21.543416318068644 12.946280206484658
20.861246182251715 13.677473686898367
21.845005377412853 13.856966990216101
21.05083244982596 14.464658820906678
20.282877241413495 15.105162371148335
19.756715187946867 14.254778050095918
19.014278650971722 14.924694454257178
18.3000618282348 14.224769936812923
19.066956289150394 14.866543172322926
19.68471342353091 14.080174223977448
18.76460453216697 13.688511578282172
17.893871897311733 13.196754851233061
18.876571923451596 13.011550481347491
18.448940982360167 12.107597065389978
18.42649282487247 11.107849057027167
17.92574476179248 10.242255978657408
17.134398419097874 9.630887868674666
17.532379892823055 8.713494416239163
16.94487584228835 7.904273191477161
16.419223640053353 8.754972763761934
15.602165446169776 9.331527971706244
15.673877755818443 8.334102613774707
16.268103938915807 7.529804632102779
15.90022337310106 8.459677682199308
16.734304273964092 9.011319822373093
16.44943716808344 8.052752802291982
15.449511827656158 8.040533409042439
16.449502109773707 8.0361248185123
17.095210568474066 7.272540778368185
16.650383449431242 8.168157233199192
15.85663298337769 8.776400768010511
16.80593108626075 8.462023428078659
15.863919553613469 8.12644292751356
16.204840626707902 9.066534849572323
17.122467023522848 8.669090770652508
17.551191495058685 7.765655478278828
17.043287772323925 6.904241635557356
17.07303961610222 5.904684319646061
16.66602034306613 4.99126474936241
17.2137607885792 4.154616433551554
17.41616518992702 3.1753144074559114
18.032286119857353 2.3876628349304814
17.636499729577647 3.306005436179797
17.018207453120535 2.5200571803299097
16.040739138795686 2.731139378752563
16.334397365525763 3.687049858804825
15.602860997533218 3.0052474370547437
16.51982608141771 2.606279976054842
17.1968668914205 3.3422254506592886
16.527848230169802 4.085471056699665
16.358683961035947 5.071058926982375
15.498410413636691 4.561226186129946
16.492039093513853 4.673929542448943
15.844128892373694 3.9122128160614236
14.856553721708451 4.069360142750474
14.016551329584097 4.611942838037895
14.643773322396342 5.390783368398659
15.38618568679458 6.060726560907262
14.505953798885166 6.535270366585334
13.844540016005372 5.785249161674005
14.163741175840686 6.732936145630095
15.106224216419884 7.06719011826257
16.02347890711357 7.465491301289222
15.222755152809418 8.064525081048814
14.646000426763315 7.247607713144639
15.09273715134808 6.352942245549474
15.909948667287455 6.929280113658162
16.337645955442188 6.025358087316793
15.48525003539167 5.502461161067237
16.080549924334793 4.698957556704253
15.081278969093718 4.660779578607052
16.077913666768918 4.578808367868986
16.981534394325426 4.1504748754471965
17.3541227875005 3.2224781678715635
18.325155313205705 3.461425513583063
17.40044251210955 3.0807599970348707
17.999513490794868 2.2800640731680035
18.9994936450804 2.2737639910190746
19.27817490487554 1.3133803408880484
19.728032174807975 2.2064808037078465
20.435214060156486 2.913512472754519
19.82034654673671 3.702142893763613
19.256985873401398 2.875931811933321
19.961131258572923 2.1658759855776437
20.805443373003698 2.7017276940058546
21.36761184744935 1.8747049577165495
21.97145567110508 1.0776023064646376
22.887113472955697 1.4795609982603193
22.26675336269385 2.2638781111654946
21.627372001749794 3.0327678791279276
22.36054633801033 2.3527271504587373
23.074653522050927 1.6526907730456695
22.309238479616884 2.296227728329276
21.596212773676395 2.997365619665973
22.54118652687751 3.3245117731830174
21.551761731012483 3.469558570208828
22.147620109402215 2.6664690403911635
22.793212655197365 1.9027869960731527
23.579037593326266 2.5212359968927123
23.29639410550354 1.5620109665732331
24.12612251779926 1.003843642351161
23.12631043480819 1.0232291705889824
23.834661960268708 1.7290890124682026
23.392190560897703 0.8323063962569682
22.395457329990464 0.7515421318498963
23.251499796709908 1.2684476311173056
22.80400593172417 2.162734632476559
23.654329784392747 1.636474862417257
23.458542578672848 2.6171212666203187
24.255397176740008 3.2212923926593118
24.768646010342028 2.363052545759761
24.06432933154139 1.6531666281904385
24.046487041485825 2.653007441863082
24.751101707577078 1.9434172979566768
25.66042249397419 1.5273215067905777
26.505083960799695 2.062622362814721
26.308589527366934 3.0431273029501282
26.9771532223052 3.7867821864885145
26.460628787632384 2.9305097366304533
25.679520636991935 3.554905490141845
25.623892310442244 4.553357035929261
26.479149229986565 5.071561244298471
27.222949678072247 4.40315949876848
26.740778971530393 3.527082213505971
27.44066496188679 4.241336790322142
28.30634721910328 4.741930667172987
28.22571469226519 5.738674563876501
28.889901471154246 4.99110789611437
28.840072054215966 3.992350153111798
29.806340141731095 3.734811839360511
30.1188416030283 4.6847291182259445
30.974275208848272 5.202641607005506
31.124294867880447 4.213958593141168
30.52052620223287 5.011118174644233
31.18035601288051 5.762533253665608
31.433371539827874 6.72999547159639
32.24114304330322 7.31949118674043
32.056483859735366 6.336688568752437
32.552844146844336 7.204805188441922
32.79683367478848 6.235027321993324
32.43848263217797 5.301440405707561
33.364091014683744 5.679923063480747
32.77507457275233 6.488044113283595
32.61231903808619 5.501377687415389
33.52876048797355 5.901546487958804
34.52470861584346 5.811616923340599
33.5422649798039 5.625057276028079
33.26593924025344 4.663993237754933
32.84754346425532 5.572258053008134
33.482311711583385 6.344960629802111
34.47782646294158 6.2503541827267055
35.138096228757455 7.001382701725453
34.4044221464399 7.680884240307591
33.74621350768069 8.433719805263681
33.10625194719941 9.20212672942975
33.40768646222538 8.24863984795153
33.46228441948054 9.24714826707656
32.690428207475826 8.611351139063439
32.76079511352113 7.613829962078403
33.47450863821635 6.913392238460437
33.50721362715898 7.912857287223155
33.552039696077244 8.911852093788903
32.61342052930905 9.256807249969228
31.68629740195798 9.631564113456431
32.53931729030653 9.109685707999917
33.51509020587241 9.328471487355086
34.51420810236071 9.286478286515058
35.413318816296126 9.724199572365476
36.15402171124237 9.052366839151139
36.971436415990006 8.476317188111974
37.90440151504863 8.116350350835914
37.102508466359716 8.713817955367231
36.33484844809251 8.072960641798922
37.06093219026619 7.385354359577
36.8285563543959 6.4127282901630736
37.48228754477102 7.1694551436120095
37.991107639214505 6.3085822659520625
38.21609862280565 5.334221420421677
39.04520564316476 5.893311349495022
39.80161902677723 6.54740522126874
40.63814919247978 5.99948434936326
41.15845491346976 5.145504281267348
41.341844918214086 4.1624640449800046
41.74059624840942 3.2454049538264105
40.75773872416004 3.0610382349577723
39.929260874697825 2.501016402391884
39.15422511811879 3.13293378308651


0.0 0.0
0.8096660407282108 -0.5868908778397423
0.9544296534549592 -1.576357146304868
-0.012054315591848885 -1.833084117181573
-0.7589392297848315 -2.4980374425743714
-0.743936916300534 -3.4979249015366882
0.2266774342436959 -3.257284542250049
-0.6021246534485315 -3.8168264079196392
-0.42832364068851214 -2.832045616086456
-0.8181976959681356 -3.7529138048191437
-0.811254355859338 -4.752889699542679
0.18753484628781858 -4.80208451303197
0.5972546238299025 -3.8898730770748964
0.6005655785746006 -4.889867595849214
-0.3920530048215317 -4.7685896180599405
-1.0677118307679825 -5.505804071879631
-0.38206582369326825 -6.233739201532336
-1.2601768794635835 -6.712196068693778
-1.4556561678968978 -5.7314882387089225
-0.7049893248635583 -5.070807309083767
-1.6314976095865412 -5.447081674859162
-1.2076475130244053 -6.352814028065267
-1.1712631319562667 -5.353476158866722
-2.1667531931533652 -5.448342053991351
-1.2261388874847374 -5.1088649148913445
-1.3291658148022703 -4.114186347590577
-2.201207908828345 -3.6247554676426335
-2.1023416339421654 -2.629654739228605
-1.2277192940655688 -3.1144596098608908
-0.48743528704374206 -2.4421653372780376
0.4014467298010561 -1.9840291565086903
1.2716050370881073 -2.4768014368363622
1.0697064591705738 -1.4973950021858247
0.2139179559353811 -0.9800691496224053
-0.30146063003082346 -0.12310654067877369
0.5508579622010507 -0.6461295012989328
0.27229554069272605 -1.6065476275977955
0.9978308023620877 -2.294732620222868
0.24728733701001282 -1.6339115350437563
-0.6359329125926907 -2.1028699454510527
0.35829761568237806 -1.995605521498478
0.5248886019335287 -2.9816316080194527
-0.3823416970275021 -3.4022658727282122
-0.860230395884872 -4.280686268384193
-1.8602302186375317 -4.281281662916461
-2.086900332533958 -5.25525325360388
-2.714255048725573 -4.476519627726495
-2.8609999501617307 -5.46569399754331
-1.9428100968896465 -5.069553374344694
-2.6721425661869267 -4.385393927118587
-3.6537556075418496 -4.1945121913711905
-4.64402448595731 -4.333679531080569
-3.6936438366100672 -4.0225901205466945
-4.682414122004734 -3.8731467442446683
-5.677912513338031 -3.9679251851097646
-5.810264931692799 -2.9767224624764754
-6.353355052513054 -3.816396875965085
-7.353259232135903 -3.830239981568872
-7.994602236373492 -4.597494275082766
-8.769317135048418 -3.9651835715745136
-9.58776846182499 -4.539759437494472
-10.327003572639414 -5.213206874893402
-11.163500401440006 -5.761178640047917
-10.865470559235181 -6.715735193194648
-10.99123010893575 -5.723674441194495
-10.408311046102328 -6.536204665977184
-9.4289812395952 -6.738474609584022
-10.15040760512204 -6.045983455039262
-9.325031835863145 -6.6105672305060095
-10.16213773781971 -7.157608096355614
-9.565208469850225 -7.959901963365336
-9.167691511039443 -7.042307135863662
-9.841245311953378 -6.30316893682752
-8.950308813966554 -5.84904102912422
-9.054829155485312 -4.85451828015927
-8.42060095389903 -4.081372376521004
-7.881608163539512 -4.923682753959428
-8.712014053647822 -5.480841669955056
-7.747459169452851 -5.744723983450345
-8.555403378404531 -5.1554649952105
-8.00928775014301 -4.317755188315222
-8.437426517079146 -5.221468193780123
-8.024938517282726 -6.132431228169526
-7.412122142559525 -5.342205886339037
-7.197720997504874 -6.318951579444081
-7.696784942149701 -5.452386417926758
-7.785780314181409 -6.448418457450054
-7.552076127181942 -5.476110711425721
-8.16819530097635 -4.688457765209626
-7.604891818741133 -3.862207689928735
-6.766833359110525 -4.4077881315151
-6.4516398254020615 -3.4587607155210356
-6.133115890274119 -4.406675533819922
-6.792963140670523 -3.6552757692842217
-5.909731867045147 -4.124213416834614
-5.898863314247778 -3.124272481298874
-6.8920263199749225 -3.0075366939197514
-6.548761442303521 -3.9467753343925747
-5.56736155111477 -3.754800717386297
-6.54880946894429 -3.9465296525737137
-5.637271285221403 -3.535314210724578
-6.068562494817562 -4.4375269863629425
-5.2516862154954245 -3.860714066708033
-6.226231097537523 -4.08490655740643
-7.10985114065513 -4.553111234231468
-8.004162108880157 -4.105665268653036
-7.93751626815037 -5.103441963065879
-8.909441771109892 -5.33873075731006
-8.087853647017827 -5.908812290383076
-7.094118333945995 -5.797053051149673
-7.989042742775126 -5.350835276423217
-8.355402516019106 -4.42036200085394
-7.489431867327228 -3.920267174241858
-6.659200197703496 -4.477685665820482
-7.165074851600785 -3.6150786669245205
-7.899596292476638 -4.293664146354828
-7.94171556233501 -3.2945515565499566
-7.520912360597267 -4.20170350931601
-7.525762958758911 -3.2017152735364713
-7.733215510996882 -4.179960354571869
-7.1928055711828405 -5.021362218695181
-7.362168621888134 -4.035808487508597
-6.62986371621292 -3.3548315972076006
-5.712713718831946 -3.7533737935984957
-5.893091002764086 -2.7697762969357274
-5.272643444033503 -1.9855283598231968
-4.669317947384365 -1.1880333158930971
-4.213084363825315 -0.2981732610345441
-3.6776026057245845 0.5463735326609566
-2.7659706054382225 0.1353661166039148
-2.517483743087765 -0.8332691497575908
-2.6173394789941673 0.16173277587199852
-1.7742615396858372 0.6995241743264732
-2.012724702924702 1.6706757174844475
-1.28212600603166 2.3534828235533496
-1.993105421499808 1.650270003149334
-2.219906485291535 0.6763288974027181
-1.9689815456163147 -0.29167764939796714
-1.2279428250417466 -0.9631399451445022
-0.41378039621016083 -0.3825027611138433
-0.14114927277947792 -1.344621397528773
-0.5469165594243431 -2.2585978245162877
0.2507975874617786 -2.8616335944816744
0.5642133861502518 -1.9120175999173104
0.42314220651495915 -2.9020170556122653
-0.5665918958670769 -2.759096075409828
0.24554744242182436 -2.17563254167043
-0.7445974545437566 -2.3156792589222785
0.24220362612924007 -2.4776163676484937
0.9065580475643638 -3.225034057243543
0.47479409294513186 -4.127020691009012
0.783161841217656 -3.1757534668152347
0.14043097737932264 -2.409661411857327
-0.8094959380486475 -2.097189244543977
-1.5490715094712368 -2.770262772588982
-1.6437122602582714 -3.765774263376741
-2.4482501775602525 -4.359675551153919
-3.4459376417492638 -4.427644101234826
-4.391611727385471 -4.102527931602919
-3.998564596599388 -5.022046258217906
-3.5780118097295865 -5.92931432965878
-3.575159799215083 -6.929310262668523
-3.1272997190136884 -7.823413919165911
-4.0434742485819 -7.422634389535883
-4.908067639716841 -6.9201622330876065
-5.611404040277384 -7.631019397113221
-6.3166645836541395 -6.922071186059745
-5.319044994417134 -6.991028819216551
-6.0655202069070056 -6.325615596370625
-5.4945707503871795 -7.146600808234831
-4.645875873341698 -6.617718018122736
-4.192388267531332 -7.508980600853764
-3.246112200194217 -7.832340469088835
-2.6747624142222186 -8.653047129272455
-1.677226240130803 -8.723201112616673
-1.107816351122302 -9.545254868948536
-1.7920892451748984 -8.816028836455946
-0.9659695072773667 -8.252534223654623
-1.7763658708830472 -7.666652210059146
-1.092052507926701 -8.395840266241757
-0.1539696006788296 -8.742251090451079
0.7767716683226755 -9.107929487649312
0.0903895304688902 -8.380688426628094
-0.6579395399752664 -7.7173607532055355
-0.6790150543879611 -6.717582866526579
0.10732796363503683 -7.335373007275428
-0.889307434152218 -7.253410309190016
-0.7356339422635241 -8.241531990912836
-1.701994218756282 -8.498724168120543
-1.252813340958147 -7.605283325635436
-1.8272937511348282 -6.786764994549789
-1.5042395690636803 -5.840384523784282
-1.0266701722876763 -6.718978554758204
-1.9227493674823444 -6.275084337698242
-2.6312502032128773 -6.980794310540582
-3.2807194456376703 -6.220406446918229
-3.23836325689456 -5.2213038729674075
-2.2668517571646016 -4.984311455594093
-2.347968925691842 -5.981016028158162
-1.5149529048468584 -5.4277671609965665
-2.4997538107219737 -5.254080155761424
-1.5297240572142936 -5.497066322671866
-2.450595974814642 -5.886931570385813
-1.6691949128847074 -5.2629024200933205
-1.9831072864147505 -4.313450461464168
-1.3024009210055798 -5.046006837514119
-2.226010421477975 -5.429341535444182
-1.6073225138647074 -4.6437046772373405
-1.3843749773638452 -3.6688742325095425
-1.6613175833283353 -2.7079877704331965
-0.6700214488238678 -2.576336816329169
-1.669647247381139 -2.603691210103071
-0.7971053660126713 -3.0922305281297526
-1.4451859143481829 -2.3306587305498114
-0.7684030181876189 -3.0668413923019875
-1.492356587689337 -3.756690092529596
-0.632830775245327 -4.267782430314526
-0.4065936492680198 -5.241854687813695
-1.2983935995756755 -4.7894247499987195
-1.8753100848344995 -5.606227889706572
-2.2977797969520832 -6.512604931749941
-1.3400425082590859 -6.800249305668477
-2.0457485938935216 -6.091744598063424
-1.5570305430555145 -6.964186382244523
-2.1275832819255096 -6.1429254175274925
-1.3558183969896356 -5.507017434891705
-0.4626611397347563 -5.057272936522974
0.08003845746492944 -5.897199806672572
-0.1956369485405992 -6.858450591079891
0.6341418363750306 -6.300358154198741
0.10440516065297167 -7.148520316992474
0.6620439321284153 -6.318436585946407
1.3507671880007368 -5.5934122575127825
2.0807257342635057 -6.27690367716481
1.3820297473291512 -6.992322378235609
0.7117832955069774 -7.734460972987145
1.7090366003648096 -7.660394476174273
2.541629402249181 -7.106508904733445
3.383998826069459 -7.645409409291283
3.356043950258813 -8.645018595382734
2.7572266796252283 -7.844132912909296
1.8026114147984074 -8.141974642960037
0.9299580884951344 -7.65363442129912
0.5197205217927523 -8.565613115604041
-0.25558719611998626 -7.934029437422803
0.5487298045362664 -8.52822987705183
-0.4375288937376267 -8.693438170061247
-0.027085285175713236 -7.781552188048872
0.7834521327188491 -8.36723904481861
1.5536666052101222 -9.005024013569827
1.1627215407462608 -8.084609999893727
0.3951604128092927 -7.443634247715746
0.20842894023698033 -6.461223255741931
-0.7534318215374614 -6.187683724853449
0.09118398633732472 -6.723056620215198
0.6994220559530592 -5.9293019662634086
0.03196514956294361 -5.184653540419282
0.631262139004871 -5.985180316015103
1.2932924465570843 -6.734657381629736
0.6121119397244184 -7.466772889668729
1.4807107999948474 -7.9622888025685175
1.3590659444931497 -8.95486249208984
1.6915596326109175 -8.011757011583102
0.9062369000866397 -7.392670421693932
0.10555503009672917 -7.99176018380764
1.0126346688069703 -8.412719242431278
1.525387363361328 -9.271255598229473
2.180335274242548 -8.515581571924264
1.5213188268277937 -9.267710099528978
0.5274117505221746 -9.377931348249977
-0.4009919066238842 -9.749504556915273
-1.0172941125618844 -8.961994816686014
-1.098721297789781 -9.95867410989214
-1.907519859398466 -9.370588328105399
-1.68395729477289 -8.39589874690632
-2.172709978001777 -9.268321130065168
-2.995272141209517 -9.836996334077972
-2.5130029565961043 -10.713019412296983
-1.5908619532768018 -11.099873351138596
-0.9735227977415092 -10.313176225782865
-0.5203836177019276 -9.421736444578853
-1.0947843168940277 -8.603162173808249
-0.09830219498078219 -8.5193565611843
0.2197131853800624 -7.57127100710495
1.1158523384475234 -7.127497846200042
1.1308745466897943 -6.1276106859366815
1.4242646943235715 -5.17161789241184
2.0484804353103523 -4.390365878843667
1.4118276885581702 -5.161516499703756
2.409318952577986 -5.09072682387352
1.5416994133883453 -4.593498169011036
1.8063056279566374 -5.5578547167732415
0.8867919145135245 -5.950912639718521
0.9026434623608721 -4.951038283396266
0.27099471329055413 -5.726292988508013
-0.33996864402433813 -6.5179518645515495
-0.6804286773685142 -7.458210853179301
-0.5046930458535899 -8.442648249774965
-0.10006520721852807 -7.528166805347841
-0.8142272750918388 -8.228147191366562
-0.9211051128209 -9.222419351191204
-1.0462413204387002 -8.230279779586969
-1.2382844017707866 -9.211666275781244
-0.7623381099075193 -8.332191928650182
-1.1368134006125266 -9.259428822141484
-2.0300797225966694 -9.708956661111355
-1.2377547239277282 -10.319055912450235
-1.8788302592482582 -11.08653370236568
-1.0963257191727118 -11.7091785808969
-0.4495689670433638 -10.946482243174541
0.4808144992579356 -10.579894456098678
1.127343248328514 -11.342784078930993
0.13675272156443485 -11.479643160782597
0.583757114015047 -12.374174922728399
-0.3796231198182396 -12.642313925969855
-0.4596739455702576 -13.639104709081547
0.4231662933881785 -13.169431298639982
-0.31473755521919594 -13.844337151489418
0.3231590673765496 -13.074215148894412
-0.4038359777142608 -12.387572443833468
-1.0148380309244016 -13.179201454780511
-1.892553240779053 -12.700018806524332
-2.8862307498591635 -12.812290833086372
-2.65573011611434 -13.785363008129536
-1.7657817060258416 -14.241424218254837
-1.3433925683209886 -13.3350096241816
-0.5704419120969555 -13.969475764367848
-1.5618428791165 -13.838616593528691
-0.9163212895628939 -13.074874570709346
-1.5157106860943035 -12.274416981997918
-2.143136036539159 -11.495740264984272
-2.8452411541957723 -10.78366695151129
-3.8435043009362007 -10.842579512649797
-4.595273581415201 -11.502005739704869
-5.032676363083825 -12.401271443814922
-5.42378575211328 -11.480927244173827
-5.550942659535048 -12.4728098586474
-6.266188633166829 -11.773937053908565
-6.220000984123042 -12.772869834968336
-6.927393162937493 -12.066048566646462
-6.28723868297446 -12.834294778341162
-7.19347562848331 -13.257064926997367
-6.278081579378625 -12.854505943910752
-7.265450701606204 -13.012942734056034
-6.611965814289055 -12.25600317104714
-5.8284940032371875 -12.87743049687624
-6.8170302488743655 -13.028414241238181
-6.72552471796202 -12.032609673156447
-7.28671323360287 -12.860297687998283
-6.383300248335462 -12.431526212675788
-7.338302171592499 -12.728125819174787
-6.630702573848316 -12.02151219825295
-7.388079749528815 -11.368534546446833
-7.773243300475019 -12.291382875817652
-7.18804927274957 -11.480489572161451
-6.457944624898168 -12.163824924083025
-5.890928926407353 -12.987531909403032
-5.4380244830970454 -12.095972845050152
-4.554184654646401 -11.628183193984274
-3.608033681171442 -11.304457483864754
-4.057911754395317 -10.41136750002641
-5.057897051276011 -10.405944768018385
-4.970444262003829 -11.402113433279702
-4.0064246234846745 -11.667944463352185
-3.9323032980848542 -10.670695232156206
-4.232624868834709 -11.624533244683668
-3.519881517654397 -10.923108326856921
-3.3097370395465724 -11.900778669212048
-2.3628460021125903 -12.222333273015503
-1.572447740115178 -12.834926602583716
-0.8917949013971841 -13.567532713085898
-1.890127379780922 -13.62525846647365
-2.4828858303151056 -12.819878171631323
-3.069061013824483 -12.009693838138169
-3.846496144267973 -12.638656967385277
-3.538388534492735 -11.687305454642175
-3.4590875861844284 -10.690454733823152
-2.5690117665952217 -11.146267234071447
-1.5981628065743718 -11.385959321605503
-1.0772560439376806 -10.532345741207815
-0.48748740999529405 -11.339918003248638
-1.469169905805278 -11.149393785837095
-1.8386270351403007 -10.220146009631241
-2.34822941931604 -11.080556034004738
-2.436810079060038 -10.084487026998035
-3.416874005301909 -9.88580461590091
-4.39484902973926 -10.094526563900546
-4.867201384432481 -9.213116753984767
-4.591839951788863 -10.174457526766435
-5.455899981667944 -9.671068745837259
-6.019206306103715 -10.497316883414985
-6.84661088859024 -11.058923201827003
-5.957146024711308 -11.51592676409412
-5.020570953891901 -11.165459737514412
-4.261951600526892 -10.513925642704283
-5.261733647047173 -10.493048395382853
-6.190576105947739 -10.122573448127913
-7.0048123758263205 -10.703107079207296
-7.844491552837108 -11.246189835050718
-8.373495091636041 -10.397570217119217
-9.011633225177198 -11.167492110898456
-8.065550769700936 -11.491418008967763
-8.803395465960282 -12.166388529955126
-9.56790149343734 -12.811005108978074
-8.575280601059198 -12.932264187048215
-8.171725244691364 -13.847219417836493
-9.087131017733917 -13.44468709530777
-8.239433984753134 -12.914206426220217
-9.194203703994031 -12.616860191637269
-9.839123657997817 -11.852610067052552
-10.446732761218218 -12.646846289900452
-11.446025993468236 -12.684436660732775
-12.436262612152678 -12.54503996415641
-13.339948372531659 -12.116843693168136
-13.911706036310465 -12.937266251311318
-14.132550154061732 -13.912575369311691
-14.177743865997535 -14.911553611517927
-13.33140069245282 -15.444191605463404
-12.565472494788551 -14.80126548527325
-11.766666999466644 -14.199676106507699
-11.69590988964009 -15.197169681128104
-12.672423181592503 -15.412626847730335
-11.675341246174936 -15.488965658724203
-12.598780019490114 -15.872711449500024
-12.753012505968332 -14.884676865027018
-11.771046539476616 -14.695619094353633
-12.548937668442244 -14.067220024115159
-12.461530202842853 -13.071047380966647
-11.588390478174311 -13.558517401794331
-12.464056574664713 -13.075600341154242
-11.873183496277688 -12.268835812163632
-12.787769767246955 -11.864444970335418
-12.690618180987427 -12.859714566619388
-11.740637472864341 -13.172023154708095
-12.412723797633344 -13.912495957759289
-13.41236712450986 -13.88578979683614
-14.324004380086903 -14.296785556235136
-13.477256946936787 -13.764790458086958
-12.705561352211316 -13.12879839124862
-12.791203361877168 -12.132472417392476
-11.864428819626859 -12.508090505131511
-12.335021587036884 -11.625739981098475
-11.483150835987267 -11.101987918089495
-12.059067945567884 -11.919496011561547
-13.02648420203832 -12.172687217405523
-12.303200970367381 -12.863238712070217
-11.336482626246855 -13.119081716940135
-11.807485317654995 -12.236949944081744
-10.92320077130415 -11.770001508935975
-11.081787192065672 -10.782656408603751
-12.0631477839359 -10.97483181994484
-11.439570458805521 -11.756593496917587
-12.31209023796671 -11.268014705961095
-13.285197951005975 -11.498365262338748
-14.17553504960642 -11.953667196065963
-13.550122128526853 -11.173373227008964
-13.45676622100815 -12.16900602806132
-13.616231450583964 -11.18180248240504
-14.371034056421014 -11.83775448234223
-14.710044753054998 -12.778537001082741
-14.695364860057092 -11.778644756517572
-15.540918025304075 -11.244753527201329
-14.541066258919486 -11.227535941493183
-13.654664939402068 -10.764618345416107
-14.031673873691151 -11.690827967189822
-13.031680668605087 -11.687141535079881
-12.613140842670274 -12.595339979312449
-11.942939516749421 -13.33751932605684
-12.911288830498309 -13.587118217404653
-12.324201100017458 -14.396641531904516
-11.587775247296896 -15.07315979732297
-12.023715367949366 -15.97313546988613
-11.15321362447806 -15.480970137285981
-11.100376362685417 -16.47957327355497
-12.097364728227104 -16.557124540304862
-12.941282574953275 -16.02065211046614
-13.149662894437792 -15.042604237173872
-14.13316095168631 -15.22352292440212
-15.128163410862571 -15.123672505108086
-15.664802123706131 -14.279860386282095
-14.745266493004669 -13.886853740192665
-14.252823572387443 -14.757198482196646
-13.276415457598622 -14.973131789897286
-12.455172596949179 -15.543710587113164
-11.599114166471447 -16.060589648023935
-12.532610562346061 -16.41917642816105
-11.871068265763386 -17.169084282388567
-12.410191095320114 -16.326857130931938
-11.77495613793539 -17.099176073413883
-12.592662937486207 -17.674811018468787
-11.827180899952719 -18.318268282172898
-10.864051996530641 -18.049227922016684
-10.099197444614028 -17.40502491487341
-10.990454186961907 -16.951525830839667
-10.343025936219473 -16.1893994239093
-10.952159145519754 -15.396331499121304
-10.013035328746549 -15.052752604587129
-10.349154536908106 -14.110933153787323
-9.981448209258469 -15.040875117893911
-10.302513214071205 -15.987932277037222
-9.304327869765975 -16.048148706807282
-9.75724644711146 -15.156596822565348
-10.756749019257562 -15.125059411870641
-11.71438106210523 -14.837064845061821
-11.402513647687131 -13.886939213461362
-10.599464773957742 -14.48285238364806
-10.646245992564856 -15.481757543102967
-11.485385203628788 -14.937840835826014
-10.48649918727687 -14.985029037069491
-11.483975408349393 -15.056030363781606
-12.312808393108218 -14.496534266050999
-11.876576097975885 -13.5967001787418
-12.869939328817347 -13.711719705832687
-13.59048719857929 -14.405124902944396
-12.646583061094017 -14.735344495394909
-12.086674968463553 -13.906789773118271
-12.17033151710223 -12.910295125932516
-11.932698030279315 -13.88165001779253
-12.932697285793452 -13.880429783727637
-13.910175753511087 -14.091464958872413
-13.162527890911065 -13.427369579013751
-14.064735123666267 -13.858672383507534
-14.836232819398992 -13.222440267468823
-15.782719511091196 -12.899697424868794
-14.863570115914216 -12.505788311816316
-14.683396002579512 -13.489423045284006
-15.132717664035505 -14.382793094337826
-16.039114625921375 -13.960366121377927
-15.060274138124692 -13.755741344163745
-14.178851015062595 -14.228068855676106
-13.242363838093649 -13.877367034504994
-12.482859132694847 -14.527868842709305
-13.204734252314797 -13.835845496518091
-13.419274646085698 -14.81256061334624
-12.652844837336643 -14.170232544318516
-13.638417820373318 -14.000981561727011
-12.652536237856197 -14.168425597910856
-13.40526250387779 -14.826759227950513
-13.650327848494646 -13.857252664348273
-14.308178786962195 -14.610400818934982
-15.125746028710731 -15.186233959019582
-14.401074174372356 -15.87532807706862
-14.715765220171024 -14.926133921116245
-15.712959506556544 -14.851277022970015
-16.433589654936224 -14.157957335346564
-16.977491773404484 -14.997106002464458
-16.487349969190632 -15.868748711240244
-17.485010779450167 -15.937107380568198
-18.478159855368926 -15.820253142297963
-17.859806940643935 -16.606153691255088
-18.838017384713368 -16.81376950739991
-19.615864541912114 -17.442223006107515
-18.63751999662598 -17.23524003408115
-19.423596140246012 -17.853369710145536
-20.38245316606043 -18.137259132361887
-21.36446489373503 -17.948439200390855
-22.00588087657003 -17.18124591512057
-22.29220107624753 -18.13937990536235
-22.565474674067442 -17.17744355573491
-22.92883477223527 -16.245794781217676
-23.89681862399671 -15.994782305971752
-24.838404757890515 -15.65801004990109
-25.10855072199949 -16.620829429678853
-24.923593895639115 -15.638082782580682
-25.35517452821188 -16.54015714624927
-25.570742233398335 -15.563668250008947
-25.045091789043255 -14.712967591522482
-24.058985033887154 -14.879080406908612
-23.299339208893542 -14.228743401526192
-22.484552588356127 -13.648982448207308
-21.773701225507097 -14.352324711927949
-22.48400053170552 -15.056224488610711
-23.032315995114395 -14.219952910361929
-23.81541683524853 -13.598058165102564
-24.62602684324896 -13.012471779562787
-25.405563293282647 -12.386114913975064
-24.44930695808613 -12.67864494900826
-25.424185893500177 -12.455909542559327
-26.300132717550373 -11.973501871148127
-25.535799112173464 -11.328680857461743
-24.916725523237734 -12.11401383873926
-24.307865891375958 -11.320735861804854
-23.449313079763368 -11.833461002276938
-22.547303334913813 -12.265176672824625
-23.276986034554277 -11.581390772234826
-24.135858973379676 -11.069202061940052
-23.558084919222825 -10.253005307264345
-23.268327651327425 -9.295905142338128
-24.14319438682014 -9.78026884362913
-23.265385026084466 -10.259278996136175
-24.099841566994947 -10.810352749214395
-23.175141665075415 -11.191049598938703
-23.787113833551995 -10.400170300303271
-24.414034577037267 -11.179253339130247
-24.87256780725108 -12.067930601576906
-24.093122156312944 -12.694400454988564
-24.059153550628874 -13.693823355380525
-23.572253515763006 -12.82036565403053
-24.320143386224675 -13.484188478028639
-25.120610021685106 -12.88481116321379
-25.997867050048498 -13.364832106701709
-25.828883861810976 -14.350451040211553
-26.5121833487879 -15.080589253906105
-27.24219271575458 -14.397152114045454
-28.22486300095596 -14.211790007394075
-28.10675276312542 -13.218789518109396
-27.736963248176583 -12.289673963060455
-26.923045673142486 -11.708693601042414
-27.7257722345669 -11.112346330080488
-26.864643575303397 -11.62073341901474
-26.00096759959153 -12.124780846325065
-26.309239794317744 -11.173482652298247
-27.174925762910203 -11.674070110972687
-26.816632041332955 -10.740461194413765
-26.117850472866547 -11.455796304394832
-26.56002632552238 -10.55886792635783
-27.46019213764051 -10.123320557299422
-28.454066736134468 -10.233834278024393
-29.42945235627373 -10.01332828711814
-30.268477587536655 -10.557420798833007
-30.161681332188717 -9.563139872814784
-29.322248178414256 -10.10660282495068
-28.340962527930813 -9.914045113717702
-27.34429864104731 -9.832429572414176
-26.38167556365715 -10.103274197385577
-25.520367449133175 -10.611357194399996
-24.82107066764303 -9.89652573776317
-24.536868298204173 -10.855290053539127
-25.530080651391167 -10.97160523516541
-24.858154443924846 -10.230987134036408
-25.60245308464625 -9.563140195419278
-25.95188771191402 -8.626179448500691
-26.45114473498258 -7.759725511515743
-26.883184723880035 -6.857871062065342
-27.23801129720502 -5.92293892395988
-26.770681342220556 -5.038855945289768
-26.895256644893937 -4.0466457891414676
-27.195564756877477 -3.0928035391457556
-26.41132867842803 -2.4723409913169316
-25.98812841864171 -3.378377160637335
-25.2330454201658 -4.034006373998538
-25.868478575527394 -4.806162255325105
-26.71628953149964 -4.275863676283615
-26.069970973698535 -5.038931380908767
-26.08950836229964 -6.038740507915842
-25.156823650651223 -6.399433214602999
-25.563962988144706 -5.4860671544357915
-24.935709138821423 -6.264075573934242
-24.405116551648977 -5.416448588499228
-25.190680205282277 -4.797667733842024
-24.39724310827899 -5.4063199934279025
-24.162286821882134 -4.434314055440588
-23.16422566764034 -4.496554977618372
-24.159632410573202 -4.400818797812664
-23.780203624147077 -5.32603974225307
-24.414609043747685 -6.0990402361606595
-25.10287296177344 -5.373579844999406
-25.58050223271626 -6.252141328071951
-26.444164347402378 -5.748070150899615
-25.951401840412096 -4.877906309025769
-25.166100265640516 -4.258792881081199
-25.688823788879944 -5.111295149847774
-26.685691822653006 -5.032212134974586
-25.708567566684312 -5.244881334431454
-25.01994790084033 -5.970004052192332
-25.816693264830768 -6.57431922241375
-26.449482972617226 -5.799995526715671
-25.58375645954775 -6.30051286364674
-24.971238427419625 -5.510056248570435
-25.62446815129101 -6.267216025533604
-26.029361761835837 -5.352852222586455
-25.439359116374593 -4.545450910754022
-26.26982268311021 -5.102523854204662
-25.546314783786144 -4.412207752975899
-26.269611754918667 -5.102744856649929
-26.929963399972788 -5.85370138327069
-26.238815236074366 -6.576414476786947
-26.236557116624862 -5.576417026341921
-25.687291746106933 -6.412065010094531
-26.148587079693694 -5.5248183616302615
-27.1252001810208 -5.739822664648245
-26.759404831904334 -6.670517975996035
-26.536147598461323 -5.695758411941713
-27.217575307755034 -4.963872985794475
-28.008282531406334 -4.351678501610196
-28.88576386790699 -3.8720677176478047
-29.728809329769526 -4.409910026538604
-30.60622453407451 -3.9301782689339593
-29.963902465767806 -3.1637434311517785
-30.685942228025773 -2.4718918706863438
-30.61728488314597 -1.4742515702804027
-31.257404463784034 -0.7059762794609264
-30.36889045351229 -0.24712679046609104
-31.339470255990026 -0.006347125580785651
-31.85192607870941 0.852366464483443
-31.14451686826317 1.55917068700608
-30.419022968120117 2.247399283371576
-29.914712044569576 1.3838771398294432
-28.933435955022176 1.5764835677662177
-29.84148673677674 1.9953436610610091
-30.766007705160007 2.3764748445394335
-31.327120504394344 3.204214191517337
-32.28149146146619 3.502837828052969
-31.581704499332695 4.217189427496811
-30.583625010024235 4.279135638210327
-29.939042584578605 3.514600814407887
-30.397797255024255 2.626037844020137
-30.286169424775906 1.6322877609942057
-31.04487653487987 0.9808558604261605
-30.04494020668389 0.9695713775429762
-29.26536586279455 1.5958810791679032
-29.10308025829475 2.582624907409121
-28.12030218949748 2.7674147001226572
-27.585566712209967 3.6124342083768126
-28.557890067257453 3.378794971027433
-28.61211480291322 2.3802662142842625
-29.405393359051185 1.7714073370625663
-28.83911467880925 0.9471934956940474
-27.88599959837093 0.6445854266657167
-27.535299758965056 1.5810733457766335
-26.769238648384025 2.223841091432372
-25.865490888909452 2.6519064920952693
-26.86017001075977 2.54888491884443
-27.625108987192228 3.1929876764339813
-27.291305387312423 4.135630321717593
-26.437189557480025 3.6155474925165936
-26.279008338047113 2.628137394422232
-26.297602840152987 1.6283102871224575
-25.67550857505876 0.8453679359005603
-26.178044160096146 1.709924461392753
-25.968926131566377 2.6878148694364263
-26.80820925749891 3.2315094845697
-25.90035050338554 2.8122333433695164
-25.684613390498697 3.7886848260983053
-26.683674361671976 3.7453584383155527
-27.65297614804535 3.9912324852041667
-27.355943744249842 4.9460998849490005
-28.17440810713571 5.520657181209196
-27.32255134683558 6.044431999171047
-26.385773406792993 5.694507591549108
-26.951463652997116 4.869889773799868
-26.231610848776267 4.175763027264787
-26.863940980327946 3.40106398587398
-26.06619603413777 4.004059011415678
-26.105507328068484 5.0032860237454555
-27.03460316344557 4.633446965931176
-27.770059512993093 5.311019071252989
-28.169432914216113 6.227807425452341
-28.546827474044747 5.301754864194746
-29.402943695227087 4.7849715287160635
-30.085289939010917 5.516000668760492
-31.075915959772857 5.652602597697695
-32.0121862250197 5.301322096652427
-32.70130724601626 6.025968367891471
-31.991781379716937 6.730647759566996
-32.78703100901083 6.124365624659556
-33.63985281084901 5.602163581088783
-32.68331625706295 5.310551130615394
-31.713019413200797 5.06863371745308
-31.33208900138603 5.993237427890494
-31.05373626999049 5.032758507286485
-31.747447730630704 5.753011524896563
-32.04286657412789 4.797643686361696
-31.39275749155645 4.037802794623094
-31.61337461566333 3.062442305085605
-32.47317014343337 3.5730807783978187
-31.77734898082282 2.854865692463738
-30.98672327633804 2.242565933025646
-29.98725595126303 2.2099305824467708
-29.95983551110213 3.2095545714853406
-30.77919387603102 3.7828362385749643
-31.47725575820512 4.498873673808314
-32.4380980991645 4.2217780299960985
-32.81969331571249 5.146107565771999
-33.685960118508376 5.645689217130209
-33.66499747756366 6.6454694768296205
-33.42232293820579 7.61557723782705
-33.864527838198754 6.718663180393335
-34.64824167178723 7.339785251360109
-33.75284719549365 7.785059023126362
-33.77432695469885 8.78482830648352
-32.77989214352002 8.890182026473541
-32.255722341889246 9.741795799881624
-33.02902223185935 10.375836240368054
-33.411699204221314 11.29971844867379
-34.11616233164903 12.009459036561198
-33.37112867296073 11.342432164972406
-32.9978989614956 12.270171127439575
-32.00222008364193 12.36303431818838
-32.83997804755859 11.816992567134296
-33.64121209425575 11.218641497599618
-33.55390177772931 10.22246033504531
-33.092293196773475 11.109544050366441
-34.081030550704305 11.2592051506626
-34.11532699526641 10.259793446763553
-33.2699331243543 9.725650017501103
-33.751077098933564 8.849008428408915
-33.407737373583835 9.788219710813877
-34.30105545653 10.23764467972569
-34.8313762240094 9.389847602837555
-34.21688375386489 10.17877028861589
-35.15711267597962 9.83822723110484
-34.83182343075415 10.783841796845365
-35.55760693740867 11.471764976763202
-34.557608302042105 11.473417025491294
-35.553505247443226 11.382922417139671
-34.64281531978455 10.969831802793333
-34.298701091968205 11.908759594593299
-34.938063814548705 11.139854328013307
-35.046915799645994 10.145796359210491
-35.87334410080162 10.70883833193458
-35.14995085747284 11.399274582073772
-34.75490870095972 10.480611589144665
-33.799973193785604 10.777424960033029
-33.57005405859526 11.750634696561248
-34.50921592857649 12.094109560231605
-34.96610005045233 12.983635781979865
-34.04735348206262 13.3784835286774
-35.03225848548586 13.205387791491708
-36.025698692089534 13.091035021943902
-37.00634676895023 13.286813849577088
-37.716623983297694 12.582891780894188
-37.131392510012546 11.772025501735602
-37.52971570407824 12.689270634221623
-37.01061965197516 11.834554723119581
-36.81248430258695 10.854380053316891
-36.16380417603665 10.093318890585087
-36.99277221240228 9.534022909297795
-36.83206276183297 10.521024668413608
-36.14670627768045 9.792816944182329
-37.05338431619108 9.370993599069083
-37.81269599654907 10.021720709363354
-38.44878041844687 9.25010123823854
-37.4780699271117 9.009848991606342
-36.67734269302109 8.410819863278173
-36.05323525282289 7.629481330317427
-36.26869832999046 6.652969342486513
-35.28871117879354 6.852030095747791
-35.9984497551808 6.147564941756631
-36.44557839286122 7.042034606622941
-37.29939492252707 7.562608649069707
-36.301599393818634 7.628971913677862
-36.94211287923587 6.861024991684772
-36.78595468273162 7.848757049312011
-37.44291106777292 8.602685632238451
-37.449587450063206 9.602663344949846
-38.11024498038618 8.851975908244292
-37.52253852693443 8.042901669023212
-38.49662071827744 8.269096020209107
-39.16271261408331 9.014965704766496
-39.451853135962864 9.972252369568226
-40.43628241422055 9.796471266746975
-39.55330991868255 10.265895991408344
-40.40683509035146 9.744844380406551
-41.244063402153785 10.291697883564959
-40.25847572991724 10.122532460575083
-41.14433572779908 10.586485113496451
-41.33941726797499 11.567272140675438
-40.3605127579176 11.771590422259111
-40.90095302045383 12.61297281013621
-41.7352252556216 13.164325544443534
-42.34904614701457 12.374880224431095
-42.38034416023369 11.375370127249212
-42.66095024996426 10.415547111060228
-43.60832806834209 10.735664697652503
-42.60963126025276 10.78670081733441
-43.0724635036582 11.673146706525786
-42.12385569386943 11.35669256576008
-42.009505907767775 10.363252015742864
-41.37421188973551 11.135522376855102
-41.31063958911918 12.133499612364183
-41.790788739092456 13.010686476025478
-42.38226289042074 13.817010435926512
-43.20001856566766 14.392575945318324
-42.95277927252519 13.423621492350376
-43.57488364952529 14.206555808955105
-44.31200761597006 13.530798265088423
-45.27395173213148 13.804044522853154
-44.39570278686468 13.325840810887467
-45.06031656564486 14.073027885893136
-45.82056091107636 14.722665119462322
-45.32219443953086 15.58963158942485
-44.3239077648453 15.648144110693785
-45.32283933203621 15.60193021592706
-46.15842633461212 15.05257208034864
-45.43180264889867 14.365536404884697
-46.29682606171678 13.863804907690717
-47.29681002482721 13.858141558685444
-48.12941581338075 14.412007608256216
-47.539291291317355 15.219319845534612
-48.2593515402218 15.913231394615373
-47.55892367776994 16.626954596915194
-47.16798885025662 15.706536235170313
-46.71989522480735 16.60052286976377
-46.944335858196844 17.575010633711436
-46.865236340140854 18.571877358125143
-46.07317066877337 17.9614414710402
-47.005472905380884 18.323121633084828
-47.96475221734975 18.60558083656127
-48.83488305957546 19.098401612713786
-47.89523953743202 19.44055662333597
-47.332239341752754 20.267013385462768
-47.80213458117134 19.38429119588569
-46.84310884680723 19.66761016953094
-46.489365643763335 20.60295275185051
-45.840294646854694 21.363680588183602
-45.0688084201054 20.72743456506351
-44.81332951230333 19.76061993563951
-44.256879313422296 18.929738971743205
-44.093066587134444 17.943247516784705
-44.823886418611245 17.260677099962955
-43.83882306464803 17.088484798512685
-43.16436354011998 17.826796622726135
-44.13694464437801 17.594232662405048
-44.40176984557988 18.558529096500077
-43.734756186864495 17.813483608568554
-42.92002870843287 18.393327670268295
-43.882276126218315 18.66550391273859
-43.215170508131834 17.920540763101336
-44.109493951216514 17.47311973191352
-43.10962120860029 17.45716672050183
-43.115951357861334 16.45718675609738
-43.823955028443024 17.163395508834736
-43.630841286053965 16.18221913197862
-44.368234328476014 16.857683047363857
-44.1427165038224 15.883444005463204
-45.11542578878732 16.115471260205048
-44.68837774414593 15.211242324830845
-44.917358794118485 16.184673205147195
-45.38047772409455 17.070969350178768
-45.58209928514158 18.05043284930518
-46.44631709045723 18.553550713205293
-45.486119770014824 18.27422812941511
-44.510678160579836 18.494486311063095
-44.31897897566026 19.475940040232825
-43.488167600875066 20.032494134214303
-42.488697266743536 19.99995106750259
-42.03052327448903 19.11108853998691
-42.836592240106505 19.70291015387776
-41.94291895437599 20.15162839327931
-41.23090893042891 19.449459093324606
-42.05171384614087 20.02066771575872
-41.29028481275504 19.372419439928297
-40.32073471232749 19.127526396415565
-40.25628384765787 18.129605514760442
-41.23486092639161 17.92372472163751
-41.317974189978244 16.92718461435834
-42.316339572335096 16.98433847084641
-42.845795896026324 17.832675668724335
-42.07049232551965 18.464264438066863
-42.88423068278192 19.04549579124743
-42.05436831074799 19.60346392965877
-43.05196384068011 19.672768753873587
-43.1074816125468 20.67122645303112
-43.26599535931185 19.683869682615025
-43.84886176951392 18.871301686778274
-43.76855632255107 17.874531384658425
-44.59801460597276 17.315962717381836
-45.37310356369542 16.684110592580165
-44.92189034514335 17.57652676870198
-44.1282325432597 16.96816232734367
-45.12772617031392 16.999981967159293
-45.72868942056961 16.200705311775117
-45.281696521712384 17.095242817065543
-46.02400762922193 17.76529820258823
-46.8510605757341 17.20317417386723
-45.91515523226623 17.555425771547476
-46.54949628171175 18.328479089882222
-47.28283183591731 17.64861221692986
-48.24612844328301 17.380172938437077
-47.254340524274404 17.508066346041108
-47.59370044239424 18.448722949682256
-46.73931925765632 18.968369744308987
-46.216269833889115 19.82067209693791
-46.397474027090155 20.804117591292506
-47.358035899448154 21.082183931168615
-46.5684218675289 21.695787777796237
-46.59244537998192 20.696076384018305
-47.01731010089596 21.601333236476563
-47.792313737051195 20.969376462680945
-48.050163702062875 21.9355614323133
-47.18212795198961 21.439059733832075
-46.18247746635778 21.4654965750969
-47.15056777012093 21.21489497143128
-47.05859218917497 22.210656234239618
-46.36640104973194 21.488942006531342
-47.336770248010836 21.247314981901294
-47.95643556050079 22.03218114915322
-47.175924678156115 22.65732334301117
-48.17145850212575 22.751728879566986
-47.57984298462737 23.55794912209078
-48.29291304616233 22.85685634125323
-47.38233674919399 22.443515310868605
-47.9265415618455 21.604562915385443
-48.87419690227006 21.92385800736904
-49.57011098311089 22.641983060606613
-49.29151722591295 21.681574023555036
-48.295490532641715 21.770629210328035
-49.16516719554649 21.277007389498756
-48.20238867701777 21.547298943676182
-47.31533542942238 21.085631816916575


