0.0 0.0 0.0
0.1650 0.9684 -0.1868
-0.5884 1.5523 -0.4893
-0.3859 2.2798 -1.1448
0.2162 2.9213 -0.6693
-0.2466 2.1156 -0.2996
-1.1756 1.9836 0.0463
-0.5599 1.7009 0.7819
-0.4445 1.8482 1.7642
0.3583 2.3351 2.1083
-0.3507 2.1825 1.4198
-0.8979 2.8279 0.8870
-0.3603 3.6704 0.8534
-0.5036 4.3981 1.5241
0.0537 5.1952 1.2915
0.5793 4.5793 1.8784
-0.1610 5.1943 2.1500
0.7657 5.5472 2.0203
0.0668 5.8008 1.3515
-0.4050 5.2312 0.6785
-0.8273 6.1320 0.7793
-0.9985 6.8539 1.4498
-0.3521 7.5801 1.6839
-1.0568 7.7149 2.3805
-1.8393 8.3357 2.3310
-0.9114 8.7080 2.3117
-0.6967 8.9856 3.2481
-0.3627 9.6179 2.5491
-0.4228 10.5221 2.1263
-0.7915 10.7962 1.2381
-0.1946 10.9798 0.4571
0.3305 10.2817 0.9437
-0.4650 10.1833 0.3458
0.0165 11.0185 0.0798
0.7830 11.5472 0.4444
1.5563 10.9304 0.5919
1.1874 11.6683 0.0266
1.0677 12.4710 -0.5577
1.5713 12.9642 0.1517
1.8325 12.2298 -0.4748
1.3435 11.5938 -1.0717
0.6121 11.1045 -0.5967
0.6861 11.9484 -1.1280
0.0541 11.2688 -0.7555
-0.2942 10.4113 -0.3770
-0.7200 9.9092 0.3758
-0.0285 9.7926 -0.3371
0.4896 10.2807 0.3653
1.0294 10.9133 -0.1901
0.7118 9.9995 0.0633
0.8274 10.3191 -0.8772
1.0519 9.3939 -0.5712
0.2518 9.8226 -0.1515
-0.1399 9.0233 0.3044
0.6196 8.4089 0.0908
1.2231 9.0928 -0.3191
2.1083 8.6440 -0.1964
2.1031 8.8102 -1.1825
1.6603 9.2408 -0.3960
1.5319 9.7398 0.4610
0.8660 9.0069 0.3216
1.3594 9.8733 0.2454
1.9408 9.2652 -0.2952
2.5790 9.9861 -0.0250
1.9292 9.3156 -0.3829
2.6569 9.9321 -0.0825
3.3924 9.3864 -0.4840
4.0571 9.1656 -1.1978
4.7431 9.8817 -1.3266
5.1155 8.9558 -1.3896
4.3751 8.3137 -1.5885
4.0902 8.7028 -2.4646
4.4665 9.3616 -3.1160
4.5038 8.5780 -2.4958
3.7964 8.5399 -3.2016
3.4316 8.6928 -4.1201
4.1060 9.1982 -3.5818
4.7089 8.4103 -3.7077
5.0215 7.6797 -3.1007
5.5483 6.9879 -2.6068
5.6674 7.2881 -3.5533
6.5064 7.0993 -4.0636
6.8072 6.3028 -3.5390
7.7390 6.6485 -3.4285
7.0876 6.3408 -2.7349
6.3097 5.7326 -2.8928
5.9945 6.3261 -2.1522
6.3303 5.5442 -1.6270
5.5960 5.4705 -2.3018
5.6930 4.7648 -1.5999
5.8897 4.2797 -2.4519
5.6507 4.8798 -1.6886
6.0288 4.5658 -0.8177
5.0864 4.8986 -0.8519
6.0039 4.8220 -0.4616
6.1038 4.2862 -1.3000
5.5710 5.1200 -1.4440
6.0847 5.6548 -0.7731
6.3218 5.4530 0.1771
5.4255 5.0874 -0.0739
4.9874 4.3268 -0.5529
5.6880 3.7789 -0.0958
6.3082 4.4195 0.3570
6.4977 3.7270 -0.3390
7.1699 4.3368 -0.7589
6.3475 4.9058 -0.7505
6.8921 4.2673 -0.2065
6.1413 4.7626 0.2307
6.0996 4.0319 -0.4508
5.2616 3.5601 -0.1765
6.1327 3.3768 -0.6322
6.4936 3.7998 0.1989
6.9836 4.3363 -0.4882
6.2067 4.4405 -1.1092
5.3891 4.3893 -1.6827
5.5864 4.6851 -2.6174
5.1775 5.3967 -3.1887
4.2408 5.1467 -3.4341
3.9789 6.1107 -3.4790
4.7806 6.6736 -3.2783
3.8381 6.4629 -3.0190
4.4821 5.6994 -2.9708
5.0787 4.8991 -3.0315
5.7664 5.5494 -3.3543
5.4799 6.0757 -4.1549
5.7011 5.3947 -4.8529
5.0717 5.1373 -5.5861
5.7749 5.6209 -5.0649
6.2094 4.7578 -5.3223
5.6798 5.3995 -4.7676
5.0017 6.0268 -4.3846
5.2469 5.3140 -3.7275
4.7079 5.7712 -4.4350
5.4510 6.4396 -4.4677
4.7633 5.8539 -4.0388
4.6392 6.8092 -4.3072
3.9477 6.7192 -5.0240
4.4623 7.1441 -5.7688
4.2977 7.3771 -6.7272
3.9044 6.6886 -6.1179
3.2208 7.2977 -6.5200
2.6863 8.1115 -6.7479
3.3257 7.4927 -6.2917
3.9941 8.2278 -6.4048
3.3219 8.1215 -7.1375
2.9815 7.8887 -6.2265
3.0024 8.5318 -5.4610
2.5806 7.7670 -4.9739
2.5650 8.4269 -4.2227
2.0121 7.6603 -4.5494
2.0199 6.6754 -4.7222
1.9838 7.1605 -5.5959
2.2624 6.2002 -5.6085
1.8537 6.9296 -5.0599
1.2048 6.9683 -4.3000
0.6347 7.2963 -5.0533
1.4808 6.8506 -5.3456
2.2490 7.1988 -4.8083
2.8357 6.6101 -4.2523
2.4713 5.6803 -4.1994
2.1846 5.7053 -5.1571
3.1508 5.6221 -5.4014
2.8533 6.5767 -5.4179
2.3481 6.2506 -4.6189
3.2500 5.8196 -4.5902
3.4197 6.5730 -5.2254
4.0112 7.0240 -5.8938
4.6902 6.6391 -6.5190
4.0009 6.3755 -7.1938
3.2514 6.9135 -7.5795
3.0149 7.8840 -7.5321
3.5762 7.1729 -7.9555
3.8045 6.5642 -7.1957
4.5764 5.9924 -7.4738
4.6144 6.9645 -7.7052
5.1345 7.8176 -7.7468
4.5482 8.0813 -6.9808
5.1326 7.8281 -7.7517
4.9565 8.7713 -7.4701
5.4037 9.5391 -7.0112
5.6521 8.7583 -6.4380
5.1908 9.2156 -7.1983
4.7445 8.5464 -7.7924
5.5845 8.8893 -8.2128
4.9834 8.1878 -8.5956
5.8997 8.5201 -8.8190
6.1823 9.2092 -9.4864
5.5768 8.7251 -10.1180
6.3025 8.5155 -9.4628
5.6172 8.4475 -8.7377
6.2763 7.6980 -8.6765
7.2736 7.6439 -8.7249
6.9354 8.1864 -9.4939
7.0272 9.1506 -9.2451
6.2394 9.1187 -9.8602
6.5285 9.8063 -9.1941
6.4336 8.9275 -9.6618
5.7793 9.2352 -10.3526
4.8053 9.0568 -10.4919
4.1810 9.5459 -11.1010
3.7005 9.1206 -11.8680
4.2298 9.5190 -12.6171
4.2660 8.5979 -13.0047
5.1424 9.0299 -13.2174
4.7263 8.2125 -13.6158
4.1678 8.8987 -14.0819
4.1687 8.3767 -14.9349
5.0038 8.8977 -14.7588
5.5670 9.3802 -15.4297
6.4875 9.6495 -15.1467
6.8131 9.3862 -14.2385
7.7635 9.6694 -14.3676
7.7859 10.6369 -14.1154
8.2815 9.9974 -13.5277
9.0157 9.4300 -13.1546
8.9305 10.4066 -13.3525
8.6056 9.4839 -13.1450
8.2887 9.8424 -12.2669
9.0103 9.2783 -12.6683
9.4300 9.6673 -13.4883
9.3552 9.5497 -12.4981
9.7988 9.0523 -11.7526
10.6301 8.5840 -11.4532
9.8011 8.0249 -11.4516
9.2592 7.8783 -10.6240
9.5447 8.8367 -10.6245
10.4969 8.8612 -10.9289
10.8255 9.7492 -10.6070
11.4698 9.5845 -11.3538
11.6858 10.5496 -11.2054
11.6936 9.6655 -10.7381
11.4486 9.0750 -11.5070
11.0462 9.5271 -12.3031
11.2559 8.5505 -12.2555
12.0274 8.0556 -12.6552
12.8409 7.5658 -12.9690
13.5572 7.2285 -12.3583
13.0566 7.6694 -11.6133
13.5313 7.8220 -12.4801
14.4066 8.0410 -12.0488
14.5021 7.2836 -12.6947
14.6137 7.1530 -11.7096
13.9894 6.5205 -12.1681
13.4728 7.0415 -12.8476
13.0536 6.4694 -13.5526
13.0215 7.2528 -12.9319
12.8623 6.9782 -13.8802
12.8730 7.7218 -14.5488
11.8827 7.7505 -14.6849
11.3922 7.7255 -15.5559
10.6877 8.4302 -15.4710
11.6717 8.4058 -15.2943
11.7066 8.9200 -14.4373
11.6018 7.9398 -14.6053
11.9317 7.8897 -13.6626
11.6206 7.5398 -14.5463
11.6613 7.8021 -15.5104
11.0113 8.1310 -14.8253
11.6669 8.5579 -14.2024
11.2496 7.6580 -14.0755
11.7182 7.6806 -14.9587
12.0730 8.3009 -14.2592
11.3651 7.5953 -14.2898
10.7877 8.2086 -14.8289
11.6288 8.4237 -15.3252
12.0905 7.8946 -14.6132
11.5940 8.4756 -13.9683
12.1035 7.6724 -14.2767
11.7620 8.4145 -13.7000
11.1391 8.2531 -12.9345
10.9957 7.5392 -12.2490
10.4513 6.7800 -11.8923
9.5838 6.6567 -11.4104
9.6493 6.8380 -12.3917
10.4253 7.3629 -12.7412
10.2580 8.1547 -13.3286
11.0119 8.4493 -12.7414
11.4923 7.8617 -13.3924
11.4204 8.4867 -14.1697
12.2170 8.5621 -14.7695
13.1402 8.1784 -14.7901
13.1834 9.1760 -14.8450
12.4618 9.5007 -14.2337
12.3383 8.5189 -14.3778
11.6518 9.1839 -14.6719
11.0222 8.9669 -13.9260
11.5763 8.2261 -13.5463
11.1999 7.6039 -14.2326
10.6726 6.9014 -13.7546
11.0423 7.5632 -13.1024
10.6266 8.4261 -12.8152
11.3331 7.7347 -12.6641
10.7356 7.0016 -12.9892
11.3841 6.6468 -13.6627
10.6088 6.7396 -14.2875
10.5281 7.4163 -13.5557
10.8129 6.8961 -12.7506
10.1223 6.5260 -12.1292
10.4556 5.8763 -12.8124
10.2575 6.2702 -13.7100
10.3526 7.0488 -14.3303
9.8412 7.7668 -13.8582
10.1674 8.7098 -13.9240
10.8791 8.9302 -14.5910
10.4924 8.3311 -15.2921
10.2315 8.6681 -14.3875
11.0968 9.1623 -14.4719
11.3128 8.3647 -15.0351
11.3169 9.1809 -15.6129
10.6407 8.4883 -15.8639
10.7518 9.1812 -16.5763
11.4959 8.7060 -17.0459
10.6063 8.7658 -16.5930
11.2470 8.1049 -16.2020
11.9447 8.5745 -15.6610
11.4679 9.1656 -16.3116
10.8416 9.6241 -15.6811
11.5982 9.3759 -15.0762
11.6323 9.0096 -16.0061
11.7297 9.7192 -16.7040
11.4544 10.3520 -15.9802
10.7079 10.8263 -16.4469
11.6130 10.7636 -16.8674
11.9605 10.0305 -17.4520
11.4262 10.0367 -18.2973
11.6036 10.6463 -19.0699
12.0099 11.4545 -18.6435
11.4071 10.8066 -19.1093
11.6862 11.3914 -18.3476
10.9516 11.2917 -19.0188
11.9383 11.1706 -18.9109
12.2485 11.9877 -18.4250
11.2900 11.7236 -18.3176
12.0682 12.3492 -18.2635
11.3787 11.6607 -18.0388
11.4082 11.4180 -19.0084
10.9084 10.5579 -18.9060
11.8174 10.3606 -18.5389
12.5315 10.6791 -17.9155
13.1517 11.4431 -17.7372
12.6171 11.9188 -17.0388
11.7256 12.3007 -17.2826
11.7032 11.4436 -17.7973
11.6810 10.5530 -17.3429
11.9605 10.7632 -16.4061
12.4456 11.0402 -15.5766
12.1657 11.8518 -16.0895
11.8353 12.3400 -15.2817
12.3514 12.8834 -15.9438
13.0756 12.8402 -16.6320
12.9741 13.3360 -17.4944
13.7822 13.3483 -16.9055
13.8087 13.9909 -16.1397
13.0150 14.0010 -15.5314
12.5674 14.8898 -15.6287
13.2713 14.8526 -16.3380
13.8304 14.8831 -17.1665
14.5405 15.5829 -17.0893
14.7952 15.9338 -16.1881
14.3351 15.5783 -15.3745
14.2632 15.0609 -16.2272
14.8090 15.6153 -16.8555
15.6786 15.3749 -17.2867
14.7585 15.3451 -16.8962
14.1858 15.8800 -16.2750
13.6870 16.7464 -16.2955
14.2157 16.5994 -15.4595
14.4697 16.9646 -14.5639
15.1839 17.6585 -14.6556
14.2624 17.3124 -14.8320
14.9137 17.9670 -14.4480
14.1647 18.2179 -15.0613
14.4919 19.0692 -15.4716
13.8080 18.4940 -15.0227
13.2839 17.6441 -14.9686
13.4013 16.8366 -14.3905
13.3929 16.1618 -13.6526
13.8608 16.5432 -12.8553
14.6535 16.1172 -13.2913
13.9250 15.6104 -13.7521
13.5862 16.0162 -14.6010
14.0379 15.1244 -14.5748
13.5963 15.7316 -13.9142
13.7629 14.7477 -13.9799
14.3044 15.3015 -13.3473
15.2713 15.2633 -13.0951
15.1999 15.1610 -12.1029
15.3916 15.8483 -11.4023
14.9700 16.7197 -11.6532
14.1444 16.4797 -12.1639
14.8632 16.9212 -11.6269
14.1959 16.8226 -12.3651
14.7491 16.3914 -11.6523
14.3279 16.7919 -12.4661
14.3567 16.2769 -13.3228
14.0268 17.2072 -13.4833
14.4573 17.8986 -14.0635
15.1529 18.5642 -14.3341
15.7247 19.1987 -13.8141
15.4510 18.9452 -12.8863
15.5657 18.1500 -12.2908
16.4702 18.5619 -12.1800
15.7376 18.3199 -12.8162
15.3410 17.5545 -13.3231
15.3277 18.3369 -13.9457
15.9602 17.9583 -14.6215
16.0380 17.2978 -13.8747
16.2350 17.2614 -12.8950
15.9305 17.9669 -13.5349
16.6684 17.3021 -13.4179
17.1770 18.0291 -13.8792
18.0375 17.5294 -13.7799
17.4746 16.9933 -13.1508
16.4821 16.8913 -13.2173
17.2300 16.3760 -12.7989
18.0370 16.5446 -12.2329
17.9425 16.0877 -13.1174
18.4230 15.4563 -12.5087
17.8504 14.7442 -12.1024
17.5535 13.9997 -11.5044
16.9075 14.7313 -11.7222
16.1367 14.0995 -11.6397
16.2703 13.3550 -12.2938
15.8555 13.9641 -11.6178
16.3148 14.6588 -11.0642
15.4475 14.1719 -11.1678
14.9169 13.3534 -10.9473
14.1119 13.2105 -10.3715
14.6133 12.8840 -9.5702
13.9725 13.6016 -9.2973
14.7292 13.3419 -8.6974
15.1003 14.1807 -9.0957
14.4275 14.4549 -9.7829
14.8261 13.7648 -10.3869
15.6442 14.3026 -10.1832
15.1128 13.6797 -9.6091
15.1535 14.6265 -9.2896
14.4014 15.2850 -9.2625
13.6347 15.4655 -8.6464
13.7265 15.2411 -9.6166
14.5407 14.6663 -9.6984
14.9515 14.9379 -8.8281
15.0969 14.9062 -7.8393
14.8025 14.7156 -8.7757
13.8856 15.0732 -8.5985
13.0207 14.6479 -8.3321
13.8571 14.7949 -7.8042
13.4064 14.1316 -7.2067
12.7284 13.5412 -7.6446
13.4215 13.2060 -8.2828
13.3797 12.2156 -8.1512
12.7464 11.5488 -7.7583
12.0003 12.1562 -7.4856
12.8179 11.5818 -7.4452
13.1572 10.7959 -6.9284
12.3714 11.3792 -7.1342
12.4494 10.7942 -6.3269
12.4281 11.7930 -6.3695
13.1151 12.0411 -5.6864
12.9542 11.0931 -5.9610
13.6013 11.8483 -5.8565
12.6902 11.6939 -5.4744
13.0160 10.7655 -5.2959
13.6450 10.0999 -4.8942
13.6163 9.1967 -5.3225
14.2312 8.4094 -5.3679
13.4648 7.8279 -5.6410
13.5497 8.4614 -4.8719
13.4579 7.9408 -5.7207
14.1719 8.5366 -6.0886
13.4167 8.1013 -5.5985
13.6659 7.3433 -4.9959
14.3008 7.9259 -4.4885
13.5767 7.9278 -3.7988
14.0631 8.3961 -4.5365
13.3469 7.8542 -4.0968
13.6287 8.3681 -3.2866
14.1918 8.5361 -4.0958
13.2852 8.7633 -4.4515
13.9061 9.3282 -4.9950
13.3920 8.6286 -5.4913
12.6323 8.8660 -6.0966
13.2979 9.3003 -5.4897
12.4936 8.8074 -5.8215
12.2097 7.8499 -5.7706
11.9592 8.5170 -5.0690
11.8365 8.6829 -4.0905
11.5389 9.0639 -4.9659
10.5627 9.2500 -4.8545
10.9854 8.3993 -5.1669
11.8525 8.4623 -5.6610
11.1678 9.1294 -5.9544
10.8309 8.9391 -6.8765
10.6983 8.1983 -7.5350
11.6648 8.4362 -7.4392
12.2235 9.2029 -7.7555
12.5043 8.6115 -8.5115
13.1865 9.3325 -8.3898
13.0886 9.0381 -9.3405
14.0251 9.3856 -9.3868
13.5211 9.5683 -8.5427
14.0569 8.9231 -7.9981
14.1243 9.3937 -7.1183
14.1530 8.4020 -6.9929
13.9172 7.7133 -7.6786
13.2112 7.8674 -8.3698
12.4010 7.4590 -8.7904
11.5272 7.9454 -8.7960
10.8187 7.9190 -9.5012
10.3815 8.6077 -10.0795
10.9805 8.9942 -9.3783
10.5498 8.0939 -9.4416
9.9198 7.7795 -10.1517
9.3686 7.0384 -10.5352
8.7837 6.5771 -9.8680
8.8082 7.5661 -10.0139
9.3718 7.1658 -10.7364
8.8150 6.7731 -10.0044
9.6561 6.4621 -9.5618
8.9873 6.8265 -8.9138
9.3596 6.1868 -8.2414
9.2444 5.6160 -7.4285
9.1034 4.6836 -7.7615
9.6361 5.2568 -8.3841
9.1844 5.7204 -7.6219
8.6157 6.1268 -6.9067
7.9633 6.8217 -6.6044
8.2010 7.7904 -6.5333
8.2185 8.4999 -5.8288
8.2761 8.0498 -4.9377
7.5439 7.3710 -4.8819
6.7589 7.9623 -5.0666
6.4655 7.1498 -4.5630
7.1318 7.1933 -3.8186
7.7510 7.3566 -3.0505
7.1647 7.8377 -3.7023
7.2402 7.0931 -4.3655
7.0586 7.9065 -4.9181
7.8693 8.3142 -5.3383
6.9078 8.5265 -5.5126
6.9042 7.7055 -6.0835
7.5698 7.3378 -5.4340
7.9899 6.5219 -5.8313
8.8075 6.6825 -6.3843
9.3940 7.2627 -5.8191
9.9193 6.4442 -6.0519
10.7693 6.5390 -6.5702
11.4400 6.9494 -7.1880
10.4683 7.0762 -6.9886
10.9690 7.8542 -6.6091
10.4972 7.7662 -7.4864
10.3815 8.0313 -8.4436
9.5369 8.3396 -8.0060
10.4944 8.5090 -7.7728
10.6908 9.2391 -8.4272
9.7979 9.3163 -7.9836
10.2341 10.2091 -8.0957
9.3663 10.1484 -7.6025
8.7345 10.7445 -8.0980
8.0570 10.2675 -8.6580
8.7988 9.7324 -9.0622
9.4142 10.0313 -8.3329
8.7441 10.1261 -7.5967
8.1844 9.6076 -6.9502
7.8924 10.5476 -6.7734
8.1807 9.6043 -6.6085
7.5034 9.4192 -5.8964
8.2288 10.1074 -5.8820
8.8785 10.6290 -6.4350
9.5175 11.3618 -6.2011
8.8176 11.9264 -5.7637
8.0105 12.1574 -5.2203
7.4389 12.7060 -4.6102
8.1525 12.2965 -4.0419
8.9381 12.9114 -3.9728
9.8316 13.3378 -4.1136
9.1897 13.3619 -4.8800
8.2062 13.2569 -4.7323
7.2415 12.9948 -4.7582
7.6835 13.8882 -4.6766
7.7118 14.6774 -4.0631
7.0319 14.8424 -4.7776
7.5894 14.3571 -5.4512
6.9579 14.4739 -4.6846
6.4953 15.3005 -4.3640
5.9306 16.1103 -4.2052
5.2780 15.3615 -4.0896
4.3881 15.1896 -3.6671
4.6979 15.7714 -4.4192
5.3621 15.0754 -4.6919
5.0106 15.7613 -4.0548
4.5858 16.5840 -4.4326
4.3397 17.5529 -4.4579
4.4678 16.5622 -4.5047
3.5497 16.1876 -4.6346
4.3697 15.9285 -5.1450
3.9806 15.5936 -6.0032
4.6665 15.5598 -6.7301
5.3019 15.0783 -6.1263
4.6163 14.3965 -5.8712
5.1567 13.6650 -5.4555
4.4870 14.0031 -6.1166
4.1060 14.6663 -6.7608
3.5957 14.5100 -5.9152
3.3239 14.7199 -6.8544
2.9628 13.8744 -7.2477
3.3036 14.4127 -8.0185
3.0008 15.3495 -8.1937
3.4646 14.8722 -8.9401
2.7910 14.3242 -8.4442
2.5655 13.4354 -8.8432
1.5746 13.4415 -8.7092
1.2403 12.7628 -9.3631
2.0071 12.8798 -9.9943
1.0446 12.6791 -10.1769
0.4345 12.9550 -10.9196
-0.0359 12.4251 -11.6252
0.8490 12.0112 -11.4116
1.2883 12.0495 -12.3091
2.0062 12.1103 -13.0026
2.4794 11.8145 -12.1727
3.2803 12.0492 -11.6218
3.9276 11.8366 -12.3538
3.3601 12.5664 -11.9725
2.7214 11.9448 -11.5190
2.2047 11.1645 -11.8712
2.4683 11.9240 -12.4659
2.6227 12.6281 -11.7727
2.6757 12.3341 -12.7271
2.5533 11.8300 -13.5820
3.2887 11.1998 -13.8313
2.3905 11.6018 -13.6532
2.5463 11.6126 -12.6655
3.2047 11.2836 -13.3424
3.2014 10.4943 -12.7284
2.6324 10.1570 -11.9783
2.1036 9.5458 -12.5672
1.1416 9.3329 -12.7378
0.4167 9.2110 -13.4159
-0.0734 9.2150 -12.5443
-0.7905 8.6945 -13.0078
-1.0343 8.7806 -12.0418
-1.5887 8.7679 -12.8740
-1.7280 7.8588 -13.2665
-1.6930 7.3886 -12.3846
-1.4289 7.8187 -11.5214
-2.3822 8.0584 -11.3378
-2.6104 8.9862 -11.6330
-3.5200 8.5725 -11.6704
-4.1087 8.0680 -12.3019
-3.2436 8.2428 -12.7720
-3.2833 7.9824 -13.7366
-2.4599 7.5579 -13.3599
-1.8607 6.9782 -12.8077
-2.5367 7.6963 -12.6422
-3.0900 7.6484 -13.4739
-3.4590 8.5688 -13.3454
-3.6036 7.6688 -12.9342
-2.6808 7.3045 -12.8086
-2.6755 7.3266 -11.8089
-3.3016 6.6733 -12.2346
-4.1070 6.8565 -11.6710
-5.0415 6.8611 -11.3149
-4.4528 6.1243 -10.9823
-4.9348 5.5037 -11.6009
-5.6597 6.1900 -11.6597
-6.3534 5.5070 -11.8885
-6.2192 5.2011 -10.9459
-5.9453 4.2793 -11.2203
-6.2725 3.5994 -10.5641
-5.4531 3.8570 -11.0763
-5.6554 3.1708 -10.3776
-6.3533 2.5523 -10.0165
-6.2355 2.3849 -9.0377
-6.9458 2.7944 -8.4652
-6.2481 2.0856 -8.5692
-6.6977 2.5027 -9.3591
-6.4805 3.0939 -10.1357
-5.8767 2.3599 -10.4466
-5.3354 2.7202 -9.6869
-4.6283 2.9759 -10.3461
-4.5350 3.4428 -9.4667
-3.7848 4.0489 -9.7309
-3.7795 3.2948 -10.3877
-4.0265 3.8941 -9.6262
-3.7432 4.6451 -10.2227
-4.4491 5.3198 -10.4384
-3.9638 4.9825 -9.6317
-3.9961 4.9508 -8.6327
-4.5097 5.7386 -8.9726
-4.1798 6.1523 -9.8212
-3.6196 5.4824 -9.3338
-4.2159 4.7534 -9.6700
-3.9644 5.6353 -10.0689
-3.8975 6.5034 -10.5607
-4.5184 6.3537 -11.3301
-5.2840 6.9899 -11.4257
-5.1226 7.5488 -10.6123
-5.7042 7.6002 -11.4242
-5.0222 8.3163 -11.5725
-5.7643 8.0685 -10.9497
-6.0166 7.1522 -10.6387
-5.5076 7.2417 -11.4948
-5.0621 8.1279 -11.3672
-5.7209 8.7082 -10.8884
-5.5897 7.9764 -11.5571
-6.0775 8.6198 -10.9672
-7.0194 8.6580 -11.3011
-7.4540 8.1091 -12.0151
-7.0975 8.8360 -12.6021
-6.5912 8.2822 -11.9411
-6.4477 7.8960 -12.8523
-6.7577 7.0979 -13.3689
-6.9689 6.5008 -12.5951
-6.9338 6.7260 -13.5688
-6.0777 6.2454 -13.7588
-5.6123 6.4315 -14.6240
-5.9520 7.1034 -13.9658
-5.5461 6.6923 -13.1495
-6.0926 7.4757 -13.4455
-5.3194 8.1065 -13.5099
-5.5279 8.8153 -14.1838
-5.1050 9.3383 -13.4438
-4.3313 9.2960 -14.0759
-4.7951 9.1877 -13.1966
-5.4309 9.4595 -12.4742
-6.1777 10.1082 -12.6211
-5.8231 9.1965 -12.8290
-4.9945 8.6372 -12.8486
-4.1129 8.8562 -12.4303
-4.3306 7.9908 -11.9790
-3.8324 8.8569 -11.9375
-4.6644 8.3198 -12.0763
-4.1600 8.7011 -11.3016
-4.4297 9.4115 -10.6516
-4.6832 10.0221 -9.9013
-5.2383 9.2096 -10.0798
-5.6928 9.7777 -9.3937
-6.1345 9.1486 -8.7541
-5.4734 8.7414 -9.3844
-4.6754 9.1095 -9.8614
-4.7094 8.7239 -10.7834
-4.4270 8.3796 -11.6788
-5.1491 7.9972 -12.2554
-5.2462 7.5793 -11.3521
-4.4925 7.4766 -12.0013
-3.7482 6.9563 -11.5826
-2.9120 6.5912 -11.1735
-2.9110 7.5875 -11.2587
-2.4622 6.7603 -10.9207
-2.2132 7.4967 -11.5497
-2.3882 6.9593 -10.7247
-3.1523 6.6031 -11.2625
-2.7196 5.8429 -11.7470
-3.3212 6.5258 -11.3328
-3.9214 7.1132 -11.8758
-4.4035 7.0362 -12.7485
-4.5340 7.0144 -11.7573
-4.1375 7.7186 -12.3463
-4.3316 7.0480 -13.0623
-3.5682 7.5508 -13.4677
-3.1763 7.2257 -14.3284
-3.8073 8.0003 -14.2861
-4.7127 7.9174 -14.7025
-5.4236 8.1828 -14.0512
-6.1422 7.8579 -13.4364
-5.2970 7.3547 -13.6166
-6.2372 7.1153 -13.8591
-6.2988 8.0043 -14.3128
-6.9600 7.4586 -13.7981
-6.0666 7.5549 -13.3593
-7.0444 7.6032 -13.1556
-6.4679 8.0686 -13.8272
-6.0527 7.7309 -12.9825
-6.4137 7.4658 -13.8766
-6.6940 7.8990 -13.0200
-6.7414 8.6309 -13.6997
-7.4724 9.2407 -14.0059
-7.4535 9.3053 -15.0036
-6.8940 9.8725 -14.3993
-7.4609 9.5567 -15.1602
-7.0930 10.4851 -15.1077
-6.3272 10.1286 -14.5724
-6.6385 9.1804 -14.5088
-7.5664 9.5164 -14.3469
-7.7110 9.2096 -15.2876
-7.3866 8.7808 -16.1307
-7.9667 8.3377 -16.8142
-7.7211 8.4635 -17.7754
-7.7972 8.5753 -18.7662
-8.4590 9.2140 -19.1589
-9.2416 8.7507 -19.5747
-9.9982 9.3064 -19.2301
-10.6135 8.7985 -18.6272
-10.7391 9.4819 -19.3464
-10.8035 8.7660 -20.0416
-9.8696 8.6162 -20.3662
-9.2533 8.3807 -21.1178
-8.5019 8.1151 -21.7218
-7.8278 8.1868 -20.9867
-8.0032 8.8917 -21.6740
-7.7272 7.9752 -21.9636
-8.5617 8.3747 -21.5841
-7.8877 7.8672 -21.0472
-8.0103 8.3526 -21.9129
-8.8413 8.6383 -22.3902
-9.5185 8.0577 -22.8422
-10.1712 8.5925 -23.3788
-9.4915 9.3093 -23.2240
-9.1194 8.7987 -22.4488
-8.8047 8.3777 -21.5981
-8.6006 7.4460 -21.8985
-9.5052 7.4944 -21.4751
-9.8600 8.3769 -21.7839
-10.0943 7.6437 -22.4222
-10.0407 8.3378 -21.7044
-10.3976 9.2658 -21.5981
-9.6661 8.7902 -22.0865
-8.7635 8.8205 -21.6570
-9.1753 9.6449 -21.2686
-9.8423 10.3640 -21.4634
-10.1085 10.6197 -22.3928
-10.4442 11.3782 -22.9514
-11.1355 11.7582 -23.5659
-10.7368 12.6613 -23.4064
-10.4175 11.7137 -23.3976
-9.7783 11.0754 -23.8265
-10.4628 10.8206 -24.5095
-9.4663 10.8500 -24.4310
-9.0705 11.0839 -25.3190
-8.3941 10.7343 -24.6707
-9.2841 10.4917 -25.0567
-10.2706 10.3987 -25.1919
-9.5051 10.5428 -25.8190
-8.7302 9.9152 -25.8941
-9.3002 10.6119 -26.3297
-9.3288 9.6157 -26.2482
-9.6175 10.5622 -26.3924
-9.6221 11.3209 -27.0439
-10.5252 10.9145 -26.9047
-9.6438 11.3438 -26.7076
-10.3172 11.9589 -26.2975
-9.9296 12.7079 -26.8350
-10.2525 13.4145 -26.2055
-9.2944 13.1687 -26.0585
-9.9431 13.9200 -26.1798
-9.2317 13.9890 -25.4804
-9.3712 13.1056 -25.9276
-10.2151 13.4321 -25.5019
-9.4653 13.2208 -24.8748
-9.5999 14.1559 -24.5469
-10.1185 14.1730 -25.4017
-10.1839 15.1567 -25.2340
-10.0129 14.3088 -25.7358
-10.2470 14.9650 -25.0185
-10.4314 14.7475 -25.9770
-9.9648 14.1934 -26.6664
-10.6975 13.6362 -26.2756
-10.3585 13.6569 -25.3350
-11.0823 13.7733 -26.0151
-11.8217 13.8990 -26.6766
-11.1263 13.8057 -25.9641
-11.0702 14.4114 -26.7579
-10.4148 13.8621 -26.2394
-9.7357 13.6311 -25.5426
-10.3439 13.9521 -26.2686
-10.4834 13.3807 -27.0774
-9.7356 13.0813 -27.6700
-9.4804 13.8716 -27.1130
-9.3605 14.8641 -27.1366
-10.3147 15.1255 -26.9906
-9.7659 15.9322 -26.7714
-10.4870 15.6443 -26.1412
-10.5834 15.8105 -27.1225
-10.9237 16.2755 -26.3052
-11.0614 17.2164 -26.6146
-11.7140 17.0305 -25.8801
-11.3661 16.3533 -26.5285
-10.6466 16.9732 -26.2153
-11.1961 16.1753 -26.4633
-11.8232 16.7954 -25.9919
-11.9180 16.1533 -25.2311
-12.4378 16.6760 -25.9068
-12.4484 17.6650 -26.0545
-13.0652 18.0244 -25.3542
-13.6994 18.1685 -26.1139
-13.5212 18.7325 -26.9202
-14.3011 19.3512 -26.8249
-13.6279 20.0845 -26.9208
-13.3180 19.6640 -27.7736
-12.8167 18.8920 -27.3830
-12.3585 19.5247 -26.7587
-12.9910 20.0881 -27.2903
-13.0904 19.3999 -28.0089
-12.8960 19.6814 -28.9486
-13.8077 19.5747 -29.3453
-14.7855 19.6863 -29.5228
-15.2593 20.5438 -29.3220
-14.5093 20.3875 -28.6793
-13.9105 20.1311 -29.4379
-14.8027 20.5298 -29.6500
-13.9341 21.0219 -29.7078
-14.0076 22.0188 -29.6776
-14.9276 21.7224 -29.4211
-13.9380 21.7654 -29.5585
-14.4588 21.2581 -30.2452
-14.5935 20.6284 -31.0102
-14.6683 21.0631 -31.9077
-13.9204 21.3605 -32.5012
-12.9898 21.3731 -32.8671
-12.8283 21.0477 -31.9354
-13.1189 20.1181 -32.1621
-12.7546 20.0496 -31.2333
-12.0441 20.0811 -30.5303
-12.8347 20.3341 -29.9726
-12.3162 20.1652 -30.8109
-11.9098 21.0476 -31.0482
-12.3781 21.8701 -31.3709
-13.0759 21.2846 -30.9583
-13.0465 21.4333 -31.9468
-13.4575 22.1776 -32.4733
-14.2292 21.5455 -32.4027
-13.4476 21.4551 -33.0200
-14.1547 21.8334 -32.4225
-13.8505 20.8924 -32.5706
-13.1712 20.8101 -31.8414
-14.1444 20.6293 -31.9833
-13.3280 21.1275 -32.2753
-12.8778 20.2364 -32.2187
-13.6746 20.3399 -32.8141
-14.3543 20.0803 -32.1281
-13.6777 19.8418 -31.4315
-13.1542 18.9935 -31.3519
-13.3105 19.3283 -32.2811
-12.3524 19.0442 -32.2462
-13.2179 18.5466 -32.1892
-12.9226 19.2547 -31.5479
-13.5454 19.9344 -31.1604
-14.4154 20.0389 -31.6424
-14.5095 20.5825 -30.8084
-14.9371 21.4765 -30.6747
-14.5487 21.8434 -31.5200
-15.2330 21.9397 -30.7972
-15.1939 22.7835 -31.3324
-15.9208 23.1883 -31.8873
-16.6726 23.5023 -32.4671
-15.7847 23.0435 -32.5024
-16.4892 22.4522 -32.1099
-16.1563 23.2834 -32.5552
-16.2582 23.9259 -33.3147
-16.6114 23.2350 -33.9454
-17.1305 22.6413 -34.5603
-16.7913 22.1813 -33.7397
-16.2173 22.7578 -33.1581
-16.0096 22.8137 -32.1815
-16.5833 21.9959 -32.2254
-17.1614 22.7580 -32.5169
-18.0115 23.1701 -32.8449
-17.6834 23.6609 -33.6521
-18.5703 23.2479 -33.8590
-18.3422 23.6876 -34.7277
-19.3060 23.7217 -34.4633
-19.3609 24.1258 -33.5503
-18.4558 24.5141 -33.7232
-18.8499 25.2311 -33.1482
-19.5964 24.5967 -33.3489
-19.0822 24.9800 -32.5816
-19.4829 25.4180 -31.7769
-20.0653 26.2308 -31.7743
-19.4543 26.7952 -31.2192
-19.1045 26.1682 -31.9153
-19.9561 25.7940 -31.5481
-19.3081 25.9456 -30.8017
-19.8827 25.4392 -31.4446
-19.0841 26.0228 -31.5910
-18.2856 25.7569 -32.1312
-17.5990 25.6018 -31.4209
-17.7194 25.8285 -30.4544
-17.0365 26.4723 -30.1093
-17.1038 27.2094 -30.7817
-16.4181 27.9373 -30.7844
-17.0930 27.2793 -31.1185
-17.7863 27.4359 -31.8219
-17.2011 27.4611 -31.0114
-16.6627 28.3038 -31.0207
-16.7721 27.7819 -31.8667
-16.6373 26.8042 -31.7056
-16.6164 27.3389 -32.5503
-16.1905 26.7834 -33.2645
-15.9728 27.7148 -33.5561
-16.9689 27.6752 -33.6344
-17.6951 27.1412 -33.2014
-17.0782 26.8934 -32.4543
-17.5086 26.2456 -33.0829
-18.0738 25.6437 -33.6471
-17.3165 25.9360 -33.0631
-16.3543 25.8131 -32.8200
-16.0615 25.8875 -31.8667
-16.0746 26.8569 -31.6214
-16.9535 26.4166 -31.4378
-17.2509 26.3012 -30.4901


0.0 0.0 0.0
0.9538 -0.1012 -0.2829
0.4843 -0.2888 0.5799
-0.4692 -0.0094 0.6927
-0.3096 0.1524 1.6666
0.6818 0.2794 1.6348
1.0312 0.8692 2.3628
1.6225 1.6724 2.4352
0.9426 2.1479 1.8769
0.5553 3.0687 1.9220
-0.1705 2.9837 2.6046
-0.3121 3.9058 2.9645
-1.1795 3.6999 3.4176
-2.0725 3.7826 3.8599
-2.2682 3.3397 4.7349
-2.5011 3.1761 3.7763
-2.9465 3.6357 3.0079
-2.6318 3.6647 3.9566
-2.7012 2.8406 4.5189
-3.0312 1.9567 4.1876
-3.3161 2.8183 4.6075
-2.7160 2.0527 4.8392
-2.9929 2.9784 4.5813
-2.2377 3.4192 5.0663
-1.4787 3.9830 5.3920
-2.0251 3.2997 5.8763
-2.8455 3.0976 5.3414
-3.5367 2.6287 5.8913
-4.3387 2.3440 5.3662
-3.6502 2.8162 5.9167
-4.4078 2.9616 5.2804
-5.0794 3.6406 4.9837
-4.7478 2.6994 4.9183
-4.4928 1.7636 4.6750
-4.8600 1.1530 3.9733
-5.6665 1.4854 4.4621
-6.0068 0.9076 5.2039
-6.6174 1.4620 5.7694
-5.7946 1.1028 6.2098
-5.8637 2.0113 5.7976
-5.9764 2.6922 5.0740
-5.3741 3.4798 4.9435
-4.5480 3.4719 5.5071
-4.1112 2.9531 6.2419
-3.4923 3.5389 6.7651
-2.8700 4.3004 6.9466
-3.1019 4.1248 7.9034
-2.6617 3.5461 7.2168
-2.1195 3.1661 6.4674
-2.5655 2.5958 7.1572
-2.8134 3.4985 7.5089
-2.3933 4.0455 6.7847
-2.0879 3.0935 6.7606
-1.7220 2.9021 5.8499
-0.9799 3.5692 5.7841
-1.5906 3.0900 6.4145
-2.0179 3.3510 7.2801
-1.6510 3.9580 7.9851
-1.6263 2.9736 8.1594
-0.9680 3.5752 7.7069
-0.0310 3.8446 7.9290
-0.3951 4.6935 7.5458
-0.7076 5.0308 6.6578
-0.2758 4.2150 6.2733
0.5670 4.7419 6.3830
1.4838 4.4552 6.1048
0.6351 3.9264 6.1124
0.0122 4.5897 6.5271
0.9671 4.4800 6.2514
1.4457 3.6187 6.4221
2.1452 3.1520 5.8808
2.5758 4.0468 5.7628
3.2259 3.2898 5.8279
3.9092 3.7645 5.2732
3.3074 4.0433 4.5248
3.3738 4.9887 4.2056
2.9968 5.7404 3.6644
2.2997 5.8772 4.3682
3.0848 6.3810 4.0078
2.6052 5.5619 3.6930
2.3097 6.2082 4.3965
2.2427 5.8630 3.4604
2.5620 6.2139 4.3407
2.9306 6.4082 5.2497
3.2957 5.5345 5.5711
2.7895 4.7012 5.3485
3.3528 4.1048 4.7767
2.6357 3.4619 5.0458
2.0240 2.8682 4.5230
2.0383 2.1102 5.1751
2.6296 1.4993 4.6487
3.4582 1.5579 4.0920
3.7132 2.2598 3.4269
4.2068 1.6800 2.7786
4.6171 2.1422 1.9925
3.9473 2.5439 2.6169
3.0912 2.2324 2.2046
2.5659 2.6240 2.9601
1.9088 2.9746 2.2927
1.2106 2.5547 1.7130
1.3942 1.8377 2.3854
1.2355 1.9878 3.3613
1.3021 1.4697 2.5086
2.0139 1.5560 1.8115
2.4636 1.4091 2.6925
1.6932 1.8340 3.1679
1.5686 0.9344 3.5864
0.9705 0.3326 4.1156
0.6131 1.0156 3.4787
0.4799 0.2896 4.1533
1.0388 0.3067 3.3242
0.2578 0.8400 3.6494
-0.2957 0.0492 3.3882
-0.9574 -0.2260 2.6907
-1.3673 -1.0643 2.3313
-1.3183 -2.0327 2.5760
-1.6184 -2.3952 1.6936
-0.6713 -2.1599 1.4757
-1.0385 -1.2545 1.6890
-0.4154 -1.8600 1.1938
0.5307 -1.5686 1.3354
1.1112 -1.1131 0.6606
0.2830 -1.6697 0.5956
0.9813 -1.0754 0.9945
1.8427 -1.4190 0.6203
1.3176 -1.8310 -0.1243
1.0111 -2.4509 0.5980
0.9814 -3.4252 0.3745
0.5478 -2.8956 -0.3545
0.2317 -2.8358 -1.3014
0.6310 -3.7516 -1.2593
1.3096 -3.9907 -0.5649
2.2979 -4.1414 -0.5384
2.2739 -5.1409 -0.5600
2.7120 -4.4456 0.0097
3.3533 -3.9601 -0.5844
2.8726 -4.5579 0.0571
3.3601 -5.0014 -0.6951
4.0098 -5.3932 -0.0437
3.2010 -5.4823 0.5376
4.0628 -5.8053 0.1464
3.3479 -6.4794 0.3322
3.1664 -7.4580 0.4285
2.5230 -7.6122 -0.3214
2.7940 -6.7434 -0.7358
2.1627 -7.0890 -0.0415
2.9720 -6.9100 0.5179
2.2756 -6.6778 1.1970
1.6162 -7.4287 1.2333
0.8448 -7.9845 1.5431
1.5910 -8.6382 1.6687
2.5503 -8.7819 1.9119
1.5732 -8.9949 1.9069
0.9828 -9.4021 1.2101
0.3596 -8.8816 0.6264
0.8712 -9.4604 -0.0085
-0.0195 -9.0405 0.1652
-0.1892 -9.6908 -0.5753
-0.7076 -10.1582 0.1408
-0.7763 -10.7585 0.9376
-1.0566 -10.6377 1.8899
-0.5813 -11.1839 2.5795
-1.0413 -10.7691 3.3646
-1.3262 -11.3221 4.1475
-2.0079 -10.7617 3.6770
-2.4758 -10.4616 4.5082
-3.0280 -9.8415 5.0654
-2.1725 -9.8121 4.5485
-1.6025 -9.1702 5.0614
-2.1026 -9.8775 5.5609
-1.4109 -10.5610 5.7941
-0.7518 -9.8268 5.6317
-0.9733 -10.7938 5.7576
-1.8457 -10.8947 5.2793
-1.2166 -11.1547 4.5467
-1.8542 -11.8042 4.1326
-1.9527 -11.1085 4.8441
-2.7392 -10.8136 5.3868
-1.7805 -11.0562 5.2379
-2.4784 -10.4756 4.8187
-1.7344 -10.6208 5.4709
-2.4931 -10.0221 5.7277
-2.3711 -10.7674 6.3832
-3.2642 -10.3751 6.1630
-3.8262 -10.7886 6.8793
-3.3458 -10.1691 6.2585
-2.7710 -9.7592 5.5502
-3.3433 -9.5970 6.3540
-2.6436 -8.8827 6.3427
-2.7344 -8.0366 5.8174
-2.3312 -8.0658 4.9027
-2.7738 -7.3126 5.3893
-2.2894 -6.4989 5.0681
-2.6800 -5.6064 4.8425
-2.4734 -4.8642 5.4801
-3.1105 -4.9812 6.2419
-3.7840 -5.7076 6.1050
-2.8742 -5.5182 5.7357
-3.4333 -6.2182 6.1798
-2.8709 -6.6171 5.4556
-1.8888 -6.4567 5.5535
-1.2814 -5.9671 4.9279
-0.9190 -6.8982 4.8846
-1.4074 -7.7294 4.6192
-2.2391 -8.2664 4.7604
-2.5303 -7.3559 4.4669
-2.1630 -7.9747 3.7726
-1.7979 -7.1920 3.2685
-1.4856 -7.4970 4.1682
-1.8109 -8.4420 4.1333
-1.8406 -8.8227 5.0575
-1.1043 -9.4978 5.1038
-0.3698 -9.2693 4.4648
-0.0678 -9.5107 5.3870
0.7286 -10.1148 5.4161
0.7650 -9.4072 4.7104
-0.0181 -9.2301 4.1142
0.6215 -8.9865 3.3851
0.0508 -8.5938 2.6640
-0.7625 -8.4846 3.2356
-1.1238 -7.5623 3.0989
-1.1610 -7.0637 3.9650
-0.2390 -7.1803 4.3342
0.1279 -7.9125 3.7603
-0.4514 -8.3931 4.4186
-1.2193 -7.7705 4.5696
-1.9184 -7.3130 5.1191
-2.2977 -6.3878 5.1313
-2.2109 -6.8868 5.9936
-1.8890 -6.2547 6.6984
-2.4651 -6.0475 7.4891
-3.1289 -6.4486 6.8579
-3.7201 -7.0092 6.2780
-3.1677 -7.7260 5.8525
-4.1071 -7.4189 6.0054
-3.1980 -7.5306 5.6038
-4.0290 -7.9182 5.2047
-4.5621 -8.5416 4.6327
-5.2617 -8.4636 5.3431
-5.8356 -7.6466 5.3980
-5.2593 -8.3796 5.7595
-4.7124 -8.0353 4.9964
-4.4762 -8.4543 5.8731
-3.9095 -8.9349 5.2039
-4.5891 -9.0857 5.9218
-4.2023 -9.2527 5.0148
-5.0222 -9.6295 4.5840
-5.8656 -9.9244 5.0332
-5.0603 -10.3948 5.3940
-5.2438 -11.0999 6.0790
-5.8451 -11.0813 6.8778
-6.0013 -10.3615 6.2014
-6.6933 -10.9604 5.7984
-6.9168 -10.2421 5.1395
-6.8565 -9.7109 5.9846
-7.0747 -9.7901 6.9573
-6.5111 -9.1705 7.5037
-6.5548 -9.3910 8.4781
-6.4164 -8.4019 8.4271
-6.7029 -7.6587 9.0316
-7.1883 -8.3079 9.6172
-8.0577 -7.8736 9.8529
-8.4939 -8.6351 9.3735
-7.9439 -8.6385 10.2087
-8.2857 -9.5124 10.5544
-9.1076 -9.5212 9.9849
-9.4197 -8.9710 10.7594
-8.6154 -9.1493 11.3264
-8.9325 -8.2214 11.5227
-9.1282 -7.3725 12.0137
-9.6361 -7.2652 11.1590
-9.7833 -6.6371 11.9231
-10.2156 -6.7915 11.0347
-10.9773 -7.3772 10.7576
-10.9501 -6.5543 11.3251
-10.7137 -5.7502 10.7798
-10.5375 -4.7681 10.7127
-10.4331 -3.8187 10.4165
-9.8574 -3.3440 9.7508
-10.8566 -3.3464 9.7905
-11.5441 -3.6973 9.1548
-12.2534 -4.0865 8.5670
-11.5718 -3.4403 8.2237
-11.0458 -3.6382 9.0508
-11.9631 -3.4416 8.7047
-11.6875 -3.9886 9.4952
-11.1110 -4.3721 8.7738
-11.1273 -3.9902 7.8497
-11.6383 -4.3696 7.0785
-12.0950 -5.1518 7.5023
-12.0984 -4.4170 8.1806
-12.0497 -4.2271 9.1612
-11.7098 -4.1874 8.2216
-11.0136 -4.8742 8.4303
-10.1898 -4.6828 8.9639
-10.8355 -5.3788 8.6496
-11.1430 -6.2993 8.8909
-11.1035 -7.0474 9.5532
-10.9292 -7.7536 10.2396
-10.1288 -7.5308 9.6831
-9.7641 -6.6440 9.9670
-10.3115 -7.1258 9.2827
-10.6191 -7.3765 8.3648
-10.9735 -7.1372 9.2688
-11.7688 -6.5916 9.0045
-12.7006 -6.4565 9.3414
-11.8231 -6.4141 8.8637
-11.3356 -5.5439 8.9358
-11.5596 -6.2448 9.6131
-11.6898 -5.4909 10.2570
-11.3842 -5.4809 11.2091
-10.5497 -5.9419 10.9072
-9.7656 -6.4372 10.5333
-9.6988 -5.8161 11.3142
-9.7835 -6.8061 11.2011
-10.4164 -7.2431 10.5621
-10.9821 -7.7645 11.2010
-10.1082 -7.6353 10.7324
-9.4557 -8.2850 10.3423
-8.9266 -8.8249 9.6878
-9.5248 -9.3308 9.0663
-8.6301 -9.5382 8.6705
-9.2613 -9.7758 9.4089
-8.5805 -10.4657 9.6550
-8.2666 -10.1312 10.5436
-7.6997 -9.3919 10.1802
-7.9921 -9.8336 9.3320
-7.8794 -8.8888 9.0241
-8.6942 -8.9341 8.4462
-8.1274 -9.7402 8.6161
-8.8255 -9.2563 9.1438
-8.3129 -8.3995 9.1993
-8.0686 -9.3395 9.4375
-8.4160 -8.4088 9.5524
-8.3219 -7.6411 8.9186
-9.1814 -8.0533 8.6167
-10.0457 -7.5919 8.4161
-9.5898 -8.3435 8.8930
-8.9247 -8.4279 8.1510
-8.0807 -8.8900 8.4232
-8.4986 -8.2679 7.7611
-8.0129 -7.5485 7.2646
-7.4712 -7.2311 6.4863
-8.0091 -8.0387 6.7278
-7.7563 -8.1267 7.6912
-7.2131 -7.7369 8.4349
-7.3327 -7.3164 9.3343
-7.4211 -7.0242 8.3820
-6.9959 -6.3850 9.0228
-7.9958 -6.3966 9.0301
-7.2545 -6.8359 8.5226
-6.8468 -7.5479 7.9509
-7.3039 -6.8426 7.4090
-7.2794 -5.8611 7.2189
-6.3100 -5.6166 7.2396
-6.9341 -5.2835 7.9464
-7.3408 -6.1222 7.5841
-6.8168 -5.3888 7.1508
-6.1089 -5.3806 6.4446
-6.8398 -5.9582 6.8082
-7.0800 -5.2040 7.4193
-6.9499 -4.8476 8.3445
-6.1564 -5.2372 8.8120
-5.2067 -5.4995 8.6407
-5.8565 -4.9193 9.1317
-6.7241 -4.7774 9.6083
-6.4860 -4.0526 8.9618
-5.5279 -4.3096 9.0876
-5.4986 -3.6685 8.3207
-6.4135 -3.5797 7.9269
-6.1529 -4.0598 8.7645
-7.1492 -4.0124 8.6932
-7.9866 -4.5437 8.5644
-7.0956 -4.0921 8.5164
-6.4995 -4.7085 9.0309
-7.4926 -4.8027 9.1006
-7.7056 -3.9196 8.6826
-8.0025 -4.7290 8.1759
-7.6685 -4.2351 7.3731
-8.3711 -4.0447 8.0587
-9.0471 -3.7575 8.7373
-9.3187 -4.3734 7.9978
-9.9563 -4.7498 7.3257
-10.4023 -3.9051 7.0299
-10.8282 -3.0869 7.4163
-10.2071 -3.8175 7.1326
-10.2786 -3.1821 7.9014
-9.7728 -3.9628 7.5345
-10.4152 -4.1614 8.2746
-11.3169 -4.5739 8.1450
-10.4834 -4.6090 8.6963
-9.7937 -5.3149 8.5348
-10.3042 -4.6654 9.0983
-10.1517 -4.8714 8.1317
-9.7200 -5.0609 7.2497
-9.4879 -4.3435 7.9066
-10.4325 -4.0637 8.0783
-9.8613 -3.4274 7.5597
-10.1083 -4.2479 8.0753
-11.0980 -4.3375 8.1869
-10.3020 -4.7724 8.6078
-11.1828 -5.1719 8.3538
-11.4259 -5.5710 7.4696
-11.7017 -6.0826 6.6559
-12.6159 -6.0582 7.0604
-11.7053 -5.6912 7.2506
-11.0784 -6.0928 6.5829
-11.8255 -5.4304 6.6387
-12.2161 -4.7244 7.2295
-11.9256 -5.5266 6.7079
-12.7357 -4.9594 6.8561
-13.0788 -5.8590 7.1261
-12.2893 -6.1697 7.6554
-12.8403 -6.3299 8.4744
-11.9821 -6.3166 8.9875
-12.6351 -6.5151 9.7184
-12.9715 -6.5806 8.7790
-13.8527 -7.0136 8.5893
-14.0271 -7.9747 8.3752
-14.3696 -8.3110 7.4979
-14.8122 -7.5502 7.9726
-14.6737 -6.5714 8.1237
-15.4595 -6.5765 7.5053
-14.8360 -7.0630 8.1172
-15.0532 -7.5040 7.2464
-14.1886 -7.8187 6.8549
-13.4939 -7.1408 6.6146
-12.6692 -7.6038 6.2896
-12.5859 -8.3308 5.6080
-13.3337 -7.6696 5.6690
-12.7346 -8.4524 5.8375
-13.3753 -9.0578 6.3099
-13.7327 -9.7289 6.9594
-14.1475 -10.5124 6.4968
-14.7287 -9.8329 6.0490
-14.3121 -10.5444 6.6149
-13.5947 -10.0137 6.1636
-12.7079 -9.8853 6.6075
-12.1616 -9.4556 7.3265
-12.3052 -8.6837 6.7073
-11.5084 -8.8918 6.1399
-12.0954 -8.4644 6.8276
-11.9731 -8.8178 5.9001
-12.1917 -8.3619 5.0374
-12.9662 -8.1850 5.6447
-13.5665 -8.4780 6.3888
-13.2574 -7.7735 7.0277
-13.9202 -8.0477 7.7245
-14.6178 -7.4546 7.3225
-14.5293 -6.6943 7.9661
-14.2482 -6.6720 8.9255
-14.7103 -6.0009 9.5053
-15.3271 -6.3833 10.1933
-14.9656 -5.4792 10.4213
-15.2885 -4.5949 10.0840
-15.8162 -3.7536 9.9671
-16.5904 -3.2033 9.6542
-15.8050 -3.0458 9.0557
-14.8719 -3.4053 9.0653
-14.2390 -2.6436 9.2043
-14.0702 -1.6968 8.9303
-14.1180 -0.7240 8.7038
-14.3104 -0.1280 9.4835
-14.9019 0.3125 8.8082
-14.7965 0.6038 7.8574
-14.9147 -0.1976 8.4438
-15.5925 0.5370 8.4136
-15.1208 0.3735 7.5471
-15.3583 -0.1555 6.7324
-15.9323 0.5216 7.1930
-16.1045 -0.3237 7.6987
-16.2730 0.6096 7.3815
-17.0529 0.9893 6.8840
-16.9128 1.6656 6.1608
-16.6171 1.2021 5.3255
-16.9808 1.7196 4.5510
-17.5097 1.8947 3.7206
-17.5290 2.5814 2.9938
-17.7938 3.1846 3.7462
-18.1134 3.1177 2.8010
-18.7762 3.8662 2.7784
-18.6853 4.6095 2.1156
-18.7554 4.8005 3.0947
-18.0335 4.1933 2.7629
-18.7961 4.0390 3.3910
-19.3865 4.1871 4.1845
-19.3711 4.2527 3.1867
-18.9231 5.1307 3.3553
-18.4800 4.4890 3.9812
-19.1084 5.1158 3.5205
-18.7324 5.7950 4.1508
-19.5007 5.4165 4.6670
-18.6493 5.9409 4.6798
-19.2881 6.0818 3.9234
-19.8958 6.3700 4.6635
-19.4687 5.6603 5.2238
-19.7885 5.2470 6.0764
-19.8263 4.8749 5.1490
-19.2375 4.1460 5.4984
-18.2495 4.0302 5.6002
-18.2813 4.4036 4.6731
-17.5847 4.8487 5.2359
-16.9337 4.2010 4.8401
-16.1493 4.6639 5.2530
-16.1132 5.1921 6.1014
-16.2683 6.0122 5.5505
-15.6146 5.9881 6.3069
-15.1442 6.5392 5.6176
-15.0789 7.1645 6.3952
-15.9856 7.2836 5.9907
-15.4535 7.7555 5.2878
-15.1768 8.1628 4.4174
-14.4633 7.8825 5.0596
-15.2715 7.9323 4.4728
-15.8476 7.9097 3.6558
-15.1528 8.2243 3.0091
-15.7937 7.4597 2.9415
-16.2597 7.0877 2.1387
-16.9138 7.7440 1.7627
-16.3502 7.1824 2.3685
-15.4355 7.4122 2.0361
-16.2535 7.0098 2.4472
-16.0845 6.4034 1.6702
-16.2653 5.9189 0.8143
-16.3713 4.9514 1.0439
-15.7106 4.9713 1.7943
-16.0500 4.0878 1.4714
-16.4347 4.8000 2.0586
-16.8419 5.5826 2.5294
-17.2306 4.9779 1.8343
-16.9114 5.3913 2.6870
-17.2102 5.6909 3.5931
-16.4545 5.0464 3.7095
-15.5772 4.8886 4.1628
-15.2677 4.4371 3.3259
-15.5278 5.3600 3.0422
-15.8134 4.7151 2.3333
-16.7109 4.6328 1.9001
-17.1511 4.0749 1.1966
-16.2723 4.0946 1.6733
-16.2205 5.0088 1.2715
-15.3881 5.3252 1.7264
-14.8144 5.9569 1.2051
-15.5916 6.1991 1.7859
-15.3895 6.1874 0.8066
-14.5061 6.2707 1.2677
-14.3972 6.5472 2.2226
-14.9702 5.9115 2.7398
-15.5060 5.0674 2.7184
-16.3802 4.6424 2.4837
-17.1782 4.1528 2.1322
-16.4781 4.8634 2.0615
-16.0907 4.5906 1.1809
-15.2375 4.2287 0.8053
-15.7891 4.1363 -0.0236
-16.2434 4.2659 -0.9050
-16.2682 4.9267 -0.1549
-16.8437 4.9312 -0.9727
-17.0156 4.1820 -1.6123
-16.8974 3.4333 -0.9600
-16.8372 2.6963 -0.2868
-16.2290 1.9300 -0.0795
-16.4385 2.3315 0.8120
-17.3603 2.6335 1.0553
-16.6742 3.0861 1.6249
-16.4904 3.4433 0.7092
-15.6877 3.9448 0.3863
-16.5632 4.3479 0.1196
-15.7740 3.8478 0.4761
-15.5637 2.9211 0.1647
-15.8319 1.9738 0.3399
-16.4724 2.7047 0.5755
-17.0716 3.1178 -0.1103
-16.4668 3.1860 -0.9038
-15.8231 3.2505 -0.1412
-16.4708 3.0223 -0.8681
-17.0164 2.3061 -0.4330
-17.3339 3.0942 0.0943
-17.8873 3.6202 0.7402
-16.9106 3.8117 0.8378
-17.6207 3.2938 0.3607
-18.3015 3.2931 1.0932
-17.9260 4.1568 1.4294
-18.1479 3.3833 2.0231
-18.8891 3.9990 2.2906
-19.3259 4.3723 1.4721
-18.6483 4.5763 0.7655
-17.9069 4.4335 1.4213
-17.4128 3.9862 2.1667
-16.9443 4.7181 2.6617
-16.3776 5.3679 2.1552
-16.0515 5.0786 1.2552
-15.5078 5.5097 0.5351
-16.2192 4.8656 0.8164
-15.6561 4.0413 0.7571
-15.8195 3.1504 0.3333
-15.9833 2.1680 0.2434
-15.6297 1.3624 -0.2319
-16.4856 0.8459 -0.2583
-17.0493 0.4006 -0.9539
-17.8780 0.0528 -1.3924
-18.5282 -0.1563 -0.6620
-18.4665 0.5975 -0.0078
-17.8654 0.0213 0.5460
-17.8761 0.3057 1.5047
-17.9181 1.2976 1.6245
-17.3779 0.5702 2.0476
-18.0092 1.2488 1.6722
-17.8876 0.2652 1.5395
-18.7376 0.5372 1.9907
-19.5714 0.2536 1.5171
-19.8783 0.7279 2.3423
-20.5824 0.6338 1.6384
-21.2711 1.1066 1.0888
-21.7835 0.5669 0.4209
-22.5941 1.1521 0.3978
-22.3235 1.2271 1.3576
-21.5720 1.8683 1.2023
-22.0296 2.0102 0.3245
-22.5996 2.5808 0.9158
-21.9023 2.1423 0.3488
-22.4275 2.8030 -0.1874
-21.9870 2.0425 0.2896
-22.9091 2.2232 0.6318
-23.7024 1.6877 0.3422
-24.2766 2.1287 -0.3476
-25.2286 2.4247 -0.2688
-25.2589 1.7498 -1.0060
-24.5595 2.3420 -1.4061
-25.2828 1.8224 -0.9512
-24.4592 1.4346 -0.5373
-23.5975 1.4515 -1.0445
-23.1571 0.5536 -1.0454
-22.6836 1.2828 -0.5513
-23.3361 0.7156 -0.0488
-22.7561 0.0111 -0.4579
-22.2037 0.7725 -0.1188
-21.6685 0.4973 0.6799
-22.4993 0.7253 1.1875
-22.2062 1.2742 1.9704
-21.3135 1.2873 1.5198
-22.2891 1.0709 1.4820
-23.0444 1.5341 1.9457
-23.4135 1.0186 2.7190
-24.1845 0.8181 3.3234
-23.7089 1.6951 3.3910
-22.8478 1.8111 2.8960
-22.1258 2.5012 2.8461
-22.7777 2.1161 3.4993
-22.7815 1.1162 3.5130
-23.7077 1.0099 3.8746
-23.5253 1.8626 3.3851
-24.3496 1.2990 3.3306
-24.0241 0.7167 4.0756
-23.1006 0.8343 4.4406
-23.8311 1.1727 5.0337
-23.6602 0.2662 4.6476
-23.8467 0.5470 3.7062
-24.4520 1.2828 4.0097
-24.9693 0.9471 4.7969
-25.5382 0.7918 5.6045
-25.1412 1.0029 6.4977
-24.6953 1.7703 6.9585
-24.7121 0.8205 7.2710
-24.6415 1.5617 7.9385
-25.2208 2.3209 7.6416
-24.9327 2.0508 6.7229
-25.0902 1.0685 6.8241
-24.5446 0.4783 7.4190
-25.0746 -0.1315 6.8297
-24.3086 0.4901 6.9936
-23.5256 -0.0854 7.2294
-22.6429 0.3805 7.1679
-21.8514 0.3885 6.5567
-22.2202 -0.3394 7.1348
-22.6525 -0.3749 8.0358
-23.4411 0.2392 8.0032
-23.9344 -0.5291 7.5953
-23.8374 -1.0232 8.4593
-24.6643 -0.9023 7.9101
-24.2002 -1.6380 7.4168
-23.7087 -1.0993 8.1012
-23.7282 -0.3096 8.7144
-24.0045 -1.1227 8.2021
-24.3934 -1.2189 7.2858
-25.2264 -1.2969 6.7381
-25.8340 -1.2609 7.5315
-25.2762 -0.8482 6.8114
-24.8634 -1.4827 6.1579
-25.3927 -1.1094 5.3959
-26.1792 -0.4925 5.4248
-26.5365 -0.7021 4.5147
-27.3970 -0.9767 4.9439
-28.0572 -1.6062 5.3536
-27.3996 -1.6372 4.6009
-27.0139 -0.8740 4.0824
-27.6980 -0.2847 3.6525
-26.7290 -0.5171 3.7362
-27.3686 0.2145 3.9720
-27.6617 -0.3567 4.7387
-27.0165 -0.2769 5.4985
-26.6556 0.2730 4.7453
-25.6736 0.2985 4.9326
-25.2119 -0.1876 4.1906
-25.0262 -1.0982 4.5597
-24.2921 -1.7483 4.7559
-23.8505 -2.6454 4.7753
-24.0195 -2.5397 3.7954
-23.4063 -2.4329 3.0128
-23.8749 -2.9190 3.7503
-24.5253 -2.3404 4.2425
-23.6215 -1.9389 4.3911
-23.8617 -2.4809 5.1964
-22.9144 -2.7354 5.3912
-23.5892 -3.0833 6.0420
-24.3740 -2.7148 5.5436
-24.5545 -3.5373 6.0829
-24.2356 -3.0452 5.2729
-24.0350 -2.6994 4.3563
-23.2399 -2.8930 4.9310
-23.4972 -2.1207 4.3502
-24.4169 -1.7582 4.1988
-25.1670 -1.7172 3.5388
-24.5904 -1.8360 2.7305
-25.3807 -1.2236 2.7476
-24.7610 -1.7748 2.1889
-25.0828 -2.5440 1.6368
-25.6280 -3.0554 0.9727
-24.8442 -2.4451 0.8581
-25.5554 -1.9507 1.3578
-25.4864 -2.8203 1.8467
-25.2110 -3.4001 1.0799
-24.2645 -3.4716 1.3946
-24.9009 -2.7015 1.3517
-24.1048 -2.1021 1.2686
-24.8470 -2.7604 1.1426
-25.5408 -2.6215 1.8493
-26.4239 -2.2615 2.1501
-26.5961 -2.6947 3.0349
-25.9201 -2.6902 2.2979
-25.5551 -3.5394 1.9162
-24.8587 -3.3055 2.5947
-25.2726 -2.5588 2.0740
-24.8866 -1.8355 2.6465
-24.5621 -2.7813 2.6420
-25.4620 -2.9842 3.0279
-24.7959 -3.6574 2.7069
-25.6881 -4.0651 2.5124
-26.3709 -3.4139 2.1809
-26.6685 -2.7353 2.8523
-25.9651 -3.4450 2.8907
-26.3555 -3.9374 3.6687
-26.9552 -4.6585 3.3219
-26.8658 -4.3953 4.2825
-26.4609 -4.7831 3.4544
-25.7874 -5.4011 3.0489
-26.4353 -6.0039 2.5833
-27.2034 -6.3688 3.1095
-26.5994 -5.6642 2.7370
-25.8498 -5.0028 2.7137
-25.2141 -4.5340 3.3270
-25.0044 -3.5562 3.3300
-25.7031 -2.8411 3.3130
-25.4191 -3.4225 4.0754
-26.4023 -3.2401 4.0788
-26.4072 -2.4389 4.6770
-26.8678 -1.7783 5.2700
-27.5497 -2.0188 5.9607
-26.5635 -2.1104 6.0987
-27.0606 -1.9783 5.2411
-26.8476 -1.5473 4.3642
-27.5415 -2.1442 3.9614
-27.1389 -2.9344 3.4993
-26.4433 -2.5918 4.1307
-25.6706 -3.0772 3.7217
-25.7960 -2.3950 3.0013
-25.8261 -1.9750 3.9084
-26.3323 -2.6653 4.4254
-25.7263 -3.0884 5.0990
-24.7714 -2.8696 5.3000
-25.2689 -3.7273 5.4295
-24.6400 -4.4427 5.1251
-24.0549 -4.1810 5.8926
-23.2538 -4.3155 6.4759
-23.9433 -4.0195 5.8148
-23.4653 -4.7643 5.3493
-24.1628 -4.3617 4.7565
-24.6899 -5.1715 4.4987
-24.8796 -6.0545 4.9279
-24.8784 -5.6093 5.8234
-24.8413 -4.6287 6.0154
-23.9662 -4.1582 5.9022
-24.8319 -4.2963 5.4210
-25.2803 -4.8363 6.1333
-25.7978 -5.6322 6.4476
-26.2728 -4.7835 6.6805
-26.8872 -4.3106 7.3120
-27.6460 -4.9595 7.2561
-28.3224 -4.5445 6.6477
-28.6751 -5.3692 7.0900
-28.1063 -5.7375 6.3545
-27.7542 -6.4399 6.9731
-28.5602 -6.9825 6.7368
-29.3518 -7.5934 6.7493
-29.9723 -6.9853 7.2446
-29.8674 -7.1585 6.2653
-29.6435 -6.2075 6.4787
-30.2341 -7.0047 6.3535
-29.4501 -6.3841 6.3660
-28.6620 -6.2891 5.7578
-29.4127 -6.2416 6.4168
-30.2882 -6.6908 6.5951
-29.6261 -5.9566 6.4443
-29.2632 -6.7013 5.8841
-29.3125 -7.6989 5.8364
-29.8618 -7.9596 6.6303
-30.5640 -7.2781 6.8362
-29.7498 -6.9585 7.3207
-30.1417 -7.1641 6.4241
-29.8581 -6.2145 6.5571
-30.6237 -5.8454 6.0303
-30.5837 -5.1618 6.7590
-30.4728 -5.5173 5.8310
-29.7454 -5.8879 6.4085
-29.1086 -6.6015 6.1162
-29.3489 -7.4661 6.5574
-28.9631 -6.5691 6.7729
-29.8734 -6.1761 6.9023
-30.7788 -6.5347 6.6749
-29.8856 -6.9704 6.5633
-29.6449 -7.5962 5.8214
-29.7722 -8.0271 6.7148
-30.6054 -7.7291 7.1807
-30.7208 -8.0356 8.1255
-30.5027 -8.7799 8.7567
-30.9419 -8.8254 9.6540
-30.4526 -7.9724 9.4722
-29.6359 -7.5250 9.1078
-29.9122 -7.0812 9.9603
-29.9520 -6.6192 9.0743
-29.2509 -7.3310 9.0325
-28.5118 -7.8058 8.5547
-29.2875 -8.3495 8.2343
-28.8467 -8.7507 7.4314
-28.7339 -8.5250 6.4637
-29.2715 -8.9590 5.7408
-29.8235 -9.5561 5.1587
-29.1662 -10.2394 5.4765
-29.6123 -10.9777 5.9823
-29.2895 -10.0628 5.7400
-29.6787 -10.2619 6.6394
-30.5661 -9.8393 6.4553
-29.6461 -9.4511 6.4029
-29.8833 -8.5444 6.0541
-30.2150 -8.8515 6.9461
-29.5935 -9.5557 7.2892
-28.7155 -10.0307 7.3485
-27.9783 -9.4800 7.7400
-27.3007 -10.2031 7.6059
-27.4340 -11.0337 8.1466
-28.0831 -10.5094 8.6977
-28.8390 -11.1640 8.6954
-29.3378 -10.3364 8.4382
-29.0855 -9.6073 7.8020
-29.2860 -10.4989 7.3959
-29.0991 -10.2956 6.4348
-28.5489 -9.4982 6.1873
-28.0286 -10.1144 6.7785
-27.2971 -9.6954 7.3164
-27.0632 -10.6420 7.0944
-27.4512 -11.3460 7.6893
-27.6817 -12.0288 8.3825
-27.2415 -11.5506 9.1424
-27.1744 -11.2139 10.0817
-27.5913 -12.0838 9.8177
-26.9932 -11.5088 9.2594
-26.2674 -11.2020 8.6437
-26.7430 -10.5437 9.2271
-27.0387 -11.3148 9.7909
-27.3255 -11.8942 9.0280
-26.3270 -11.8672 9.0753
-25.7724 -12.1850 8.3062
-26.5199 -12.8408 8.4123
-26.8327 -13.3796 9.1945
-27.5319 -12.7655 9.5605
-26.8314 -12.0663 9.4172
-26.2917 -11.2648 9.1596
-26.4821 -10.9592 10.0926
-27.2964 -11.5285 9.9795
-27.0172 -11.7987 9.0580
-27.2391 -10.8384 9.2271
-26.2966 -10.5555 9.4048
-27.0742 -9.9314 9.3286
-27.3438 -10.0122 8.3690
-27.2767 -9.8855 9.3587
-26.4232 -10.2434 9.7375
-27.1251 -10.8205 9.3199
-26.6595 -10.7844 10.2042
-27.2559 -10.2528 10.8056
-27.4068 -9.6141 10.0511
-26.7995 -8.9718 9.5835
-26.0127 -9.4760 9.2275
-26.3232 -8.5988 9.5937
-25.7700 -9.2324 10.1345
-26.6633 -9.3632 9.7043
-25.9465 -10.0068 9.4359
-26.3877 -10.3743 8.6171
-26.3765 -11.3663 8.7424
-26.3568 -10.5012 8.2413
-25.9355 -9.5968 8.3090
-26.7221 -9.8272 7.7362
-27.2100 -10.5414 8.2381
-27.8317 -11.0855 8.8015
-27.1019 -11.7400 8.9991
-27.8652 -11.0956 9.0470
-28.6059 -10.4488 8.8657
-29.4225 -10.0256 9.2582
-29.8267 -9.4049 9.9300
-30.6361 -9.5920 10.4867
-31.1556 -10.3858 10.1706
-30.1670 -10.2415 10.2132
-31.0630 -10.6184 10.4479
-30.1509 -10.6011 10.0384
-29.7889 -9.9043 10.6577
-30.4355 -10.0291 11.4103
-30.5357 -10.9266 10.9808
-31.3877 -10.4420 10.7826
-30.5992 -11.0563 10.7504
-31.0830 -11.7947 10.2805
-31.8911 -11.5361 9.7513
-32.7638 -11.9884 9.9349
-33.4868 -12.6791 9.9495
-33.7847 -12.0505 9.2311
-33.0759 -11.7281 8.6037
-33.8741 -12.3171 8.4774
-34.5370 -12.1968 7.7383
-33.8002 -11.5880 8.0326
-33.8159 -10.6051 7.8492
-32.9412 -10.2689 7.5001
-32.7968 -9.2978 7.3102
-33.7296 -9.6568 7.2795
-34.5779 -9.4834 6.7792
-33.9692 -9.3590 7.5628
-33.4661 -8.5568 7.2414
-34.0281 -8.0565 7.9001
-34.5885 -8.5128 8.5913
-33.8245 -8.4332 9.2316
-34.7353 -8.8217 9.3712
-34.8962 -9.4381 8.6004
-34.0025 -9.6253 9.0081
-33.3515 -9.1679 9.6140
-32.7686 -9.5699 10.3200
-33.4823 -10.2411 10.5203
-32.8511 -10.6733 11.1643
-32.0527 -11.1348 11.5510
-32.0110 -11.8868 12.2089
-32.6897 -12.5221 12.5772
-33.1362 -11.8216 12.0206
-32.5867 -12.4488 12.5725
-33.1531 -11.8239 13.1098
-33.7870 -11.3674 13.7341
-33.2239 -10.5630 13.9239
-33.6335 -11.2293 13.3008
-34.2587 -10.4541 13.2110
-35.0199 -10.3725 12.5675
-35.8191 -10.8676 12.2267
-36.4533 -11.4375 11.7042
-37.4505 -11.4758 11.7677
-37.7933 -10.8699 12.4856
-38.3085 -10.2541 11.8895
-39.0600 -10.6565 12.4123
-38.2437 -10.8587 12.9535
-38.2641 -10.3179 13.7945
-37.7851 -9.7347 14.4505
-37.5187 -9.3076 13.5865
-36.7927 -8.9493 12.9994
-37.4684 -8.3712 12.5420
-36.7060 -7.7524 12.3526
-35.9634 -8.4220 12.3712
-35.0960 -8.0748 12.7277
-35.4325 -7.3554 13.3354
-34.9545 -8.0851 13.8245
-34.3116 -8.7366 14.2272
-33.6830 -9.1544 14.8832
-33.4559 -8.5454 15.6432
-33.8469 -7.7870 16.1648
-34.5392 -7.2987 16.6960
-34.6233 -7.1800 17.6853
-34.3873 -7.0176 16.7272
-35.3771 -7.0057 16.5857
-34.9365 -7.7781 16.1284
-35.3415 -8.5829 15.6944
-34.7900 -8.7652 14.8804
-34.2748 -8.1732 14.2607
-33.2927 -8.3541 14.2073
-33.4049 -7.6431 13.5131
-34.1752 -7.2269 13.0299
-34.9346 -6.7491 13.4715
-34.4300 -7.4957 13.0379
-34.8139 -8.1439 12.3803
-34.4205 -7.2848 12.7075


0.0 0.0 0.0
0.6064 0.5353 -0.5880
-0.1958 0.0890 -0.1913
0.3814 -0.4082 0.4565
0.5536 0.4141 0.9989
0.6780 1.2753 1.4916
1.5969 1.5724 1.2322
2.0682 1.0196 0.5450
2.1677 2.0023 0.3891
3.0396 2.4682 0.2384
3.6361 2.0469 -0.4448
3.4258 1.2121 0.0640
3.5112 2.0663 0.5769
3.3444 1.0959 0.4019
3.0961 0.4472 -0.3175
2.2700 0.7650 -0.7829
2.5773 1.4338 -0.1060
1.8286 1.9581 0.2997
1.1836 1.6167 -0.3840
1.3868 0.6417 -0.4737
1.3186 1.6346 -0.5714
0.8642 2.2867 0.0354
0.0522 2.4014 0.6077
0.9492 2.0344 0.8541
0.3919 2.6720 1.3860
0.7821 2.0109 0.7451
0.8637 1.5289 1.6174
0.4870 1.2162 0.7454
0.8331 1.7622 1.5084
0.9915 2.7099 1.7855
0.7404 3.5482 1.3015
1.6021 3.1663 1.6356
0.9799 2.4429 1.9348
0.8854 2.2643 2.9141
1.8099 2.0695 3.2418
2.2687 1.5856 3.9871
2.6350 1.1897 3.1450
2.5361 0.5944 3.9424
1.9500 1.2939 4.3511
1.3061 0.6262 4.7246
1.4973 -0.2987 5.0533
2.2119 -0.9817 4.9020
2.9558 -1.0207 4.2349
3.6085 -0.7170 3.5408
3.5890 0.1331 4.0671
2.7227 0.5190 3.7498
3.0958 0.5148 2.8220
3.7133 -0.2460 3.0213
2.7331 -0.1407 3.1892
2.7120 0.7051 2.6562
3.7009 0.7058 2.8051
3.9206 0.6962 3.7806
3.3020 0.8960 3.0207
2.5146 0.3767 2.6885
2.9902 -0.4786 2.8942
3.4767 -0.1066 2.1037
3.0654 -0.8561 2.6224
2.4710 -0.3836 3.2732
3.2563 -0.8577 3.6712
3.6731 0.0429 3.5470
3.5691 0.0534 2.5525
4.3307 0.6757 2.7336
4.3722 0.4809 1.7537
3.8041 0.2025 2.5281
3.1317 0.4716 3.2176
2.7358 -0.2276 2.6222
2.7098 0.6915 2.2291
2.8877 1.3632 1.5099
3.0068 0.7645 2.3020
3.9979 0.8607 2.2104
4.8677 0.9329 2.6985
5.7246 1.4152 2.8808
5.2879 0.5160 2.9090
5.2984 0.7629 3.8780
4.9466 1.4664 4.4955
4.1321 1.7775 4.0059
4.8904 2.0330 3.4061
4.1269 1.4335 3.1657
3.8153 0.6185 3.6541
4.7976 0.7621 3.7745
4.3365 1.1961 3.0006
3.6557 1.9146 2.8584
3.9717 1.1341 3.3978
4.7257 1.6310 3.8274
5.3197 1.4913 3.0352
5.9512 1.0127 3.6453
5.2596 1.0325 4.3672
6.0821 0.9251 3.8086
6.6318 0.4566 3.1170
7.6183 0.5102 3.2716
7.1632 0.5867 2.3845
7.8394 -0.1156 2.6073
8.4473 0.6264 2.3246
8.4611 -0.2465 1.8369
9.2792 -0.0731 2.3852
9.4730 0.0097 1.4077
9.2042 -0.5592 0.6304
9.2591 -1.4865 1.0007
8.6370 -2.0056 1.5868
7.7696 -2.1591 1.1134
7.0975 -2.8790 0.9403
7.7698 -3.4936 1.3529
7.7722 -2.7352 0.7011
8.0882 -3.4517 1.3230
7.4554 -2.6789 1.3712
7.5741 -1.9735 2.0700
7.1847 -2.7487 1.5726
6.7798 -3.4398 0.9739
6.0285 -4.0146 1.2982
5.3084 -4.0731 0.6067
5.2588 -3.4197 -0.1487
5.1052 -2.6710 0.4962
4.6421 -3.2772 1.1428
3.7315 -3.4739 0.7792
4.3647 -2.7517 0.5009
4.6907 -2.2078 1.2742
3.9361 -2.0930 1.9202
3.7640 -1.4098 2.6299
3.7278 -1.9368 3.4790
3.5524 -1.1989 2.8273
3.0676 -0.3962 2.4799
3.5955 0.3972 2.1768
3.9439 -0.2538 2.8513
3.2098 -0.9283 2.9294
3.5201 -1.5232 2.1879
3.9431 -1.0044 1.4450
3.2578 -1.7307 1.3913
2.6463 -0.9400 1.3631
3.1413 -1.5607 0.7552
3.4504 -0.8942 1.4336
2.8664 -0.0912 1.3148
2.9817 0.5153 0.5281
3.7048 0.0143 0.0526
3.6008 0.6436 0.8228
3.9088 1.4168 0.2684
3.9874 1.9375 1.1185
3.2439 1.2723 1.1872
3.4878 0.3567 1.5070
2.8654 -0.1286 0.8930
2.1156 0.4789 0.6308
1.1501 0.6057 0.4032
1.4852 0.1433 1.2241
0.5579 0.2396 1.5859
0.2003 -0.4393 0.9446
0.5255 -1.1273 1.5934
0.0703 -0.8944 0.7340
-0.6231 -0.4831 0.1424
-0.3611 -1.4195 0.3757
-0.4942 -0.4706 0.0895
-0.8686 0.0610 -0.6702
-0.4409 -0.8399 -0.5964
0.1267 -0.4999 0.1534
-0.2485 0.1926 -0.4629
0.4573 -0.2115 -1.0448
0.0014 0.2596 -0.2897
0.0398 1.1004 -0.8296
0.2764 1.0047 0.1372
-0.2261 0.1415 0.0881
-0.6273 0.7179 -0.6239
-1.4018 0.2118 -1.0034
-0.6356 -0.2794 -1.4179
-1.2376 0.5141 -1.3286
-0.8355 1.2884 -1.8173
-1.5150 0.5612 -1.7199
-2.1892 0.8810 -2.3856
-2.4631 0.0991 -1.8255
-2.8868 -0.4749 -2.5262
-2.1991 0.2085 -2.7712
-1.4631 -0.3425 -3.1644
-0.7473 0.2232 -3.5737
-0.2975 -0.4116 -2.9453
-1.1422 -0.7817 -3.3322
-1.7083 0.0279 -3.4871
-1.0377 -0.7024 -3.3567
-1.8847 -0.7773 -2.8305
-1.5902 -1.1678 -3.7027
-1.3752 -1.7982 -4.4486
-0.7902 -2.5920 -4.6151
-0.3080 -1.8111 -4.2180
-1.0922 -1.1976 -4.1256
-1.3166 -2.0899 -4.5175
-1.4871 -1.1975 -4.0996
-0.9746 -0.9793 -4.9301
-0.2145 -0.8198 -4.3001
-0.1583 -0.3500 -3.4192
-0.5928 -1.0494 -2.8517
-0.0048 -1.5754 -3.4663
0.3994 -1.6523 -2.5548
0.0434 -1.3775 -3.4480
0.5490 -2.1835 -3.1402
0.1960 -2.3848 -4.0539
0.5356 -3.3078 -3.8727
1.3032 -3.6566 -4.4104
1.9837 -4.3242 -4.7125
2.7979 -4.8443 -4.9705
2.3912 -5.3020 -5.7612
2.2473 -4.3265 -5.5949
1.2874 -4.0465 -5.5820
0.4780 -3.5048 -5.3548
-0.0011 -2.9056 -5.9962
-0.6152 -2.1808 -6.3086
-1.0527 -1.6225 -7.0135
-0.6031 -1.1089 -6.2827
-0.0037 -0.4609 -5.8127
0.5528 0.3275 -6.0746
-0.2863 0.2561 -5.5355
0.3731 0.8994 -5.1464
1.2095 1.4396 -5.2394
1.4657 1.8540 -4.3661
1.7477 2.7877 -4.1455
1.1278 3.5529 -3.9713
1.9727 3.1341 -4.3043
2.5806 2.7251 -3.6237
2.0360 2.0925 -4.1743
1.6595 1.1887 -4.3780
1.8632 1.7249 -5.1972
2.2957 1.5723 -6.0859
2.9924 1.0060 -6.5262
2.8033 1.9810 -6.4095
3.3687 1.3259 -6.9108
2.8930 0.9043 -6.1388
3.6981 0.3613 -6.3776
2.7858 0.3493 -5.9683
3.0550 1.2962 -5.7926
2.3756 1.9916 -6.0268
2.4304 1.0323 -6.3040
2.4440 0.0328 -6.3317
1.7697 0.6548 -5.9336
2.5352 0.9675 -5.3712
1.7573 1.2898 -4.8318
0.9583 1.8355 -4.5791
0.3229 1.2108 -4.1251
1.1851 1.0291 -4.5980
1.4634 1.5647 -5.3952
1.1295 0.6374 -5.5645
0.9113 -0.2321 -6.0075
0.4120 0.5955 -6.2640
0.4605 -0.0726 -7.0065
0.0044 0.4672 -7.7141
-0.5574 1.2652 -7.4960
0.3231 1.7392 -7.5002
1.1346 2.2342 -7.1897
1.5864 1.7872 -6.4176
1.0438 1.3577 -5.6958
0.6095 1.0694 -4.8423
1.2242 0.9715 -5.6250
0.3841 0.7331 -6.1122
0.2137 1.3484 -5.3425
0.4713 2.1264 -4.7694
0.7329 2.3976 -5.6957
0.2350 2.1977 -4.8518
0.9278 2.4936 -4.1942
0.5660 1.5861 -4.4077
1.3081 1.2386 -4.9809
2.0693 1.5912 -5.5253
2.8137 1.6538 -4.8605
2.3265 1.9596 -4.0424
1.4846 2.1561 -3.5399
2.0211 1.9702 -2.7167
1.3230 2.2870 -3.3588
0.8111 3.1192 -3.1459
0.4128 3.0510 -2.2312
1.1969 2.7137 -1.7102
1.1012 3.6842 -1.4889
1.1196 2.9645 -2.1829
2.0450 3.2386 -1.9210
2.2617 2.2638 -1.8682
1.6865 2.6330 -1.1383
2.2581 2.9336 -0.3748
1.8097 2.2317 0.1785
2.5570 2.8446 0.4351
1.9468 2.3110 1.0207
1.2505 1.8466 1.5679
1.8226 2.2142 2.3011
2.0208 2.8990 1.5998
1.8292 3.8704 1.7397
1.8356 4.0841 0.7629
1.3065 4.9129 0.9451
0.8030 5.7764 0.9186
1.4316 5.6040 0.1602
1.5799 6.3885 0.7624
1.7252 5.5862 0.1835
1.5983 6.5654 0.0253
2.4442 7.0959 -0.0298
2.1596 6.6305 -0.8679
1.8731 7.2707 -0.1552
2.0044 7.8967 0.6135
1.3949 7.3772 0.0146
1.8979 6.6339 -0.4265
1.1466 6.4059 -1.0458
2.1050 6.6895 -1.0780
1.9757 5.8526 -0.5462
2.8248 5.6988 -1.0515
3.4941 4.9898 -1.2741
4.2386 5.6451 -1.4016
5.0622 6.1952 -1.5395
4.0781 6.2740 -1.6988
3.9821 5.4809 -2.3003
4.1848 6.0029 -3.1288
3.6194 6.8099 -3.2993
4.0020 5.8860 -3.2917
3.6218 5.1981 -3.9099
3.9540 5.9988 -4.4082
3.1488 6.5260 -4.6796
3.5341 7.0345 -3.9096
4.5164 7.0045 -4.0945
4.4232 6.4370 -3.2764
3.4591 6.5688 -3.5068
3.4604 6.0086 -2.6785
3.5185 6.9014 -2.2319
3.8223 7.5612 -2.9192
3.4529 6.6838 -3.2251
4.0815 6.5078 -2.4676
5.0399 6.4544 -2.7479
5.6170 6.6874 -1.9651
4.8393 6.1283 -1.6777
5.6936 6.2431 -2.1846
6.1042 6.5570 -1.3285
5.7838 7.0103 -2.1604
5.7652 7.7814 -2.7968
5.1729 7.2456 -3.3986
5.2005 6.8175 -4.3019
4.8778 7.1377 -5.1926
5.0423 6.4968 -4.4429
4.4782 5.8480 -4.9536
3.7382 5.2249 -5.2070
3.0756 5.7853 -5.7038
2.7157 6.2103 -6.5344
3.1070 6.7293 -7.2943
3.0478 6.9066 -6.3120
2.2217 7.4059 -6.5731
1.3004 7.0169 -6.5749
0.5846 6.3215 -6.5122
0.4295 5.3392 -6.6172
-0.0510 5.6301 -5.7899
-0.9454 6.0330 -5.9842
-1.2233 6.7402 -6.6343
-0.7172 6.4893 -7.4594
-0.0035 5.7924 -7.5301
0.9716 5.9806 -7.4124
0.9318 6.2605 -6.4532
1.7888 6.7699 -6.3749
1.2516 6.2416 -7.0325
1.5087 7.1679 -6.7572
1.1748 7.3171 -7.6879
1.1752 8.3141 -7.6093
1.0960 9.0170 -8.3162
1.4586 8.1783 -8.7227
1.6304 7.3283 -9.2206
1.0826 6.9007 -9.9397
1.6578 6.4620 -10.6302
2.0987 5.9514 -11.3683
2.8159 6.6392 -11.2565
3.5333 6.1674 -10.7438
3.4236 5.3612 -11.3251
4.2051 5.3713 -10.7011
3.9036 6.1212 -11.2900
4.1348 6.6309 -12.1187
3.9233 7.3778 -11.4883
4.5705 7.5954 -12.2189
5.2978 8.2808 -12.2534
5.4627 8.4453 -13.2259
5.9883 8.0074 -12.4965
6.2185 7.0643 -12.2565
7.0223 7.6277 -12.4479
6.9223 8.5397 -12.8457
7.2336 8.7795 -13.7652
7.6423 9.2617 -14.5401
8.2978 9.8602 -14.0795
7.4620 10.1977 -14.5124
7.5936 9.4573 -15.1715
7.6235 10.3822 -14.7926
8.2699 11.0921 -15.0722
8.8916 11.2457 -14.3042
7.9949 10.9283 -14.6126
8.6569 11.6146 -14.9138
8.9503 12.1291 -14.1081
9.6863 12.3574 -13.4708
9.8486 12.9673 -14.2465
10.2585 12.7627 -15.1353
10.4410 13.5696 -15.6972
11.2255 13.9602 -16.1789
10.5579 14.0954 -16.9110
10.8445 13.2116 -16.5413
11.1907 14.1024 -16.2468
12.0016 13.5919 -16.5329
11.5298 13.1858 -15.7503
11.5531 12.6097 -16.5673
10.8675 12.1512 -16.0019
10.2275 11.5346 -15.5434
10.6496 12.4236 -15.7211
11.3353 11.7270 -15.9323
11.7643 11.0216 -15.3681
12.1121 11.5277 -16.1573
12.4484 10.8150 -15.5418
13.4007 10.7410 -15.2458
13.5614 9.7541 -15.2642
12.9836 9.7631 -16.0804
13.6301 9.2790 -16.6700
14.6026 9.5005 -16.7420
14.9243 8.7276 -16.1951
15.7631 8.8974 -15.6779
15.1107 9.5544 -16.0556
14.2577 9.4512 -16.5672
14.6632 8.6780 -17.0549
14.1657 8.1033 -17.7047
13.7304 7.5750 -16.9758
12.9994 8.1840 -16.6680
12.6516 9.1173 -16.5784
12.0197 9.3818 -15.8499
12.9732 9.1385 -16.0280
12.4206 8.7264 -16.7524
12.9795 8.8968 -17.5640
12.9426 9.4360 -18.4053
12.4107 8.6120 -18.2102
12.4858 9.5012 -17.7589
11.8568 10.1796 -17.3793
11.8896 9.4197 -18.0285
12.7364 9.8497 -17.7155
12.9534 9.7328 -18.6846
13.3921 9.1634 -17.9895
12.6359 9.5495 -18.5177
13.1187 8.9415 -19.1479
13.9021 8.6483 -19.6960
13.0726 8.8290 -19.1675
13.7451 8.3499 -18.6034
14.6053 8.3123 -18.0947
13.7239 8.6888 -18.3802
13.2745 8.6592 -17.4874
12.6701 8.4371 -18.2524
12.6618 9.4133 -18.4694
12.6481 9.8591 -17.5744
13.3077 10.5230 -17.2220
14.2183 10.1206 -17.3161
13.9840 10.8704 -17.9349
13.3314 11.4598 -17.4587
13.8048 10.6225 -17.7324
14.1367 11.3439 -17.1245
14.0555 12.3161 -17.3439
14.1979 13.0449 -18.0137
13.2911 13.0099 -17.5935
13.5702 12.3468 -18.2881
12.7625 12.9252 -18.1743
13.4909 13.4999 -18.5474
13.3752 12.5746 -18.1862
12.8514 11.9246 -18.7369
13.2470 11.5052 -19.5540
12.3326 11.7027 -19.9073
12.6472 12.1922 -19.0941
12.6200 11.5274 -19.8406
13.5216 11.1853 -20.1053
12.9171 11.5321 -20.8224
12.8221 11.4629 -19.8294
12.6024 10.7905 -20.5362
11.8834 11.2708 -21.0385
11.6718 11.9484 -21.7428
10.6992 12.1647 -21.6574
10.2492 11.8836 -20.8098
9.8139 12.5936 -20.2562
9.6411 13.4087 -19.7033
10.5537 13.0053 -19.7692
10.9590 13.7491 -19.2377
10.8916 14.0102 -20.2006
10.4102 13.4146 -19.5575
10.6926 13.6792 -18.6354
10.2146 14.2242 -19.3243
11.0654 14.0706 -18.8217
10.2338 14.6258 -18.8087
9.5978 13.8554 -18.8540
9.4528 13.1187 -19.5146
8.8342 13.9038 -19.4814
9.2941 13.0977 -19.1090
8.5912 13.6630 -19.5406
8.3081 12.8668 -19.0058
9.2258 12.4866 -19.1210
9.3486 13.4662 -19.2802
9.7342 14.1736 -18.6879
8.9508 14.1224 -18.0685
7.9714 13.9334 -18.1401
7.9682 14.2055 -19.1024
7.8889 13.4159 -19.7109
8.3237 12.5907 -20.0715
8.7561 11.7930 -20.4919
9.4330 12.5153 -20.3500
8.7243 12.2581 -21.0070
9.5455 12.1976 -21.5745
10.5115 12.4505 -21.5208
10.9523 12.3095 -22.4072
11.0189 11.3492 -22.1364
10.6254 10.5540 -21.6752
10.4728 9.6889 -22.1532
10.6091 9.6353 -23.1424
10.1919 9.4522 -22.2522
9.9276 10.0120 -21.4669
10.8049 9.9547 -21.9433
9.9009 10.3735 -21.8577
9.5982 11.0315 -21.1682
10.2702 10.4582 -20.6994
10.9201 10.9702 -21.2610
10.7037 10.6421 -22.1804
10.5662 10.2050 -21.2916
11.1890 10.7438 -20.7243
10.5163 10.2257 -20.1961
9.9441 10.8394 -20.7402
10.2970 9.9816 -20.3663
10.5368 10.7400 -19.7603
9.8950 10.1190 -20.2101
9.3694 9.2763 -20.3276
9.9905 8.8110 -20.9582
9.8985 9.2609 -21.8465
10.5741 8.6816 -21.3905
10.6547 8.0582 -20.6128
9.9126 8.4232 -21.1750
10.2256 8.2204 -20.2472
9.3926 7.9905 -20.7505
10.1162 7.8354 -20.0780
10.8205 8.5408 -19.9980
11.3752 9.2504 -20.4324
12.2484 8.7924 -20.2655
12.2981 7.9005 -19.8159
11.7228 7.3927 -19.1746
10.8972 7.9355 -19.0205
10.1127 7.8157 -18.4121
10.7385 8.5307 -18.7236
11.6308 8.4327 -18.2828
11.4079 8.9127 -19.1313
10.8853 9.1932 -19.9364
11.4240 9.8216 -20.4975
12.1419 9.8103 -19.8014
12.8010 9.2290 -19.3242
12.2764 9.9312 -19.8056
12.9692 9.3064 -19.4456
13.8284 9.6976 -19.1158
13.2332 8.9246 -19.3352
12.6742 9.2057 -18.5552
13.3473 8.7933 -17.9413
13.1010 8.1492 -17.2172
12.9514 8.8133 -16.4847
13.6857 9.4922 -16.4831
13.1523 9.1674 -17.2641
13.1354 8.5259 -18.0311
12.2591 8.9716 -18.2138
11.5090 8.3715 -18.4917
10.8914 9.0925 -18.1774
10.2512 9.2507 -17.4257
9.9949 9.4628 -18.3688
10.6908 8.7523 -18.2638
11.3240 9.4221 -17.8759
12.0940 9.0408 -17.3643
12.8557 9.4488 -16.8610
12.3856 9.2076 -16.0120
11.7085 8.9096 -16.6849
11.1203 8.2877 -17.2019
11.3856 7.5244 -17.7909
11.2205 8.0055 -16.9299
11.0041 7.0892 -16.5930
10.2758 7.3017 -17.2445
9.9053 7.0887 -16.3404
9.8515 7.8467 -16.9905
10.6938 8.3849 -16.9632
11.6203 8.1316 -17.2415
11.4693 7.7017 -18.1316
11.4529 7.2173 -17.2569
12.3972 6.9509 -17.4500
11.7309 6.2926 -17.8003
12.1164 5.3968 -17.5793
11.7172 5.4007 -18.4961
12.4760 5.5946 -17.8743
11.5167 5.7226 -17.6224
11.8372 6.5932 -17.9957
11.7459 7.4273 -18.5398
11.1257 8.1594 -18.2582
11.4738 9.0867 -18.3956
11.0578 8.1842 -18.2843
11.2927 8.8839 -18.9590
10.8465 8.0442 -19.2685
10.3197 8.6680 -19.8458
11.0521 9.1953 -20.2764
11.1022 9.6888 -19.4081
11.4659 10.0586 -18.5532
12.3421 10.4521 -18.8317
12.3797 9.5749 -18.3529
13.2718 9.6820 -17.9140
13.8553 10.4629 -18.1368
13.6665 10.5716 -17.1608
14.2139 9.9685 -16.5806
14.3565 10.7147 -17.2309
14.5498 11.2183 -18.0729
15.2714 11.1537 -17.3837
16.0045 11.4683 -17.9866
15.6453 10.7333 -17.4114
15.2459 10.1074 -16.7416
15.6386 11.0084 -16.9256
14.9796 11.5827 -16.4400
15.6088 11.0648 -17.0195
15.0571 10.4299 -16.4786
14.4168 10.6388 -17.2178
13.4371 10.6813 -17.0217
14.4179 10.4975 -16.9558
15.0290 11.1793 -16.5539
14.2424 10.6703 -16.9033
13.5355 10.6564 -17.6104
14.1746 9.9052 -17.7754
13.7486 9.9753 -18.6774
14.2760 9.1893 -19.0001
14.7935 9.2749 -19.8515
15.5973 9.5269 -20.3903
15.4899 9.9559 -19.4934
15.6315 10.2899 -18.5615
14.9197 9.6061 -18.7221
15.0734 10.3136 -18.0322
14.2163 10.6327 -17.6278
14.4625 11.5847 -17.8092
15.2095 11.4436 -17.1596
14.6012 12.2287 -17.0432
14.5356 12.6489 -16.1381
14.5504 11.7000 -16.4533
14.7109 11.4709 -15.4932
14.8819 12.3961 -15.1543
14.5015 12.8556 -14.3517
13.5930 13.1129 -14.0224
14.3885 12.5156 -14.1243
13.5375 12.3280 -14.6149
13.7108 12.8865 -15.4261
13.3108 12.7966 -14.5140
12.6805 13.3049 -13.9271
13.1879 12.4545 -14.0666
13.8599 13.1943 -14.1001
14.5248 13.9304 -14.2270
15.2137 13.4783 -14.7937
15.4500 14.1237 -15.5201
15.7471 13.4477 -14.8457
16.6240 12.9671 -14.8567
15.6650 13.0903 -14.6014
16.5999 12.9089 -14.9065
16.0991 13.4020 -15.6179
15.5603 13.8838 -16.3089
16.4279 13.4089 -16.1613
17.0015 13.4019 -15.3422
17.1971 12.9200 -16.1963
17.8680 13.6601 -16.2417
18.5952 12.9990 -16.0567
17.9841 12.8173 -15.2862
17.9407 13.0239 -16.2637
18.9324 12.8953 -16.2646
18.3837 13.1749 -17.0525
17.6036 13.0056 -17.6548
17.7926 13.7902 -17.0643
18.6596 13.7675 -16.5664
18.7987 14.4017 -17.3270
18.5309 14.8328 -18.1886
19.0147 14.3494 -17.4590
19.8734 14.8421 -17.3185
20.4383 14.5378 -18.0856
21.0243 13.8056 -17.7386
20.6882 13.9604 -18.6676
19.9337 13.3047 -18.6402
19.4187 13.7654 -17.9174
18.7888 12.9910 -17.8584
18.7583 12.4209 -18.6795
19.4412 13.1480 -18.7513
20.2641 13.4406 -18.2642
21.0301 14.0801 -18.1996
21.6951 14.1257 -18.9451
21.1343 14.8795 -18.6026
21.8334 15.3297 -18.0471
21.5935 14.4257 -17.6932
22.0054 13.6315 -17.2465
21.3641 13.9885 -17.9257
21.0201 14.8343 -17.5178
20.5822 14.1743 -18.1282
21.3044 14.7859 -17.8052
20.4955 14.6395 -18.3745
19.7014 14.7641 -18.9694
20.4175 15.4615 -18.9406
19.9148 15.2001 -18.1166
19.4309 14.3564 -17.8845
18.8098 13.9771 -17.1986
18.9072 14.9023 -16.8318
19.5925 14.8275 -17.5562
19.4727 15.1100 -16.6045
18.7677 14.4034 -16.5441
19.2340 14.2998 -15.6655
19.1526 15.0269 -14.9838
18.2478 14.8843 -15.3851
18.6696 15.5083 -14.7273
17.7649 15.3698 -14.3244
17.6340 15.2714 -13.3379
18.3162 14.5504 -13.4596
17.7490 13.7373 -13.5906
18.1243 12.8723 -13.2576
17.1866 12.5367 -13.3471
16.7073 12.5086 -12.4698
16.6674 13.1710 -13.2179
17.2099 13.9782 -13.4504
17.2022 14.8814 -13.0212
16.8313 14.4577 -13.8475
16.4436 13.6441 -14.2809
16.7420 12.8599 -13.7370
16.1216 12.1715 -14.1127
17.0122 12.5885 -13.9312
16.2886 13.2436 -14.1488
15.4476 12.7205 -14.2867
15.4307 12.2417 -15.1644
14.7868 11.6405 -14.6911
15.4928 11.7765 -15.3862
15.4219 12.6320 -15.8991
15.9633 11.8538 -15.5809
15.4689 12.3529 -16.2925
14.8442 11.6516 -15.9492
15.5793 12.0653 -16.4863
15.7464 11.9161 -17.4609
15.6901 12.8848 -17.2192
15.7107 12.1813 -16.5088
15.1165 11.5932 -15.9601
14.5622 10.9496 -16.4880
15.2858 11.4310 -15.9934
15.6109 11.2403 -15.0671
16.6021 11.2635 -14.9369
16.5514 11.7910 -14.0888
16.7230 12.6926 -14.4858
17.4232 13.1045 -15.0690
16.5545 13.5942 -15.1435
16.6225 12.7708 -15.7069
17.3799 12.6049 -16.3385
18.0017 13.1279 -15.7555
17.4685 13.9735 -15.7305
18.3013 13.4229 -15.7858
18.1181 14.3568 -16.0928
18.5744 13.4980 -16.3258
19.0594 13.1078 -15.5432
18.1851 12.9030 -15.9831
18.4053 12.3494 -15.1799
17.5806 11.7920 -15.2752
18.3680 12.2821 -14.9014
18.6994 12.8942 -14.1834
19.6959 12.8331 -14.2393
19.7247 12.0911 -13.5695
18.9084 12.2608 -13.0172
18.8355 11.2984 -13.2790
19.7013 10.8899 -13.5680
18.9704 10.3478 -13.9826
18.2412 9.9857 -13.4019
18.0658 9.8932 -12.4218
18.5767 9.2732 -13.0173
18.5737 9.0594 -12.0405
17.9647 9.7601 -11.6688
18.3354 9.4231 -10.8033
17.7373 10.0226 -10.2715
17.4011 10.3752 -9.3982
17.5886 11.1822 -9.9581
17.4597 10.8707 -9.0166
16.9379 11.7124 -8.8777
17.7708 11.2169 -8.6310
18.5500 10.6494 -8.3650
18.0204 11.2781 -8.9344
18.1529 10.4028 -9.3996
18.1263 11.2302 -8.8385
18.2869 10.4380 -8.2497
18.6198 9.5263 -8.0089
19.3742 10.1783 -7.9332
18.5473 10.2442 -8.4917
18.9200 10.6109 -7.6393
18.5365 11.1191 -6.8682
18.0632 11.7472 -6.2506
18.8811 11.8247 -5.6804
18.1385 11.7839 -6.3490
17.5680 12.3757 -6.9184
16.6670 12.2940 -7.3445
15.8734 12.1934 -7.9447
15.6420 13.0512 -7.4857
16.1314 13.6652 -8.1049
15.1809 13.5887 -7.8040
16.0470 13.1648 -8.0689
15.9223 13.8178 -7.3218
16.6513 13.7078 -6.6462
16.0102 12.9864 -6.3843
15.1721 12.4441 -6.4431
14.9107 11.7595 -5.7627
15.5613 12.2783 -6.3172
16.0651 11.6705 -5.7033
15.3971 11.1713 -5.1515
15.0511 11.9675 -4.6552
15.0254 12.9666 -4.6212
14.7540 12.2826 -3.9441
15.1075 12.7293 -3.1223
14.3604 12.3386 -3.6600
13.9074 12.3378 -4.5516
13.1725 11.6883 -4.7467
12.6907 11.7102 -5.6226
12.2365 10.8876 -5.9650
11.8540 10.2814 -5.2678
12.5512 9.5868 -5.4451
13.2655 10.0332 -4.9061
13.2481 10.7247 -5.6283
12.6092 11.4198 -5.9579
11.6959 11.0448 -6.1169
12.6591 10.8175 -6.2608
12.2505 11.6290 -6.6786
11.8550 10.7191 -6.5534
12.5083 10.9870 -7.2616
12.3493 11.8260 -7.7821
12.7252 12.6380 -7.3355
12.3672 11.7845 -6.9569
13.2149 12.2390 -7.2306
13.1153 12.6508 -8.1364
13.6843 13.1222 -8.8102
14.1755 12.3647 -9.2403
13.5148 12.0797 -8.5459
14.0863 12.7510 -9.0179
14.2283 12.0315 -9.6976
13.2461 12.2187 -9.7100
13.7504 12.9469 -10.1740
13.8588 12.3715 -9.3634
13.2117 11.6201 -9.4926
12.5704 12.3212 -9.8046
13.1696 11.6932 -9.3081
13.4845 11.1469 -10.0842
12.9142 11.7300 -9.5057
12.3696 12.2471 -8.8455
12.0082 12.9771 -8.2653
11.6435 12.3585 -7.5693
11.7955 12.9354 -6.7668
11.7485 13.7908 -7.2827
11.4863 14.6918 -7.6282
10.8147 15.4271 -7.7189
10.0901 14.7552 -7.8719
10.2543 14.9926 -8.8294
10.6083 15.5859 -9.5523
9.8165 15.9498 -9.0618
9.1860 15.6526 -8.3448
8.5036 15.1795 -7.7875
8.3973 14.1929 -7.9119
9.3844 14.3523 -7.8979
9.0839 13.7545 -8.6411
9.8227 13.1735 -8.2994
9.4781 14.1061 -8.4068
9.9981 13.5644 -9.0672
9.3698 13.2011 -8.3793
8.4892 13.0520 -8.8290
7.7452 12.6092 -9.3295
8.0121 12.2105 -10.2069
8.7369 11.6593 -10.6202
7.9315 11.9392 -11.1426
7.0342 12.1461 -10.7527
7.9753 11.8342 -10.6221
8.0120 11.1456 -11.3462
7.7888 10.1793 -11.4742
8.7463 9.8990 -11.4052
8.0805 10.0747 -12.1304
8.8577 9.9267 -11.5188
8.9088 10.7159 -12.1309
8.2736 9.9475 -12.0531
7.6531 9.3258 -12.5311
6.9953 8.5931 -12.3567
6.1737 8.8150 -11.8315
6.6363 8.1131 -12.3732
6.2866 7.5527 -13.1240
5.6723 6.8982 -12.6833
6.1091 6.0437 -12.9643
6.3385 6.3654 -13.8829
7.2597 6.7396 -13.7760
6.3919 6.3550 -14.0906
7.0783 6.7193 -13.4613
7.5712 5.9063 -13.1514
7.9792 5.8537 -12.2399
8.1392 5.8019 -11.2541
8.8403 5.9431 -10.5552
9.6179 6.2553 -10.0095
9.1647 5.5054 -9.5276
9.1010 6.4446 -9.8651
10.0385 6.7921 -9.8832
10.3412 6.0420 -10.4712
10.4036 6.7300 -11.1942
10.2601 7.3428 -10.4171
10.9826 6.6874 -10.1971
11.8977 6.9059 -10.5360
11.2816 6.1258 -10.6448
11.8457 6.3013 -9.8380
12.5303 5.6324 -10.1275
11.9872 5.2479 -10.8740
11.5320 5.1676 -11.7608
11.0180 4.3298 -11.9449
11.7416 4.5967 -12.5815
12.7188 4.8067 -12.5505
13.0574 5.3234 -11.7641
12.3826 5.1459 -12.4804
12.0032 4.2264 -12.3780
11.5679 5.1264 -12.3972
11.3003 5.4007 -11.4735
10.8765 4.5238 -11.2464
10.2933 5.1123 -11.8063
11.0165 4.4913 -11.5043
10.0608 4.7415 -11.3496
9.3265 4.3279 -11.8879
8.5899 4.7313 -11.3450
9.1705 5.3341 -11.8922
8.9088 4.6806 -11.1820
9.4608 4.8901 -10.3749
8.9556 4.8590 -11.2373
8.1573 4.2730 -11.0980
9.1207 4.4636 -10.9095
9.8528 5.0141 -10.5082
10.6396 4.4864 -10.8283
11.2509 3.7350 -10.5799
10.9702 2.7889 -10.4180
11.9560 2.8736 -10.2730
12.5693 3.1311 -9.5263
13.1706 2.5818 -8.9461
12.4135 2.0928 -8.5130
11.7496 2.3258 -7.8024
12.3410 1.9940 -7.0675
11.9090 1.3659 -6.4203
12.3936 0.5231 -6.6543
12.8381 0.9954 -5.8932
13.4283 1.3850 -5.1862
12.8423 2.1952 -5.1690
11.8861 2.4726 -5.2615
11.1284 1.8203 -5.2399
10.4723 1.0984 -5.4600
10.2068 1.7791 -4.7773
10.7848 2.4108 -5.2939
10.1386 2.8939 -5.8847
10.9854 3.0817 -5.3871
11.0764 3.8906 -4.8063
10.2902 4.4774 -4.9999
9.8360 3.5904 -4.9165
8.8791 3.8612 -5.0211
8.5929 4.5352 -4.3401
9.3630 4.0586 -3.9160
8.6888 3.4856 -3.4499
9.2825 4.0524 -2.8786
8.4064 4.4710 -3.1178
8.6569 4.9864 -3.9374
9.0493 5.7579 -3.4366
9.5008 5.2820 -4.1914
8.6480 4.8089 -3.9703
8.1042 5.3079 -4.6451
7.5188 6.0731 -4.3772
7.7894 5.5229 -5.1672
7.0250 5.9477 -5.6523
7.8149 6.5514 -5.5442
7.2907 7.1444 -4.9330
6.6520 7.9014 -5.0714
6.5635 7.0099 -4.6270
5.9164 7.2858 -5.3377
5.3414 6.6866 -4.7806
6.1160 7.0281 -5.3129
6.8925 7.5354 -5.6866
6.7899 6.6048 -5.3352
6.5274 7.4011 -4.7902
6.1476 6.5977 -4.3315
5.6456 5.9366 -3.7739
6.0521 5.2655 -4.3939
5.4875 5.2590 -3.5686
5.0717 5.4341 -4.4610
5.6028 6.1822 -4.8587
5.7633 5.2007 -4.9629
5.0007 4.8909 -4.3950
4.0706 4.6792 -4.6951
3.4563 5.2924 -4.1984
2.6577 5.8791 -4.3325
3.3533 5.2446 -4.6694
3.2513 5.1773 -5.6619
2.7045 5.9243 -5.2837
2.0035 6.4292 -5.7873
1.1978 7.0212 -5.8020
1.0293 7.6667 -6.5469
0.3900 7.1375 -7.1048
0.7977 6.6769 -6.3164
0.8636 6.2597 -7.2228
1.1028 5.5549 -6.5549
0.7545 5.2211 -7.4309
-0.1438 4.9972 -7.0527
-0.4295 4.0753 -7.3145
-0.1252 3.5607 -6.5129
-0.3889 2.6776 -6.1248
-0.1673 2.1087 -5.3328
0.3552 1.2881 -5.5646
0.0446 2.2378 -5.6057
-0.6875 1.7295 -6.0592
-0.6020 1.0782 -5.3052
-0.0390 1.4798 -6.0276
-0.6475 0.7546 -6.3497
-0.1343 0.3910 -5.5723
-0.6677 -0.0533 -4.8525
-0.2542 0.1614 -5.7373
0.3997 -0.3963 -6.2485
-0.0822 -0.8126 -7.0196
-0.4153 -1.6669 -7.4184
-0.8057 -2.4128 -7.9581
0.1038 -2.8226 -8.0274
0.6676 -3.4496 -8.5650
0.2155 -4.1430 -9.1261
0.9617 -4.3445 -8.4916
1.6307 -5.0209 -8.7999
0.8378 -5.6240 -8.8867
0.9950 -6.2475 -8.1208
1.6182 -7.0248 -8.0348
0.8913 -6.8926 -7.3609
1.8392 -7.0607 -7.0905


0.0 0.0 0.0
0.7936 -0.5290 0.3007
-0.1807 -0.3257 0.3979
-0.3943 0.3358 -0.3209
-0.2989 -0.5056 -0.8530
-0.9320 0.2683 -0.8697
-0.5580 0.7596 -1.6562
-1.1013 1.3599 -2.2432
-0.4516 0.8251 -2.7836
0.4496 0.4973 -2.5001
-0.2377 0.2022 -1.8363
-0.7350 0.4742 -1.0125
-1.1523 0.1792 -1.8720
-1.7848 0.4733 -2.5887
-1.0810 0.8892 -3.1647
-0.8647 0.2708 -3.9202
-1.3820 -0.2216 -4.6201
-0.6908 0.0555 -3.9527
-1.3386 0.6912 -4.3725
-0.6679 1.1059 -4.9875
-0.7276 1.7566 -4.2305
-1.2234 2.5106 -4.6612
-1.9044 2.5303 -3.9291
-2.3044 3.3656 -3.5519
-2.6893 3.0968 -4.4349
-2.2044 2.9270 -5.2928
-2.8250 2.1730 -5.5081
-2.4190 2.6826 -4.7494
-2.0636 2.3990 -3.8588
-2.6931 2.8030 -3.1951
-3.3499 2.6124 -3.9247
-3.5577 1.6907 -4.2523
-3.0872 0.9761 -3.7346
-3.1493 0.8081 -4.7185
-3.8016 0.1177 -5.0314
-4.6882 0.5096 -4.7859
-5.4460 1.0024 -5.2136
-4.7049 0.5331 -5.6938
-4.1467 1.2224 -5.2321
-3.6968 0.3997 -5.5797
-4.6387 0.5577 -5.2832
-5.0966 1.0549 -6.0202
-4.1197 1.0941 -5.8101
-4.7962 0.6096 -6.3648
-4.5504 0.1231 -5.5264
-3.8802 0.5266 -6.1492
-2.9008 0.3658 -6.2716
-3.4744 0.0880 -7.0421
-4.0061 -0.5126 -6.4449
-3.3489 0.2405 -6.4747
-3.3968 1.2234 -6.6528
-4.0182 1.1159 -7.4288
-3.4791 1.9580 -7.4432
-4.0281 2.6114 -7.9644
-3.1411 2.5990 -7.5028
-2.5720 2.4130 -6.7019
-1.8948 1.7740 -7.0667
-2.5741 2.4239 -7.4073
-1.8638 1.7987 -7.0838
-1.7993 1.1462 -7.8388
-2.5480 0.5892 -8.1981
-3.1273 -0.2259 -8.2119
-3.7262 0.2703 -8.8404
-3.0915 0.6776 -8.1837
-3.9053 0.8860 -8.7262
-3.5026 0.5064 -9.5591
-4.1390 1.0595 -9.0214
-3.3209 0.5131 -9.2008
-2.7617 0.5911 -10.0261
-3.6593 0.1556 -10.0943
-3.1458 0.7001 -10.7575
-2.5124 1.4730 -10.7198
-2.9334 1.2965 -9.8300
-2.5994 2.1863 -9.5191
-3.0283 2.8561 -8.9130
-3.6276 2.2968 -9.4857
-3.9267 2.7212 -10.3404
-3.4271 1.8625 -10.2261
-4.3443 2.1634 -9.9650
-5.0368 1.6393 -9.4693
-4.8110 0.7919 -9.9498
-4.2259 0.2256 -10.5303
-3.9505 -0.2004 -11.3921
-4.7121 0.4345 -11.5218
-4.9937 -0.2733 -12.1697
-4.5890 -0.9113 -12.8248
-5.5187 -1.2245 -12.6312
-6.1491 -1.1291 -13.4016
-6.3573 -0.1577 -13.2878
-6.7055 -0.2452 -12.3544
-6.8401 0.7361 -12.2163
-6.2231 1.3532 -12.7046
-6.7766 0.9687 -13.4434
-5.8620 1.3661 -13.5182
-6.1350 0.5552 -13.0006
-6.6601 1.1247 -12.3682
-6.2273 0.3174 -12.7694
-6.6992 -0.2467 -13.4470
-6.0558 -0.1528 -14.2067
-6.3440 0.8039 -14.2465
-5.9226 0.6967 -15.1470
-5.2142 0.0090 -14.9880
-6.0716 0.1070 -14.4828
-6.6883 -0.3619 -13.8504
-7.3184 -0.2195 -13.0871
-7.1454 0.7332 -13.3368
-7.6973 1.3858 -12.8176
-7.5261 2.1456 -13.4448
-6.7852 1.4742 -13.4315
-6.6301 0.5686 -13.0367
-7.1828 1.1955 -12.4877
-6.5835 1.8257 -12.9812
-6.4909 2.6035 -13.6029
-5.8451 1.8401 -13.6054
-5.0815 1.7390 -14.2432
-4.3537 1.6919 -14.9273
-3.7960 2.3568 -14.4304
-4.4241 2.5263 -13.6710
-4.3528 2.6393 -12.6800
-5.1497 2.6502 -12.0759
-4.1997 2.7697 -12.3646
-3.8421 2.8563 -13.2945
-3.4665 2.4663 -12.4537
-3.5285 1.7939 -13.1913
-2.8076 2.3917 -13.5420
-2.0498 1.8289 -13.2115
-2.6218 2.6180 -12.9874
-2.7037 2.0081 -12.1992
-3.2234 1.1587 -12.2913
-3.9618 0.8410 -12.8861
-3.8448 0.1375 -12.1851
-4.4760 -0.0421 -11.4305
-3.8645 -0.4068 -10.7283
-4.1063 -0.8108 -11.6105
-4.5607 -0.2617 -12.3120
-3.8108 0.3913 -12.2062
-3.1446 0.5611 -12.9324
-3.8924 -0.0880 -13.0719
-4.0754 0.5393 -13.8288
-4.4287 0.9587 -14.6650
-3.4872 1.0008 -14.9993
-3.8441 0.0684 -15.0568
-3.5595 1.0190 -15.1809
-3.9785 0.3744 -15.8203
-3.6028 -0.3247 -16.4287
-2.8686 -0.7408 -16.9653
-2.7488 -0.6081 -15.9814
-2.0536 0.0060 -15.6078
-1.2116 0.2453 -15.1243
-1.3353 0.8594 -14.3448
-2.1887 0.4255 -14.6336
-2.3765 -0.2881 -15.3086
-2.8037 -1.1820 -15.4441
-2.6772 -0.2329 -15.1559
-1.9232 0.1592 -14.6288
-1.6319 -0.7970 -14.6574
-2.1481 -1.4817 -14.1429
-1.5176 -1.7487 -14.8716
-1.4234 -0.8456 -14.4526
-0.6940 -1.2518 -13.9022
-1.3855 -0.6002 -14.2141
-0.4853 -1.0336 -14.1705
0.3046 -0.7060 -13.6520
0.0954 0.2231 -13.9569
0.5232 0.3336 -13.0598
-0.2563 -0.0449 -13.5589
-0.6479 0.2769 -14.4209
-0.7538 0.8805 -13.6307
-1.4509 0.4966 -13.0251
-2.0096 0.5771 -12.1997
-2.6254 0.1073 -11.5671
-2.1882 0.8280 -12.1051
-1.6070 1.4411 -12.6402
-1.4323 1.5288 -13.6209
-2.2870 1.4424 -14.1329
-2.8560 2.1158 -13.6610
-3.1831 2.3972 -12.7588
-2.6980 3.2559 -12.9238
-2.5984 4.2101 -12.6417
-2.7304 5.1129 -13.0510
-3.3098 4.4841 -13.5695
-2.5095 5.0823 -13.6108
-3.0681 5.8958 -13.4486
-2.6158 6.5832 -12.8802
-3.3687 6.1923 -13.4097
-4.1356 5.6984 -13.8196
-4.9231 6.1911 -13.4494
-4.9067 6.6418 -12.5569
-4.6748 5.8150 -12.0444
-3.7022 5.6196 -12.1703
-4.1227 5.8148 -11.2842
-4.3799 5.1751 -12.0085
-3.9656 4.9366 -12.8868
-4.8337 4.9082 -12.3913
-4.4263 4.0406 -12.6766
-4.3715 4.1331 -11.6824
-5.0662 4.0233 -10.9715
-4.4741 3.3640 -11.4349
-4.7384 2.4015 -11.3723
-5.3832 2.4664 -10.6107
-6.1977 2.9527 -10.9270
-6.7365 2.6937 -10.1254
-6.7477 2.7777 -11.1218
-7.6981 2.7202 -11.4274
-7.4763 3.6015 -11.8447
-7.0837 2.9643 -11.1815
-7.4550 3.6915 -11.7588
-7.5575 3.8069 -12.7468
-7.3991 2.8536 -13.0037
-6.9569 2.4649 -12.1953
-7.9165 2.5903 -11.9435
-8.7767 2.7039 -11.4463
-9.1415 2.8991 -12.3567
-9.8411 3.3745 -11.8233
-8.9664 3.8309 -11.9863
-9.4386 4.6761 -12.2366
-10.0184 4.0177 -11.7565
-10.3945 3.3655 -12.4146
-9.9314 2.7365 -13.0390
-10.8937 2.4756 -12.9618
-11.2615 1.9509 -13.7295
-11.8452 2.5180 -14.3106
-11.9994 3.1493 -15.0707
-12.6215 2.6120 -15.6402
-12.6576 2.9825 -16.5684
-11.9840 2.6954 -15.8873
-12.3281 1.7934 -16.1483
-13.0920 2.3245 -16.5149
-12.3623 3.0073 -16.4784
-11.6887 3.0925 -17.2126
-12.1625 3.8952 -16.8505
-11.6882 4.6963 -16.4853
-12.2414 5.3910 -16.9450
-11.4045 5.9343 -17.0120
-11.2404 6.4383 -16.1641
-12.0401 5.8443 -16.2506
-12.5479 5.4892 -17.0356
-12.1933 5.7895 -16.1501
-12.8630 6.1565 -15.5044
-12.7196 5.1729 -15.3947
-13.0501 4.7206 -14.5664
-12.9410 3.7893 -14.9138
-13.6183 3.5337 -14.2239
-13.1687 3.1308 -13.4267
-13.1460 2.2123 -13.8215
-13.0551 2.9137 -14.5284
-12.5300 2.3539 -15.1694
-12.7220 2.7789 -16.0540
-13.2081 2.2433 -15.3635
-13.5947 1.3900 -15.0136
-13.2340 0.7291 -14.3556
-13.2340 1.4993 -14.9933
-13.8900 1.1864 -15.6802
-14.4015 1.8202 -15.1000
-14.8730 1.0260 -14.7168
-14.8071 0.3459 -15.4470
-15.0689 1.1544 -14.9198
-14.4180 1.6942 -14.3860
-13.7305 1.2709 -14.9761
-13.0722 0.6439 -14.5595
-12.4725 1.2745 -15.0521
-11.7325 0.6598 -14.7792
-11.0017 0.8105 -14.1135
-11.7179 1.5076 -14.0795
-12.1905 1.1378 -13.2796
-12.0116 1.5779 -12.3996
-12.8036 1.8694 -11.8631
-13.4040 1.6506 -11.0940
-14.2507 1.3151 -11.5071
-14.7599 0.8547 -10.7800
-14.9582 -0.1028 -10.5702
-15.3277 -0.3357 -11.4698
-15.3959 -1.0965 -10.8243
-14.8378 -0.7430 -10.0736
-14.4376 -0.7237 -10.9898
-14.9207 0.0435 -11.4118
-14.2335 0.5808 -10.9229
-14.8019 -0.1901 -10.6353
-15.0597 0.7612 -10.8048
-15.6854 1.4892 -10.5245
-16.0368 2.1674 -11.1699
-17.0349 2.1080 -11.1568
-17.1920 1.7224 -10.2476
-16.6704 2.4217 -9.7587
-17.2928 1.6663 -9.5533
-16.6191 2.4044 -9.5168
-16.5690 1.7840 -10.2994
-17.3438 2.3630 -10.0455
-16.9221 1.7421 -10.7063
-15.9368 1.8939 -10.7849
-15.7804 2.0110 -11.7656
-15.3464 2.8211 -11.3713
-15.3552 3.1759 -10.4364
-14.9690 3.7553 -9.7187
-15.0162 3.8893 -8.7289
-14.2019 3.5119 -9.1699
-15.0992 3.4676 -9.6092
-14.1834 3.4951 -9.2084
-14.7508 3.9167 -8.5010
-14.1326 3.8094 -7.7223
-14.3915 3.0759 -7.0938
-14.5606 4.0524 -6.9600
-13.9756 4.5603 -7.5923
-14.4614 5.3884 -7.3126
-13.5878 5.1919 -6.8675
-13.7832 4.3824 -6.3138
-13.3851 4.6055 -5.4240
-13.5002 3.9205 -4.7045
-13.1449 4.2070 -5.5943
-13.4068 4.8831 -6.2829
-13.2335 4.2747 -5.5084
-13.9384 4.8696 -5.1222
-14.1324 4.5442 -4.1967
-14.2858 3.8710 -3.4734
-13.7427 3.6327 -2.6682
-13.5964 4.2748 -1.9157
-14.2996 4.6513 -1.3125
-14.7246 3.7472 -1.3581
-14.2508 4.2134 -2.1052
-15.1418 3.8782 -2.4114
-15.6370 3.1739 -1.9028
-15.2261 2.5437 -2.5615
-16.0799 2.4352 -2.0523
-16.8987 2.5732 -2.6095
-17.5072 1.9495 -2.1188
-16.9383 1.1360 -1.9988
-16.8322 1.8330 -2.7080
-15.8376 1.7309 -2.7242
-15.5819 2.1787 -1.8674
-15.7218 3.1348 -1.6099
-14.9907 2.9656 -0.9490
-15.3579 2.5600 -0.1120
-14.8251 2.1245 -0.8375
-14.4033 1.4646 -1.4592
-15.0947 1.7605 -2.1183
-15.3235 1.1841 -1.3338
-14.7153 1.8397 -1.7814
-14.7645 0.9686 -1.2927
-14.0470 1.6645 -1.3214
-14.6946 2.4182 -1.2084
-14.2343 1.6117 -0.8373
-13.4012 2.1463 -0.9798
-12.6383 2.1353 -1.6261
-12.9304 2.7184 -2.3841
-13.5506 3.4390 -2.6944
-12.8112 3.6053 -3.3468
-13.2854 3.1224 -2.6106
-13.9769 2.6166 -2.0949
-13.1759 3.1487 -2.3691
-12.5061 2.5114 -2.7502
-11.8247 2.6351 -3.4716
-12.2802 1.9830 -2.8655
-11.8699 2.6419 -3.4961
-12.3477 1.7734 -3.6285
-11.4754 1.7075 -3.1440
-11.6934 2.3277 -2.3905
-11.2591 3.0033 -2.9862
-10.7132 3.6781 -2.4895
-11.5162 3.5354 -1.9109
-11.8756 2.7533 -2.4200
-11.3269 2.0630 -1.9485
-11.2728 1.4630 -2.7466
-10.7629 2.1891 -3.2079
-10.4664 1.8170 -4.0874
-9.9846 1.8216 -4.9637
-9.4132 1.9468 -5.7747
-10.0385 1.3792 -5.2392
-10.6648 0.6957 -4.8643
-10.2757 -0.2187 -4.7525
-9.7723 -0.3601 -5.6049
-9.1174 -0.5174 -6.3441
-9.8969 0.1086 -6.3675
-10.5447 -0.0901 -5.6321
-11.4695 0.1524 -5.9255
-11.9472 0.1075 -5.0482
-12.5103 0.9321 -4.9926
-11.8180 1.6179 -5.2174
-12.7777 1.4093 -5.0289
-12.5627 2.0990 -5.7203
-11.7808 2.1605 -5.1000
-12.4652 2.7853 -4.7241
-11.8492 1.9993 -4.6704
-12.3975 1.2909 -4.2258
-11.9032 0.9344 -5.0186
-12.4275 0.2292 -5.4959
-13.2347 0.7178 -5.8272
-12.4751 0.0825 -5.9666
-11.8053 0.7366 -6.3182
-12.3431 0.1913 -5.6752
-13.1394 -0.4125 -5.7113
-12.7324 -0.1866 -4.8263
-12.2119 0.2152 -5.5797
-13.0942 -0.1614 -5.2974
-12.3094 -0.7635 -5.1508
-13.1817 -0.4015 -4.8222
-13.6907 0.1848 -4.1920
-12.9766 -0.3068 -3.6937
-13.6008 -0.0585 -4.4344
-12.7675 -0.6114 -4.4287
-13.1996 -0.9457 -5.2663
-12.5386 -0.3071 -5.6603
-12.6410 0.6316 -5.3311
-12.0761 -0.1679 -5.5352
-12.7918 0.3490 -5.0656
-12.4023 1.0599 -4.4799
-12.7177 1.7574 -3.8365
-12.5166 2.2601 -2.9957
-13.0745 1.9726 -3.7742
-12.9720 2.2638 -4.7254
-13.6691 1.8147 -4.1665
-14.0212 2.2527 -4.9936
-14.1860 1.2837 -5.1773
-13.2358 1.1626 -5.4643
-13.1353 1.4778 -4.5206
-12.4665 0.7454 -4.6487
-12.6126 1.7197 -4.4773
-13.1080 2.5556 -4.7135
-12.5588 1.9389 -4.1496
-12.0311 1.2177 -4.5985
-11.4076 1.6366 -5.2586
-10.6087 1.8059 -4.6814
-10.8800 2.7072 -5.0193
-10.5902 2.0216 -4.3515
-10.9301 2.6586 -5.0434
-11.4296 1.9711 -5.5705
-10.7999 1.2478 -5.2872
-9.9084 1.6980 -5.3372
-9.0481 1.5182 -4.8600
-9.4695 2.0714 -4.1414
-9.7742 1.4654 -3.4066
-10.1225 0.7646 -2.7840
-10.0286 -0.0532 -2.2163
-9.7590 -0.9601 -2.5401
-10.5305 -0.9818 -1.9042
-11.1648 -0.3682 -2.3744
-10.6753 0.1842 -3.0491
-10.1333 0.0969 -2.2133
-10.9915 0.2257 -1.7164
-10.4713 1.0275 -2.0103
-9.6143 0.5560 -1.8021
-10.4009 1.0392 -1.4174
-11.0420 1.5183 -2.0170
-11.8266 2.1244 -2.1469
-10.9949 2.2839 -2.6787
-11.7561 1.7362 -3.0261
-11.5207 2.4040 -2.3200
-11.8081 1.4546 -2.1933
-10.8455 1.6952 -2.0689
-11.4921 0.9326 -2.0528
-11.1085 1.8559 -2.0355
-10.4324 1.2179 -1.6671
-10.1173 0.4713 -2.2530
-9.9233 -0.4872 -2.4619
-9.3824 0.1214 -3.0425
-8.5159 0.6184 -2.9967
-8.7826 1.1967 -3.7677
-8.3951 2.0669 -4.0719
-9.0433 1.3078 -4.0123
-9.4628 0.7233 -3.3178
-9.6443 0.3290 -4.2186
-9.0039 -0.3735 -4.5291
-9.9088 -0.6786 -4.8258
-10.4692 0.0736 -4.4790
-11.3872 0.4580 -4.5758
-11.9094 0.0692 -3.8167
-11.7805 0.1514 -2.8285
-11.3659 0.9569 -3.2520
-10.5508 0.6455 -2.7636
-10.0786 0.5765 -1.8848
-10.2289 0.0892 -1.0246
-10.8882 0.1537 -0.2755
-10.0192 -0.0955 -0.7029
-10.7245 -0.3486 -0.0408
-11.3493 -0.4347 0.7353
-11.9080 0.3777 0.9018
-11.8997 1.0629 1.6301
-11.4098 0.5995 0.8917
-10.5694 0.3234 1.3582
-11.0270 0.9222 2.0155
-10.7378 1.5268 2.7577
-9.8557 1.8268 3.1209
-9.9389 2.2584 4.0191
-10.6177 1.5269 3.9554
-10.2549 1.8701 3.0890
-10.7052 1.2135 3.6941
-11.1196 0.3667 4.0275
-10.6381 -0.1708 4.7198
-11.1948 -0.7729 4.1475
-10.5634 -0.0337 4.3819
-10.5625 -0.6419 5.1757
-11.5177 -0.6396 5.4715
-11.7403 -0.0949 4.6630
-12.3440 -0.7913 4.2748
-11.6793 -0.1595 3.8759
-11.1460 0.0255 3.0505
-12.0483 -0.2104 2.6897
-11.0714 -0.0418 2.5587
-10.9287 -0.0364 3.5484
-10.5387 0.2442 2.6714
-10.0370 -0.4834 3.1392
-10.0485 -1.2339 3.8000
-9.8801 -1.8159 3.0044
-10.5860 -1.1535 2.7535
-9.8639 -1.0171 3.4317
-9.6107 -0.4961 4.2469
-10.4661 -0.2448 3.7939
-11.4035 0.0354 3.5871
-12.3761 -0.1959 3.6090
-11.8351 -0.1192 4.4465
-11.1095 -0.7942 4.3124
-11.4065 -0.7083 5.2634
-10.4966 -1.0201 5.5370
-10.7605 -1.1741 6.4892
-11.4310 -1.7482 6.9591
-11.9542 -2.5896 7.0944
-12.5956 -2.1180 7.6996
-13.1567 -2.6157 7.0382
-12.5872 -3.2698 7.5359
-12.3713 -2.7601 6.7031
-12.9626 -2.3985 7.4240
-12.6150 -1.7931 6.7079
-13.5483 -1.8946 7.0524
-14.2539 -1.9604 7.7579
-14.7588 -2.7658 7.4474
-14.6217 -2.1781 8.2448
-13.6877 -2.0958 8.5923
-12.7384 -1.7896 8.5202
-13.6133 -1.3627 8.7492
-12.7737 -0.8688 8.5230
-12.5617 -0.1454 7.8659
-12.3890 -1.0334 7.4396
-12.6010 -1.7314 8.1235
-12.7895 -2.7134 8.1291
-12.3077 -3.4226 7.6144
-11.8375 -2.9743 6.8541
-11.1439 -3.6379 6.5739
-11.2575 -4.2359 5.7804
-10.8231 -4.0387 6.6593
-11.3184 -3.3075 7.1282
-10.9978 -3.2008 6.1871
-11.1812 -3.7569 5.3765
-10.2624 -3.4327 5.6016
-9.3691 -2.9871 5.6602
-9.7530 -2.3836 6.3591
-8.8603 -1.9896 6.5777
-9.3401 -2.6531 6.0037
-9.7888 -1.9823 6.5941
-9.4139 -2.7872 7.0539
-9.8397 -2.5093 7.9150
-9.9954 -1.6760 7.3845
-10.4758 -2.3953 7.8863
-11.1248 -1.6608 7.6882
-11.5391 -2.5255 7.4042
-11.8970 -1.5954 7.4865
-12.6723 -1.4313 6.8766
-12.9498 -2.1652 7.4966
-12.8869 -1.4716 6.7789
-13.3076 -2.3142 6.4427
-12.6365 -2.5340 7.1508
-12.1828 -3.2930 6.6838
-12.9863 -3.7625 7.0498
-13.4890 -3.9371 7.8965
-13.6315 -4.5600 8.6657
-14.0670 -5.4600 8.6817
-14.0849 -6.1713 7.9791
-14.1196 -5.4231 7.3165
-13.3651 -4.8395 7.0165
-12.8464 -4.5432 7.8185
-13.3994 -3.7224 7.6760
-12.8670 -4.4713 8.0704
-12.8004 -3.7879 8.7974
-12.4003 -3.1852 9.4878
-13.0922 -2.8336 10.1184
-12.9450 -1.9491 10.5611
-12.2123 -2.0982 9.8971
-12.0450 -2.6161 10.7360
-11.5369 -2.3408 9.9199
-11.9422 -1.6520 9.3189
-11.1501 -1.0422 9.3463
-10.5045 -1.6768 9.7711
-9.8123 -1.0684 10.1593
-9.2258 -1.3679 10.9119
-9.3103 -0.5057 11.4114
-8.6936 -0.1106 12.0923
-8.1124 -0.5743 12.7610
-7.7937 -1.5114 12.9034
-6.9396 -1.0011 13.0040
-5.9631 -1.1280 13.1781
-5.9081 -0.3167 12.5961
-5.1546 0.3274 12.7280
-4.5196 0.1019 13.4669
-5.3243 0.3365 12.9215
-5.9121 0.7466 13.6188
-6.6557 1.0636 13.0302
-7.2287 0.8548 13.8227
-7.1429 1.7641 13.4156
-7.2666 2.1129 12.4866
-6.4371 1.9941 13.0324
-6.1861 2.3118 12.1180
-5.9719 1.3669 11.8705
-6.5813 1.8101 12.5279
-7.0888 1.6883 11.6749
-7.4168 2.5076 12.1451
-6.7751 1.7435 12.0793
-6.0913 1.0225 11.9669
-6.1261 1.1415 12.9592
-6.2770 1.8839 12.3065
-5.9664 1.0322 11.8844
-5.8994 0.4623 12.7033
-5.1164 0.8889 13.1559
-4.3071 0.8234 13.7397
-3.6374 1.0777 13.0419
-4.0316 1.9958 13.0008
-3.5129 1.6436 13.7798
-4.1056 1.1341 13.1560
-3.2463 0.6803 13.3916
-2.8092 1.1798 12.6437
-3.1351 2.1163 12.7737
-3.2565 1.4982 13.5504
-2.7427 0.9448 14.2059
-3.1418 1.7624 13.7908
-2.2673 2.1114 14.1276
-2.3662 1.9128 13.1525
-1.6137 2.5086 12.8718
-0.9300 1.9112 12.4527
-0.3596 2.6409 12.8298
0.2628 1.9087 12.5530
1.1749 2.3074 12.6483
1.9561 2.2312 13.2680
2.8006 2.6655 12.9547
2.0917 3.3455 12.7676
1.9313 2.9294 11.8726
1.2730 2.3505 11.3913
2.0538 2.2409 10.7762
1.3898 1.5186 10.5824
0.8085 1.1159 11.2894
0.6554 0.8988 10.3253
1.3165 0.1626 10.4696
2.1101 -0.3492 10.7987
2.5631 0.1382 10.0522
3.2861 0.6746 10.4876
3.7548 0.9427 11.3293
4.2298 0.6001 12.1399
4.6747 0.8861 12.9886
4.9299 0.9218 12.0224
5.1709 0.2012 12.6725
4.6524 -0.4298 13.2495
4.2675 -0.6650 14.1421
4.5649 0.1588 13.6594
4.9724 0.8810 13.1005
4.1824 0.4526 13.5391
3.6980 1.2785 13.2508
4.3795 0.7017 13.7012
3.7683 1.0005 14.4341
3.4554 0.7528 15.3511
3.6201 1.0074 16.3040
4.4356 0.5672 15.9284
3.8934 1.1230 15.2982
4.6653 1.4885 15.8184
4.4902 1.8826 14.9162
3.8568 2.2800 15.5802
4.7155 2.5865 15.9909
4.8049 1.6006 15.8491
4.5422 0.7499 15.3940
5.1897 0.2962 16.0063
4.7203 0.1253 16.8726
5.4233 0.2113 17.5786
4.6558 -0.3446 17.8979
5.0611 -0.1540 18.7921
5.8715 -0.5746 18.3843
5.1371 -0.5171 19.0606
5.0750 -0.3830 20.0496
4.5680 -1.1086 19.5844
5.0164 -2.0015 19.6249
5.6910 -2.6608 19.2930
5.1379 -2.9525 20.0735
5.8882 -3.2878 19.5036
5.2031 -2.8067 18.9565
5.7272 -3.5129 19.4326
4.9896 -2.8395 19.3820
5.9106 -3.1250 19.6470
5.1618 -2.4730 19.5283
4.4875 -2.9881 20.0575
3.9806 -3.0738 20.9152
3.5798 -2.9179 20.0123
4.1198 -2.0840 19.8986
3.3588 -2.5981 19.5029
2.6499 -2.8467 18.8428
3.3900 -2.2137 19.0697
4.0173 -2.6829 19.6913
3.4383 -2.0858 20.2465
2.8394 -1.6361 20.9092
3.0346 -2.5992 20.7238
3.5645 -2.1864 19.9829
3.7772 -3.1627 19.9428
3.7669 -4.0796 20.3417
2.9378 -3.5341 20.2189
2.9935 -4.1251 21.0237
2.3997 -4.4654 20.2946
2.6572 -4.8470 19.4068
2.8905 -5.3977 20.2083
2.8191 -6.2912 19.7649
3.4601 -6.7601 19.1572
2.7375 -7.0718 18.5401
3.2159 -6.1972 18.4612
2.6563 -5.4944 18.0219
2.3259 -6.1729 17.3658
3.1194 -5.5903 17.1898
4.0363 -5.3434 16.8763
4.6144 -5.8055 17.5488
5.0528 -6.5587 17.0584
4.9021 -6.6848 16.0779
4.0336 -6.5278 15.6078
4.4811 -5.7923 16.1165
5.4077 -5.4191 16.1619
5.2269 -6.3637 15.8878
6.2107 -6.5428 15.8807
7.1858 -6.5151 16.1005
7.9141 -6.1564 15.5165
7.6415 -5.3519 16.0443
8.2995 -4.9519 16.6822
7.6673 -5.5227 17.2060
7.3277 -5.1679 16.3349
6.4709 -5.5660 16.6628
6.0960 -6.2234 17.3164
6.7018 -5.6028 17.8142
6.2663 -5.0189 18.4992
5.8351 -4.8748 19.3899
6.0417 -3.9716 19.0135
6.7855 -4.6279 19.1409
6.1619 -5.2312 18.6437
5.4741 -4.7989 19.2268
4.8846 -4.3608 19.9055
4.3367 -5.0922 19.4996
4.2571 -5.8175 18.8157
4.4050 -6.7965 18.6753
3.7184 -7.4715 18.4052
3.5465 -6.5730 18.0013
2.8828 -6.0595 18.5451
2.2686 -6.6225 19.0981
2.6535 -5.8387 19.5855
1.8794 -6.3687 19.2392
0.9587 -6.7585 19.2223
1.7407 -7.2856 18.8896
2.2974 -7.2547 19.7198
1.9700 -6.6655 18.9811
2.6302 -6.2680 19.6184
3.5576 -6.3572 19.2550
4.0850 -7.1396 18.9240
3.9832 -8.0534 18.5308
4.4634 -7.2015 18.3220
4.7413 -6.9037 17.4087
4.6087 -6.2021 16.7086
3.8870 -6.5697 17.2952
4.5838 -6.7268 16.5953
4.0131 -7.4438 16.9957
3.6335 -8.3605 17.1200
4.2919 -7.6733 16.8129
5.0237 -8.2946 17.0928
4.1511 -8.4774 17.5457
3.6986 -9.3406 17.7694
3.1276 -9.0059 18.5190
2.8876 -9.7343 19.1608
2.2797 -10.0834 19.8740
3.0147 -10.7599 19.9198
3.4644 -10.6684 20.8083
3.8986 -10.0065 20.1973
4.3871 -10.0668 21.0678
4.7949 -9.2042 20.7686
4.6732 -8.3319 20.2949
5.0391 -7.4106 20.1633
5.8550 -6.9936 19.7628
5.7643 -6.4148 18.9524
5.5754 -7.3528 19.2429
5.0059 -6.5808 19.5253
5.1114 -7.3546 20.1500
4.2641 -6.9296 19.8314
4.4490 -6.1346 20.4091
3.4977 -6.3835 20.5907
2.9021 -5.7262 20.1290
2.7133 -5.0147 20.8058
2.4502 -4.1068 20.4793
3.0450 -4.2024 21.2775
2.6893 -3.4099 20.7820
2.0657 -3.3052 21.5567
2.7303 -3.1652 20.8228
2.0712 -2.4730 21.1167
1.4674 -3.2531 20.9524
1.9125 -2.4927 20.4795
2.5893 -1.7651 20.3668
3.1877 -2.4678 20.7517
2.4118 -2.0470 20.2816
3.1497 -1.7133 19.6949
3.0166 -0.8845 19.1514
3.0940 -0.2587 19.9275
2.5407 0.2359 19.2572
2.0017 -0.1201 18.4938
1.3192 -0.6957 18.0435
2.1660 -0.3623 18.4580
1.6541 0.3932 18.0490
0.8855 -0.0410 18.5188
0.6695 0.9340 18.4669
1.3441 1.6570 18.3183
0.5450 1.0627 18.4091
0.0763 0.8591 17.5495
0.7987 1.5211 17.7494
0.6361 1.2424 18.6960
1.0724 0.9181 17.8567
0.9868 0.9722 16.8618
1.8689 1.4133 17.0274
1.3312 0.9056 16.3542
0.7279 1.3885 16.9890
1.6530 1.7435 17.1236
1.9128 1.1438 16.3667
1.4276 1.5903 17.1186
0.9234 0.7354 17.2409
1.7839 1.1271 17.5667
2.3979 0.7144 16.8939
2.4338 1.2919 17.7095
3.3417 1.1076 17.3328
4.1719 1.4366 16.8828
4.0323 0.7341 17.5807
4.4970 0.1192 18.2177
5.2045 -0.5456 18.4578
4.5364 -0.4731 19.1984
5.4090 -0.4696 19.6870
5.7251 -1.2002 20.2921
6.1361 -0.2899 20.2423
5.5306 0.0404 20.9664
5.9411 0.8452 20.5377
6.3341 0.9653 21.4494
5.5894 0.7053 20.8348
6.0472 0.4591 21.6890
6.2287 -0.1872 22.4302
5.7175 0.4953 21.9077
4.9301 -0.0383 21.5990
5.3608 0.7795 21.2172
5.2470 1.4669 20.4998
4.6592 2.1777 20.8861
5.4437 2.1571 20.2663
5.8965 2.7929 20.8915
5.3749 2.1449 21.4465
5.0667 2.2070 22.3958
4.9765 1.4703 23.0660
4.3498 1.4438 23.8448
5.0116 0.6991 23.7584
4.5274 0.8270 22.8929
3.6617 1.0009 23.3623
4.0618 0.3862 22.6826
4.2937 1.3547 22.7733
3.8556 0.7976 23.4788
3.8137 0.8545 24.4763
3.0914 1.1960 25.0778
3.8434 1.8017 25.3377
3.2111 2.5209 25.0497
3.8919 3.0321 25.5742
3.3003 2.3060 25.9245
3.1466 2.7427 25.0381
2.5182 3.4696 24.7613
2.6525 2.7655 24.0640
1.7687 3.0682 23.7073
2.2956 3.6795 24.2978
2.8820 3.4802 25.0829
3.1456 3.1511 25.9897
3.5898 3.2837 26.8758
4.2391 3.2337 26.1169
3.6183 3.6827 25.4741
2.8913 3.9241 24.8313
2.0402 4.1333 25.3128
2.8794 4.5889 25.0160
2.1638 5.2873 25.0247
2.4124 6.0700 24.4540
3.2396 5.6169 24.1218
4.0398 6.0827 23.7441
3.9265 5.1218 23.4916
3.7957 5.7815 24.2316
3.2365 6.5076 23.8315
3.6863 7.1773 24.4224
4.1743 7.3456 25.2789
3.6999 7.9045 24.5987
4.3336 7.6604 25.3328
3.4166 7.6786 24.9343
2.6565 7.7014 25.5836
1.6965 7.6427 25.8573
1.0777 8.2581 26.3457
2.0044 8.6240 26.2600
1.4037 8.7170 25.4659
1.3439 9.6568 25.1295
1.6089 10.2014 24.3337
0.8601 9.5437 24.2519
0.2588 8.7856 24.5043
-0.1872 8.1073 23.9204
0.1192 8.9738 23.5265
0.7563 9.7393 23.6171
-0.1508 10.0811 23.3713
-0.2217 10.9151 22.8241
-0.0924 10.0439 22.3505
0.4178 10.4734 23.0956
-0.0483 9.5888 23.1064
0.4319 10.4644 23.1580
-0.3027 10.2458 23.8004
-0.4172 10.8596 23.0192
-1.1772 10.9105 23.6670
-1.7377 10.3445 23.0625
-2.0119 10.8884 23.8555
-2.7736 11.5280 23.7514
-2.1161 12.2209 24.0473
-2.1871 13.1280 23.6323
-3.1215 13.0338 23.9759
-3.6106 12.2349 23.6259
-3.1389 11.7789 24.3806
-2.2375 11.3505 24.3188
-2.8343 10.8846 23.6655
-3.3328 10.4715 24.4276
-4.0858 10.6735 23.8015
-3.4181 10.1457 23.2766
-2.8793 10.5830 23.9966
-3.5208 10.2385 23.3112
-4.2299 9.9305 23.9455
-3.6634 10.1626 23.1547
-3.3318 11.0873 23.3416
-3.2262 10.0978 23.4410
-2.6136 10.8364 23.7223
-2.0536 11.4523 24.2765
-1.5557 11.2543 23.4322
-2.0614 11.8334 24.0716
-1.3708 12.1368 24.7282
-1.5483 11.5119 25.4885
-2.0883 10.7293 25.7982
-1.9171 9.8741 26.2874
-1.9076 8.9670 25.8666
-1.8630 9.6737 26.5726
-0.9380 10.0421 26.6657
-0.3850 10.8720 26.7395
0.1033 10.1625 26.2313
-0.2098 9.5537 26.9602
-0.4753 8.7372 27.4729
-1.0983 8.1663 26.9382
-0.5011 7.4807 26.5219
0.1402 8.0642 27.0201
1.0117 8.0854 26.5302
0.9143 8.4820 25.6174
1.8213 8.8626 25.4373
1.0572 9.4746 25.2333
0.5275 9.5615 26.0770
1.2984 9.0039 25.7691
0.6028 9.4063 25.1738
-0.2177 9.8646 24.8322
-0.9235 9.2157 24.5483
-1.0446 9.9914 25.1677
-1.2336 10.9267 25.4669
-1.7893 11.7563 25.5209
-1.6172 11.3234 26.4057
-0.8736 10.6582 26.4739
-1.0410 11.1339 27.3375
-1.7710 11.7677 27.0816
-2.3425 11.0894 27.5434
-2.7556 11.0681 26.6330
-2.7652 11.4592 27.5533
-3.1755 12.3690 27.4905
-4.0746 12.0254 27.2194
-3.4810 12.5082 26.5756
-3.2730 12.9153 27.4650
-2.6678 13.0173 26.6755
-2.9816 12.0967 26.4432
-3.2517 11.9809 27.3990
-4.2024 12.2376 27.2254
-3.7292 13.1181 27.2513
-3.6397 12.3931 27.9342
-4.3713 11.8545 28.3523
-4.0787 11.6886 29.2941
-3.8712 12.6224 29.0028
-3.2058 12.0341 28.5433
-2.2285 12.0349 28.7552
-1.3387 12.1719 29.1904
-0.9022 11.5738 29.8626
-0.5445 12.2544 29.2231
0.0962 12.9633 28.9282
-0.1404 13.3152 29.8338
0.4409 12.5022 29.8688
1.1295 11.8597 30.2048
1.8168 12.5716 30.3486
1.2758 11.9506 29.7814
1.4668 12.6284 29.0713
2.0240 12.9571 29.8339
2.3965 12.2543 29.2279
2.4199 13.0458 28.6171
3.1788 12.6216 29.1112
3.4842 13.5712 29.0419
4.0843 14.2989 28.7097
4.3945 14.9272 27.9962
3.6952 14.3927 27.5215
4.2736 13.8939 26.8759
4.4425 14.1977 25.9383
5.1379 14.2759 26.6527
5.1954 13.7003 27.4685
4.2400 13.5247 27.7059
3.8149 13.8058 26.8455
3.2733 14.3858 26.2370
2.7258 15.0242 25.6960
2.1165 15.2015 26.4689


0.0 0.0 0.0
0.9478 0.1290 0.2915
0.1992 0.7277 0.0066
0.8734 0.0867 0.3735
1.2005 0.2231 -0.5617
0.9976 0.2467 -1.5406
1.4341 -0.5998 -1.8456
1.5127 -0.7969 -2.8228
1.2227 -0.4607 -3.7189
1.1008 -0.7796 -2.7789
0.5215 -1.0866 -2.0239
0.7650 -2.0534 -1.9456
1.1886 -1.6939 -1.1141
0.5686 -2.2793 -0.5917
1.0257 -1.7604 -1.3141
1.3913 -1.6867 -0.3863
1.9459 -2.3578 -0.8783
2.9454 -2.3631 -0.9101
3.1150 -3.0580 -1.6089
2.5862 -3.8163 -1.2276
2.1387 -3.3078 -0.4919
1.5167 -2.9147 0.1853
2.3039 -2.4358 0.5737
2.9409 -3.1112 0.2022
3.6402 -3.5613 0.7576
4.2650 -4.2279 1.1641
4.8433 -4.3696 0.3606
4.9204 -5.2911 -0.0199
5.8994 -5.1971 0.1611
5.0130 -4.9001 0.5162
5.5156 -5.4414 1.1902
4.7605 -5.6751 0.5776
5.5433 -6.2440 0.8298
5.5259 -6.0163 1.8034
5.1003 -5.3598 1.1806
5.5767 -5.4072 0.3026
5.7996 -5.4715 1.2754
6.5465 -6.1364 1.2721
7.0061 -6.9410 0.8959
7.6147 -7.4793 1.4789
7.3819 -6.7249 2.0927
7.1994 -7.0607 3.0168
7.0234 -7.7704 2.3347
7.6596 -6.9995 2.3043
7.5558 -7.9875 2.4187
6.9456 -8.5432 2.9835
6.3846 -9.2670 2.5819
7.0629 -8.7004 2.1141
6.5106 -9.1511 2.8154
6.1169 -8.9425 3.7106
6.5956 -9.3786 4.4726
6.3067 -8.4252 4.3852
5.7155 -8.2381 3.6007
6.2770 -8.7204 4.2731
5.5075 -8.2861 3.8049
5.7610 -7.8807 2.9266
5.3912 -7.7763 3.8498
5.8220 -8.4026 4.4995
5.3262 -7.8649 3.8176
5.7039 -6.9395 3.7859
5.9921 -6.7981 2.8388
6.1935 -6.5418 1.8934
5.6149 -6.1625 1.1713
6.4678 -5.8894 0.7263
7.4043 -5.7177 0.4207
7.8345 -6.3335 -0.2394
7.6342 -7.0047 -0.9531
8.1486 -7.8176 -1.2261
8.6684 -8.5667 -1.6368
8.9392 -7.8876 -2.3191
9.2314 -8.6514 -1.7435
8.7611 -7.8870 -1.3025
9.2396 -8.1020 -2.1539
8.8524 -7.1986 -2.3382
9.4046 -7.9711 -2.0248
8.9388 -8.1436 -1.1569
8.7673 -9.1134 -1.3303
9.2606 -8.4910 -0.7226
8.9609 -8.3723 0.2241
9.7819 -7.8209 0.0763
10.5078 -8.3733 0.4862
11.0501 -9.1464 0.1574
10.7320 -8.2256 0.3832
11.3424 -8.2927 1.1724
12.1018 -8.8386 0.8184
11.5337 -9.0983 0.0375
10.6423 -9.5452 0.1125
11.3236 -8.8139 0.1443
12.0657 -8.1451 0.0997
12.9531 -8.3251 -0.3247
12.3083 -8.9606 0.1000
13.0197 -8.2616 0.0280
13.3191 -8.1514 -0.9198
12.7668 -7.3194 -0.9726
12.7329 -7.6526 -0.0303
12.1319 -6.8788 0.1698
12.7164 -7.3781 0.8094
12.6345 -6.3913 0.6696
11.8544 -6.9784 0.4536
11.5779 -6.5265 -0.3945
11.3333 -5.9854 -1.1991
11.6299 -5.2836 -0.5515
11.2953 -5.3353 -1.4924
12.1029 -5.4852 -0.9220
11.3175 -4.8950 -1.1087
11.1729 -5.6211 -0.4364
10.4237 -6.0070 -0.9748
10.2899 -5.0610 -0.6795
9.4899 -5.4272 -1.1547
10.0418 -5.7413 -1.9271
9.6763 -5.6224 -2.8503
9.0606 -5.0756 -2.2828
9.8871 -4.9205 -2.8240
10.5920 -4.6281 -3.4701
10.9545 -5.2153 -2.7464
10.0187 -5.4972 -2.9578
10.2966 -5.7835 -3.8748
9.8038 -6.0026 -4.7168
9.7988 -5.2700 -5.3975
9.7950 -5.8755 -4.6016
9.5967 -6.8549 -4.6416
9.0228 -7.4552 -4.0846
9.3963 -8.0262 -4.8157
9.3872 -7.2459 -4.1904
8.9178 -6.7857 -3.4368
7.9643 -6.4948 -3.3587
8.7071 -6.8700 -3.9132
9.0791 -6.7268 -4.8303
8.5395 -6.8714 -5.6598
9.0515 -7.6741 -5.9655
10.0430 -7.5818 -6.0566
9.4213 -6.8120 -5.9125
9.7992 -6.1730 -6.5825
9.1987 -6.3565 -5.8043
10.1656 -6.1993 -6.0050
9.7327 -6.7040 -5.2581
9.1928 -6.1194 -4.6524
8.7531 -6.9920 -4.4402
9.4203 -7.3290 -3.7760
9.9739 -7.8677 -4.4110
9.7554 -8.4199 -5.2156
9.2689 -9.1808 -4.7861
9.5860 -9.5908 -3.9309
9.0820 -10.2157 -4.5271
9.8318 -9.5836 -4.3313
9.5496 -9.7188 -5.2811
9.3705 -10.3427 -6.0418
9.1810 -10.8694 -6.8705
9.9546 -11.3999 -7.2170
10.8783 -11.0286 -7.1224
10.0280 -10.5045 -7.0755
9.6203 -10.9989 -7.8432
8.6733 -11.2447 -8.0498
7.8704 -10.6579 -8.1546
8.5818 -10.6498 -8.8573
9.1441 -10.0732 -8.2645
8.2854 -9.5800 -8.1254
8.2165 -8.9812 -7.3275
7.9057 -8.7837 -6.3977
8.0790 -9.7629 -6.2924
8.9499 -10.1353 -5.9718
9.5790 -9.8505 -5.2485
10.0710 -10.7211 -5.2482
10.5544 -9.8567 -5.1098
10.5645 -10.2135 -4.1756
10.1657 -11.1262 -4.0863
9.9178 -11.5445 -3.2125
10.5707 -11.9920 -3.8236
10.9038 -11.2419 -3.2523
11.2725 -11.2267 -4.1817
12.0787 -10.7096 -3.8943
12.9958 -10.9973 -4.1705
12.3919 -10.4820 -3.5623
13.1049 -9.7823 -3.5168
12.8061 -8.8280 -3.5224
13.4310 -8.2612 -2.9855
14.1395 -7.5738 -3.1455
14.6085 -7.9598 -3.9399
13.7791 -7.4021 -3.9070
14.5464 -6.8953 -3.5141
14.4430 -6.9906 -4.5042
13.7097 -7.6317 -4.2777
13.2961 -8.2036 -4.9861
14.1781 -8.6347 -5.1768
13.6639 -9.1942 -5.8269
13.9405 -8.6270 -5.0511
14.4328 -9.4183 -4.6886
13.8839 -10.1055 -5.1644
13.2377 -10.7043 -5.6377
12.8625 -10.4541 -4.7452
12.3119 -10.2997 -3.9248
12.7149 -9.6526 -4.5720
11.9195 -9.8142 -3.9879
11.0467 -9.8344 -3.5003
11.0171 -10.3524 -4.3552
10.0549 -10.6217 -4.3147
10.4137 -9.9474 -3.6692
10.3627 -10.4783 -4.5151
10.9806 -11.0094 -3.9354
10.9635 -10.2726 -3.2595
10.0570 -10.4281 -3.6521
9.2784 -11.0031 -3.9035
8.4175 -10.5251 -3.7294
8.2115 -9.7982 -3.0743
8.1040 -8.9452 -2.5635
7.1897 -8.8031 -2.9429
6.4843 -8.4838 -2.3100
6.9389 -7.8219 -1.7141
7.4797 -8.5206 -2.1824
6.5872 -8.7315 -2.5811
6.3390 -9.6900 -2.7210
6.0050 -9.8931 -1.8005
6.2100 -10.8062 -2.1529
5.4908 -11.4499 -1.8912
4.6108 -11.5913 -2.3445
5.2651 -12.1990 -1.8944
4.3005 -12.0881 -2.1336
4.3568 -12.6619 -2.9507
4.5533 -11.7768 -2.5287
5.3143 -11.5515 -1.9204
5.2294 -11.6589 -0.9298
6.1486 -11.3107 -0.7461
5.8785 -10.4381 -0.3390
5.3808 -9.6295 -0.0254
4.7321 -9.3294 0.6740
4.4196 -8.5981 1.2802
4.6394 -8.0382 0.4814
5.3430 -7.8996 1.1784
4.7351 -8.4578 0.6137
4.0381 -9.1724 0.6739
4.7219 -8.5262 0.3350
3.8441 -9.0003 0.2668
3.6068 -9.6010 1.0303
3.5780 -9.8291 2.0035
3.6289 -9.3502 1.1271
4.2808 -8.7473 1.5871
3.6637 -8.9527 0.8275
4.1927 -9.4628 1.5057
4.9228 -8.7858 1.5993
5.6572 -8.6565 2.2656
5.4600 -8.7859 3.2373
4.5236 -9.1154 3.1166
5.2788 -9.7639 3.2123
4.5258 -9.9340 3.8479
4.8448 -9.2940 4.5468
4.1746 -8.5791 4.7465
4.7943 -9.1187 5.3165
5.3586 -9.7527 5.8453
6.1128 -10.3764 5.6398
6.8547 -10.2051 4.9916
6.0372 -10.0016 5.5304
6.6819 -9.5915 6.1754
5.9010 -9.9766 6.6672
5.0633 -10.1619 6.1535
5.9137 -10.3784 6.6330
5.0733 -10.9200 6.6131
4.9905 -11.6769 5.9648
4.0906 -11.3600 5.6654
5.0593 -11.2655 5.8947
4.3674 -10.5634 6.0631
4.2163 -11.5491 5.9874
4.9048 -10.9337 5.6036
4.1220 -11.3168 5.1132
4.4961 -10.6566 5.7646
4.6579 -10.5697 6.7475
5.4867 -10.9465 6.3338
4.7151 -11.3099 5.8116
5.4206 -11.6164 6.4506
4.6281 -11.1382 6.0719
5.4913 -11.6318 5.9656
4.9776 -10.9684 5.4217
5.2578 -10.2020 4.8436
5.4153 -9.2145 4.8305
5.5135 -9.8921 5.5595
4.9230 -9.6036 6.3132
5.7542 -9.4238 6.8394
6.2722 -8.5691 6.8723
5.9859 -8.3082 5.9504
6.2078 -8.8443 5.1360
5.6136 -9.6225 5.3393
4.8403 -10.1560 5.6819
5.3815 -9.5188 5.1332
5.7631 -8.6755 4.7548
5.1523 -9.0601 5.4469
4.5835 -8.4412 5.9887
5.2042 -7.7729 5.5787
5.9586 -7.2498 5.1823
6.6261 -7.9923 5.2391
6.1719 -7.1636 4.9121
5.4350 -7.3874 4.2742
5.6313 -7.6637 5.2150
5.4821 -6.7648 5.6269
6.2323 -7.3967 5.4325
5.9466 -6.7593 6.1481
6.6621 -6.1223 5.8613
7.1944 -6.8557 5.4385
7.2146 -6.1874 6.1822
7.4544 -6.5190 5.2697
7.2292 -7.0406 6.0927
7.8930 -7.7774 5.9642
7.4906 -8.2226 5.1642
7.8222 -8.1594 6.1055
8.4958 -8.6566 5.5586
9.1935 -8.2639 4.9594
8.4954 -8.4375 5.6540
7.9765 -7.6201 5.9044
7.9322 -8.3559 5.2286
7.5473 -7.6822 4.5979
7.3066 -7.5022 3.6441
6.7975 -6.7501 4.0625
7.4816 -6.2794 3.5054
8.1188 -6.4023 4.2663
7.2281 -6.4525 3.8145
7.4293 -7.3457 3.4123
6.9878 -8.1197 3.8662
7.7167 -7.7988 4.4710
8.2394 -8.3809 3.8482
8.8392 -7.9705 3.1613
9.1824 -7.1334 3.5873
9.8217 -7.5960 2.9730
9.1649 -7.1533 3.5834
9.9069 -7.8019 3.4142
10.3687 -8.0743 4.2583
10.8205 -8.1543 5.1468
10.5679 -9.1201 5.2056
10.1365 -8.4406 5.7989
9.4975 -8.9639 6.3627
8.9310 -8.3012 6.8525
8.1495 -7.6777 6.8720
7.5069 -8.3283 7.2767
7.3445 -8.9958 8.0035
6.9345 -9.7447 8.5240
6.4661 -10.5338 8.9216
6.1615 -9.7118 9.4028
5.3764 -10.1416 9.8486
6.2934 -9.9616 9.4928
6.6514 -10.5396 10.2262
7.4298 -10.9964 9.7955
7.2842 -10.4733 8.9557
6.8841 -11.3707 9.1416
7.0118 -12.2717 8.7270
7.6009 -13.0314 8.4517
6.9249 -12.2977 8.5196
7.8987 -12.5101 8.4380
8.7285 -12.9048 8.0435
9.1642 -13.3733 7.2750
8.6543 -12.5229 7.4049
8.0009 -12.6563 8.1501
8.0166 -13.2470 8.9568
8.7291 -13.5882 8.3437
7.9185 -13.9647 7.8951
8.5986 -14.0928 7.1732
8.3669 -14.8819 7.7420
7.9851 -14.2801 7.0406
7.4608 -14.6805 7.7921
6.9066 -15.2546 8.3948
7.4995 -15.1398 9.1919
7.1221 -15.7001 8.4546
7.0758 -14.7522 8.7696
6.7819 -15.2881 7.9782
5.7961 -15.4346 7.8966
4.9503 -15.4150 8.4298
4.3882 -16.1728 8.0985
5.2003 -16.0602 7.5260
5.2079 -15.7705 6.5689
6.0801 -15.4878 6.9680
6.6868 -16.1315 7.4345
5.7580 -16.3518 7.7326
6.3664 -17.1264 7.5597
5.7426 -16.7756 6.8613
5.4684 -17.6256 6.4115
5.4031 -18.3693 5.7461
5.6604 -19.2718 6.0916
5.7226 -18.5801 5.3721
4.7333 -18.7104 5.3056
4.0394 -18.5354 4.6072
4.8223 -19.1265 4.8013
5.6992 -18.9904 5.2623
6.0208 -18.6514 4.3782
5.1549 -19.0627 4.6626
5.0242 -18.3132 5.3116
5.7610 -17.8048 5.7573
4.8997 -18.2808 5.5797
5.0071 -17.2878 5.5305
5.1125 -17.1475 6.5150
6.0800 -17.2313 6.2767
5.3553 -17.7024 6.7795
5.1095 -16.7797 6.4827
5.0373 -17.4250 7.2432
5.5035 -16.6946 7.7424
5.2120 -15.9284 8.3150
5.7998 -15.4533 8.9697
6.6566 -15.9325 8.7792
7.1626 -15.4164 8.0881
6.8298 -15.7934 8.9525
6.9377 -16.7536 8.6947
7.5855 -17.4831 8.9142
6.9479 -16.7182 9.0063
6.2801 -17.2661 8.5025
7.1559 -17.1116 8.0453
7.8845 -17.7939 7.9853
8.5496 -17.5908 8.7039
8.1943 -18.2177 9.3973
7.7254 -17.3465 9.2525
8.0273 -16.5278 9.7410
7.8229 -16.2224 10.6711
8.3535 -15.5215 10.1944
7.6937 -15.5319 10.9457
7.4550 -14.9231 10.1891
6.9866 -15.6586 10.6786
6.1509 -15.9109 10.1908
6.6785 -15.1995 10.6551
6.1188 -15.8562 11.1606
6.3807 -16.6953 11.6374
6.4113 -16.0996 10.8347
6.5967 -16.8011 10.1466
5.9394 -16.2702 10.6815
6.5439 -16.4615 9.9082
6.8150 -17.2048 10.5198
7.4010 -16.6323 11.0933
8.1481 -16.0205 11.3529
8.3042 -15.3769 10.6036
9.1348 -15.2186 11.1374
8.3510 -15.4113 11.7277
7.5472 -14.8186 11.6755
7.2315 -15.7661 11.7260
6.5975 -15.1941 11.2056
5.9392 -14.8322 11.8657
5.5854 -13.9014 11.7740
4.7083 -14.0977 11.3357
5.1988 -14.6077 12.0423
4.6984 -15.3215 12.5324
5.6735 -15.3021 12.3114
5.4722 -14.7519 13.1218
5.4438 -14.0588 13.8421
5.1920 -14.4953 14.7059
5.0343 -13.5541 15.0048
5.6007 -12.9377 15.5517
4.7855 -12.4007 15.3348
4.1383 -12.7368 14.6505
3.4069 -13.4155 14.7177
4.3196 -13.0876 14.9617
3.8063 -12.6653 14.2145
3.4749 -12.4733 13.2907
4.0052 -11.6261 13.3224
3.6888 -10.9935 12.6155
4.5461 -11.4974 12.5099
5.4206 -11.1704 12.1514
5.2798 -10.3250 12.6666
5.5986 -11.0203 13.3107
6.2518 -10.3740 12.9164
7.0412 -10.9039 13.2263
7.4271 -11.7694 12.9070
7.4964 -10.9662 12.3153
8.3059 -11.5310 12.4758
7.8367 -11.7329 13.3355
8.2875 -11.1248 12.6820
7.6361 -10.4436 12.3479
7.9488 -9.8675 11.5927
8.4139 -8.9852 11.5201
9.1354 -9.5962 11.8458
9.2176 -8.8990 11.1337
9.6420 -7.9974 11.2183
9.9887 -7.2522 10.6488
9.5114 -8.1219 10.7739
10.2274 -8.2936 11.4505
9.9668 -8.2147 12.4127
9.4564 -9.0052 12.7514
8.7295 -9.5227 12.2999
9.6664 -9.4232 11.9647
9.1832 -10.0401 12.5860
9.2787 -10.7235 13.3097
9.8246 -11.4354 12.8678
9.9898 -11.8587 11.9770
10.9284 -12.0995 12.2242
11.6060 -11.3710 12.1235
12.0615 -11.9808 12.7721
12.4853 -11.2708 12.2097
12.8921 -11.6484 11.3778
12.8469 -10.8288 11.9491
13.5097 -10.2564 11.4662
14.0260 -10.6046 10.6838
13.7140 -10.1107 11.4954
13.5887 -10.8642 10.8500
12.9642 -10.4877 10.1658
13.3979 -9.6612 10.5245
12.5901 -9.4749 9.9653
11.9622 -8.9765 10.5631
12.4837 -9.8265 10.4884
13.1984 -9.6396 11.1624
12.7264 -10.5137 11.2777
12.4820 -11.3475 10.7827
13.4599 -11.4875 10.6276
14.1761 -10.9553 11.0792
13.7040 -11.7738 10.7517
14.0063 -12.6947 10.5056
13.0281 -12.8486 10.6452
13.6611 -12.7335 11.4108
14.3016 -12.0340 11.0939
14.7401 -11.4208 11.7510
15.3959 -12.1492 11.9495
14.5819 -12.6735 11.6994
14.3517 -13.3717 12.3773
14.3225 -12.7202 11.6192
15.1980 -12.4496 11.2189
15.4744 -13.2118 10.6335
14.7774 -13.1991 11.3504
15.2235 -13.0438 10.4690
15.8909 -13.5643 9.9365
15.4638 -14.0314 10.7107
15.1506 -14.7267 10.0637
15.8374 -15.3048 10.5042
15.0124 -14.7465 10.4162
15.4430 -15.4527 9.8542
14.6909 -15.2835 10.4912
14.6637 -14.4988 11.1105
15.2299 -14.1701 11.8664
14.2513 -14.2808 11.6929
15.1089 -13.7715 11.6205
16.0445 -14.0342 11.8564
16.1376 -14.9465 12.2552
15.6217 -14.3317 12.8517
15.7309 -13.7304 13.6432
16.2986 -13.8356 14.4597
17.1823 -14.2075 14.1755
16.4997 -14.2050 13.4447
15.7383 -14.7417 13.8083
16.2268 -13.9996 13.3495
16.8890 -14.7240 13.1576
16.1114 -14.1022 13.2512
16.8819 -14.7007 13.4707
16.2075 -15.2798 13.0127
15.5535 -14.6184 12.6457
15.3730 -15.5538 12.9497
14.6529 -15.0941 12.4298
14.9651 -15.1555 11.4818
14.4596 -15.8714 11.9634
15.1380 -16.5502 11.6822
14.8550 -15.8532 11.0234
15.4758 -16.5432 10.6514
16.0563 -15.7410 10.5117
16.0577 -15.0749 11.2575
15.1977 -14.8078 10.8227
15.7263 -14.9466 11.6601
16.0126 -14.2122 12.2755
15.3858 -13.8303 11.5964
14.7409 -13.4268 10.9473
14.2048 -13.4423 11.7914
14.2205 -12.7921 11.0317
14.9740 -13.4455 11.1049
15.0844 -12.5526 11.5413
15.3583 -13.3698 11.0343
16.0540 -13.0923 11.6968
16.8758 -13.2477 12.2450
16.1234 -12.6938 11.8885
16.6133 -11.9976 12.4132
16.4302 -11.4484 13.2286
17.2320 -11.8798 13.6421
16.2623 -12.1241 13.6410
15.8366 -11.4956 12.9900
16.1672 -12.1941 12.3553
15.6254 -12.7866 11.7592
15.8761 -13.4973 12.4165
15.1673 -13.7213 13.0853
14.9689 -13.1300 13.8670
15.5538 -12.3643 13.5996
15.8503 -13.3008 13.4121
15.4563 -14.0425 13.9550
16.1100 -13.9781 13.2009
16.7248 -13.8132 13.9722
16.6138 -13.7066 12.9841
16.0608 -13.4776 13.7852
16.9003 -13.1516 13.3506
17.4384 -12.4586 13.8304
17.3876 -11.6409 14.4037
18.1691 -12.1668 14.0680
17.6218 -12.7607 14.6577
18.0346 -11.8499 14.6587
18.6737 -11.6751 13.9097
18.1692 -11.3624 13.1049
18.2518 -12.0393 12.3734
18.1329 -12.7465 13.0702
18.6350 -13.1810 13.8180
19.3001 -13.8656 14.1162
19.4666 -14.0926 15.0757
19.0976 -14.8553 14.5445
19.0591 -13.9561 14.1086
18.8902 -13.2824 14.8281
19.1704 -14.1691 15.1958
18.2697 -14.2007 15.6289
18.3475 -13.5236 14.8972
17.5589 -14.1385 14.8990
16.9717 -14.9476 14.9204
16.1205 -14.5168 14.6206
16.7230 -14.0040 15.2322
16.1494 -13.8697 16.0402
16.9999 -13.8086 16.5626
16.9367 -13.8164 15.5646
17.7000 -14.4593 15.5003
18.3178 -13.9544 16.1031
19.0672 -14.3074 16.6634
19.0022 -13.5176 16.0535
18.4076 -12.9368 16.6096
19.1306 -13.3443 17.1675
18.7148 -14.0301 16.5702
18.2795 -13.9989 17.4700
17.8803 -14.8940 17.6685
18.4266 -14.8672 16.8314
19.1912 -14.2239 16.7924
18.9455 -13.2561 16.7373
18.8532 -14.1531 17.1695
18.1519 -13.8836 16.5096
17.8685 -14.0464 15.5645
18.1580 -14.9333 15.9247
18.8117 -15.6280 15.6248
18.3198 -16.3113 15.0851
18.0526 -16.9767 14.3881
18.4286 -17.9033 14.3882
18.6929 -17.2465 13.6820
18.9339 -16.8988 12.7759
18.7085 -15.9653 12.4971
18.0641 -15.9186 11.7338
18.2772 -14.9416 11.7473
17.3012 -14.9214 11.9642
17.6323 -14.1505 11.4201
16.9926 -13.6582 10.8297
17.7871 -14.1300 10.4474
18.4446 -13.8187 11.1334
17.9822 -14.5105 11.6880
17.5779 -14.2596 12.5676
16.8823 -14.6389 13.1777
17.1237 -14.1274 14.0024
16.5264 -13.8321 14.7481
15.5992 -13.5105 14.5565
15.2810 -13.5839 13.6113
15.4959 -12.9313 12.8846
16.2121 -12.2361 12.8245
16.9703 -12.8235 13.1076
17.6964 -13.3941 12.7241
17.6795 -12.8143 11.9096
17.9874 -13.4384 12.6277
18.7043 -14.1303 12.5425
17.9231 -14.0996 11.9190
18.6403 -14.7300 11.6222
19.3679 -15.2019 11.1242
19.4256 -14.6858 10.2696
18.6986 -15.3392 10.4803
19.5721 -15.4721 10.9485
18.7489 -15.9350 11.2771
19.3829 -15.3635 10.7562
20.3248 -15.3361 11.0909
21.0093 -14.6221 11.2387
21.7952 -14.6899 11.8533
22.2975 -14.0110 12.3887
22.9818 -14.6320 12.0064
22.3176 -14.2837 12.6679
22.4976 -13.5631 13.3374
23.3741 -13.4545 13.8066
22.9179 -14.3430 13.8576
23.3973 -14.4616 14.7272
22.8620 -13.6232 14.8293
22.0192 -13.0853 14.8522
21.8018 -13.7394 15.5767
21.2628 -14.5732 15.4571
20.8539 -15.2672 16.0496
20.2524 -14.5882 16.4705
19.7067 -14.1034 15.7870
19.3031 -13.6244 16.5665
19.6639 -13.3943 17.4704
19.2205 -13.0031 18.2769
19.8088 -13.5243 18.8952
19.0900 -12.9967 18.4424
19.3457 -13.7648 17.8553
18.7837 -14.4282 18.3493
19.1315 -14.2001 19.2586
18.3795 -14.7993 18.9841
18.6894 -15.5012 18.3429
17.9828 -14.8890 17.9879
17.3134 -15.1034 18.6992
16.6476 -15.7818 19.0097
16.0026 -16.2752 19.5933
16.9587 -15.9824 19.5922
17.2807 -16.7690 19.0653
18.0186 -17.4282 19.2103
17.9898 -17.9350 18.3487
18.5598 -17.2640 18.8229
17.9485 -16.5129 19.0720
17.7168 -15.6435 18.6354
17.3512 -16.4841 18.2357
17.4885 -16.3970 19.2224
18.2457 -15.8468 19.5744
17.9896 -15.1342 18.9212
18.3015 -14.9604 19.8553
18.3167 -14.5939 20.7856
18.6696 -13.8888 21.4007
19.2037 -14.4071 20.7327
18.4971 -14.0832 20.1036
18.7795 -13.7998 19.1872
18.0363 -13.6079 19.8281
17.2555 -14.0190 20.2986
18.1329 -13.6324 20.5827
17.3167 -14.1996 20.6929
18.0784 -13.5959 20.9281
18.8104 -14.1502 20.5320
18.3401 -13.9010 19.6854
18.0664 -14.8551 19.8065
18.2718 -15.2323 20.7096
19.0545 -14.6130 20.7708
18.8478 -13.7533 20.3037
18.1231 -13.4503 19.6848
17.4825 -13.0934 19.0050
17.6994 -12.6486 18.1360
18.3410 -12.9026 17.4123
17.8491 -13.7266 17.1311
18.6556 -13.9183 17.6904
18.1100 -13.7560 16.8682
18.5528 -12.9725 16.4323
18.3256 -12.2242 15.8091
18.8374 -12.6449 16.5581
19.7979 -12.3667 16.5692
20.6483 -12.0993 17.0223
20.3800 -12.5568 16.1746
20.3779 -13.5568 16.1778
20.6862 -12.6767 16.5388
20.4154 -13.6367 16.4680
19.8650 -13.4863 15.6467
19.3044 -14.3003 15.7988
18.5865 -13.6405 16.0210
18.7153 -12.9263 16.7089
18.8052 -13.7839 16.2024
17.8388 -14.0409 16.2100
17.7965 -13.9832 15.2126
16.9475 -14.5026 15.1153
17.4074 -15.0070 14.3846
18.0992 -14.7321 15.0523
17.2430 -14.2211 15.1297
18.0710 -14.1334 15.6836
18.8701 -14.5361 16.1299
18.9560 -15.4509 15.7353
18.2702 -14.7290 15.6438
19.0878 -15.2953 15.5398
19.6629 -14.7156 14.9625
20.1740 -15.2707 15.6187
19.4818 -14.5716 15.4395
19.1186 -14.7815 16.3473
18.1265 -14.8349 16.4605
18.6600 -15.6806 16.4609
19.1530 -16.3280 15.8796
19.7404 -16.3520 15.0707
20.3554 -16.7477 15.7527
19.9273 -16.0352 16.3086
20.5223 -15.4807 16.8905
21.0285 -15.6151 17.7424
20.3428 -14.9289 17.9852
20.8757 -15.2277 18.7769
21.5898 -15.9277 18.7729
21.4324 -16.4818 17.9554
22.2516 -15.9796 17.6784
21.5612 -15.7669 16.9868
20.9368 -16.0097 16.2445
21.5293 -15.4848 15.6334
20.8635 -15.4416 14.8886
20.4276 -15.1360 14.0421
20.8451 -15.9092 14.5193
20.7215 -16.8525 14.8273
21.2014 -17.6080 14.3812
21.1586 -18.1862 15.1961
20.3742 -18.3384 14.5948
20.5657 -18.6263 15.5331
20.7921 -17.6896 15.8004
21.3029 -17.6585 14.9412
21.8536 -17.4123 14.1437
21.3136 -17.2037 14.9591
20.5651 -16.9385 15.5669
19.9481 -17.1732 14.8158
20.6680 -17.8668 14.7892
19.7400 -18.2312 14.7122
19.8244 -19.0281 14.1140
20.4386 -18.3250 13.7556
20.4600 -17.3961 14.1252
21.2607 -17.7936 13.6770
21.3161 -17.1294 12.9315
21.6485 -16.9045 12.0156
20.9848 -16.7569 12.7489
21.6848 -17.2713 13.2442
21.5232 -16.2967 13.3989
21.9702 -17.1005 13.7913
21.4218 -17.9121 13.5897
20.8120 -17.6681 12.8357
19.9488 -18.1511 12.9831
18.9707 -17.9436 12.9971
18.3487 -17.1998 13.2418
17.8201 -16.5612 13.8010
18.4929 -16.2417 14.4684
19.0104 -16.9430 13.9782
18.3642 -17.5597 13.5286
19.1846 -17.0922 13.1994
20.0508 -16.9043 13.6623
20.6555 -16.7522 12.8805
19.9824 -16.0157 12.9479
19.3504 -15.7735 12.2118
19.7843 -16.4210 12.8383
19.1132 -16.7542 13.5006
19.9364 -17.3192 13.5558
20.6682 -17.9851 13.7006
19.7923 -18.1837 13.2609
18.9099 -18.6522 13.3043
19.2641 -17.7171 13.2919
18.6474 -18.2369 13.8831
18.2367 -17.3256 13.9117
17.5687 -16.6149 14.1325
18.1773 -17.4084 14.1288
18.9467 -16.8741 13.7785
18.7907 -17.5906 14.4585
18.2151 -18.3904 14.6292
19.1100 -18.0821 14.3064
19.6259 -18.6791 13.6920
20.5198 -19.1272 13.6969
20.8241 -19.7724 14.3977
21.7826 -20.0043 14.2319
21.9018 -20.7124 14.9278
21.2750 -21.2250 14.3409
22.1650 -21.3617 13.9060
22.6207 -20.7993 13.2160
22.7286 -19.9192 12.7536
21.8910 -20.0643 12.2270
21.3412 -20.7206 12.7438
21.9271 -20.2210 13.3818
22.0763 -19.3069 13.7587
22.7803 -19.8840 14.1725
23.3445 -20.5278 14.6895
24.0025 -21.1938 14.3382
23.1063 -21.3868 13.9387
23.4702 -22.0979 13.3372
22.8623 -22.4086 12.6064
22.5669 -21.5172 12.9501
22.5300 -22.1124 13.7528
23.5137 -21.9504 13.6738
22.5713 -21.6163 13.6586
21.6243 -21.3468 13.4838
21.9838 -21.5501 14.3945
21.8929 -21.5879 13.3994
22.6882 -21.9214 12.8931
22.9874 -22.8627 13.0490
23.8120 -23.2387 12.6263
24.8065 -23.2473 12.7303
23.9961 -23.6360 13.1688
23.2694 -23.3645 13.7997
22.2747 -23.3481 13.9014
21.4300 -23.2504 13.3753
21.3074 -23.6811 12.4812
21.7719 -23.0517 11.8581
21.1413 -23.6940 11.4224
21.6677 -24.4923 11.7150
22.1645 -25.0718 11.0689
21.6337 -24.3764 11.5533
22.0180 -25.2646 11.8052
21.9728 -25.7311 12.6885
21.1731 -25.3605 13.1610
20.4261 -25.2985 13.8228
21.1705 -25.8948 14.1231
20.6356 -25.4650 14.8505
20.2100 -26.1394 14.2472
20.6966 -26.6139 13.5136
20.0211 -26.2698 12.8615
20.6665 -26.9737 12.5650
21.2145 -26.2776 13.0288
21.5960 -26.9930 12.4434
21.9437 -27.3141 13.3243
21.6430 -26.8771 12.4766
21.9527 -27.5935 13.1017
22.4637 -26.9552 13.6775
21.5010 -26.6979 13.5942
21.0070 -27.0986 12.8226
20.4228 -27.1203 12.0113
20.9516 -26.3123 11.7516
21.8088 -26.1973 11.2496
22.4652 -26.8361 11.6508
23.1912 -26.6548 10.9874
23.5726 -27.5672 10.8393
22.5978 -27.7664 10.9390
22.2401 -27.0964 11.5895
22.4509 -27.8333 12.2317
22.3226 -27.1671 12.9663
23.0591 -26.6540 12.5255
23.2472 -25.7927 12.9973
23.3781 -25.1497 12.2428
23.0818 -26.0933 12.0953
22.1360 -25.7814 12.0039
21.4043 -25.1005 12.0339
22.1910 -25.4589 12.5365
22.2988 -25.7715 13.4803
21.7306 -26.5623 13.2527
20.7808 -26.6289 12.9469
21.3539 -27.2895 12.4619
20.8067 -27.6052 13.2371
20.1693 -26.9152 12.8942
20.9222 -27.5730 12.8747
20.7669 -28.0395 13.7455
20.4700 -27.1617 13.3696
20.4409 -27.8387 12.6343
19.6018 -28.0471 13.1368
19.0215 -27.9191 13.9410
18.1397 -28.1790 13.5474
18.3006 -27.5058 14.2692
17.6510 -28.2568 14.1501
18.3650 -28.4426 13.4750
17.6635 -27.9298 12.9801
18.3584 -28.6055 12.7338
18.8685 -27.8766 12.2772
18.0236 -27.5578 12.7066
17.5668 -28.3311 13.1462
17.2123 -27.4171 13.3436
17.7581 -27.9975 12.7391
17.5469 -28.1729 13.7007
17.1209 -27.2712 13.7750
17.8418 -27.5229 14.4207
17.2151 -27.2442 13.6931
17.9405 -27.8913 13.4586
18.5795 -27.9567 12.6921
18.5477 -27.4484 11.8316
18.8840 -27.7508 12.7235
19.2072 -28.0670 11.8316
18.5191 -28.7280 11.5323
18.9914 -29.1775 12.2905
19.8467 -28.7844 12.6281
20.3287 -29.4596 12.0698
19.5159 -29.9704 12.3496
18.7592 -29.4076 12.6825
18.7446 -28.9990 11.7699
19.2897 -29.8299 11.6592
18.7707 -30.4994 11.1277
18.9479 -31.4835 11.1366
19.3859 -32.3810 11.1887
19.6786 -31.7878 10.4388
20.2070 -32.4284 10.9959
20.9127 -33.1360 10.9599
21.2444 -33.4276 11.8571
20.5666 -34.1402 11.6758
19.8390 -33.8066 11.0763
19.1740 -33.5691 10.3682
18.9206 -34.2723 11.0325
18.3575 -33.5647 10.6057
17.4254 -33.5768 10.2437
16.8577 -33.6601 9.4247
16.6896 -32.9065 10.0602
16.6520 -33.7209 10.6393
17.4656 -33.1661 10.4655
17.7561 -34.0721 10.1578
17.5564 -33.3078 10.7709
17.0544 -32.9646 9.9771
18.0504 -32.9877 9.8902
18.7122 -32.3504 10.2850
18.1179 -32.3712 9.4810
18.2271 -32.0630 10.4260
18.7184 -31.5174 11.1049
18.0053 -31.4886 10.4045
18.3767 -32.1992 9.8069
17.9504 -31.3326 9.5475
17.8563 -30.6104 8.8622
17.2875 -30.0296 8.2797
17.7062 -30.9363 8.2283
17.6983 -31.8772 8.5672
18.6368 -32.0358 8.2606
17.9041 -32.2721 7.6224
17.0192 -31.9806 7.2591
17.3651 -32.0453 6.3230
16.4643 -31.6517 6.5066
16.7735 -30.7020 6.5560
16.4459 -31.6292 6.3745
15.7923 -32.3005 6.7239
15.1423 -31.8598 7.3429
15.7061 -32.6822 7.4188
16.0452 -32.4824 6.4995
15.4609 -33.1994 6.1192
15.6325 -34.1312 6.4389
15.8118 -34.0058 5.4632
15.8967 -33.6788 6.4044
14.9090 -33.7687 6.5324
15.7126 -33.2134 6.7464
16.1971 -32.8561 7.5449
16.8362 -32.0925 7.6373
16.4711 -31.4510 8.3119
16.6598 -32.0765 7.5548
15.8423 -32.6321 7.4030
15.7794 -33.6134 7.2214
15.7915 -33.6905 8.2183
16.4784 -34.4139 8.1490
15.9929 -34.4647 7.2763
16.5490 -35.1218 6.7675
16.2942 -35.7622 7.4920
16.3569 -35.7116 6.4953
15.8382 -34.8639 6.6055
15.3578 -35.7328 6.7246
16.3481 -35.6367 6.8249
15.5797 -36.1780 6.4835
15.9920 -37.0775 6.6281
16.6264 -37.7037 7.0814
17.5406 -37.6331 7.4805
18.1532 -38.2801 7.9345
17.2842 -38.3965 8.4155


0.0 0.0 0.0
-0.6529 -0.7246 0.2204
-0.1463 0.1212 0.0534
-0.9168 -0.1686 0.6213
-1.5787 -0.8431 0.2943
-1.3803 -1.4755 1.0432
-1.1208 -2.1896 1.6933
-0.5702 -2.9926 1.9215
-1.2757 -3.6762 2.1083
-1.5819 -3.7084 3.0597
-0.8170 -3.6204 2.4217
-0.2774 -3.5377 3.2595
-1.0367 -2.9432 2.9950
-0.8548 -3.5724 3.7506
-1.5400 -3.8747 3.0879
-0.6352 -4.1191 3.4365
-1.4049 -3.6310 3.0252
-1.0393 -3.9114 3.9127
-0.4795 -3.7575 3.0986
-1.1728 -3.5872 2.3983
-0.8759 -4.0818 3.2152
-1.4323 -3.6216 2.5233
-2.2186 -4.2392 2.5386
-2.3945 -5.1504 2.9111
-2.9450 -5.3583 3.7196
-3.4631 -4.9247 2.9822
-4.2564 -4.9903 2.3769
-3.4213 -4.7270 1.8938
-2.5063 -4.3914 1.6700
-3.1178 -4.7041 0.9432
-2.4327 -3.9818 0.8488
-3.3447 -4.0235 1.2567
-3.5282 -3.1343 0.8378
-3.9123 -3.7348 1.5391
-4.6125 -4.4443 1.4596
-3.9319 -4.4794 0.7278
-3.5098 -5.1250 0.0914
-2.6436 -5.4290 0.4881
-3.2224 -5.5774 -0.3138
-3.3450 -6.3091 -0.9843
-3.3978 -7.2710 -1.2527
-3.9142 -7.7368 -1.9713
-3.3875 -7.1683 -2.6033
-4.0353 -7.9015 -2.8100
-3.3159 -7.6194 -2.1752
-3.0291 -8.0660 -3.0227
-3.8117 -8.5315 -2.6093
-3.9464 -9.1395 -3.3918
-4.7382 -9.3536 -2.8197
-4.6926 -9.7134 -1.8877
-5.4840 -9.9414 -2.4549
-4.7476 -10.6096 -2.3492
-5.0076 -9.8426 -1.7626
-4.3524 -9.5847 -2.4727
-3.6783 -10.2606 -2.1749
-3.8422 -11.2394 -2.2982
-4.3478 -12.0801 -2.4920
-4.8391 -11.5529 -1.7985
-5.6749 -11.0275 -1.6394
-5.1934 -10.4098 -1.0175
-4.3157 -10.1083 -0.6451
-4.9867 -10.3221 0.0649
-5.8679 -10.1510 0.5055
-5.1868 -10.3730 1.2032
-5.9952 -10.4415 0.6186
-5.1322 -10.9381 0.5260
-4.2274 -11.3637 0.5393
-4.2787 -10.4613 0.1115
-4.0672 -11.0297 -0.6836
-4.6254 -11.8083 -0.3968
-3.7806 -12.3279 -0.5245
-3.5327 -13.1325 0.0151
-2.8168 -12.4593 -0.1697
-2.1993 -12.1610 0.5581
-1.6556 -12.8441 0.0704
-2.0100 -12.7291 0.9984
-1.5566 -13.3331 0.3430
-2.4500 -13.0859 0.7182
-2.7765 -12.3254 0.1570
-2.8567 -12.4076 -0.8364
-3.3620 -13.0151 -1.4493
-2.9167 -12.3388 -0.8625
-3.6489 -12.7196 -0.2978
-4.3025 -13.0680 0.3740
-3.6994 -12.4907 0.9245
-3.2280 -12.3744 0.0503
-3.9161 -12.9575 0.4821
-3.6268 -13.9106 0.5711
-3.6434 -13.5960 1.5201
-3.2178 -12.8999 0.9419
-2.7359 -13.7631 0.7915
-1.7990 -13.6930 1.1341
-1.2363 -13.0102 1.6000
-1.8741 -13.7595 1.7783
-2.5059 -14.5340 1.8096
-1.8200 -15.1945 1.5045
-1.1198 -14.7510 2.0640
-0.4893 -14.2926 1.4377
0.3133 -14.4440 2.0148
-0.2941 -14.9668 2.6129
-0.0271 -14.4294 1.8129
-0.5764 -14.3020 0.9871
0.3160 -14.7489 1.0489
0.5320 -14.3910 0.1405
1.2226 -14.0615 -0.5033
0.3831 -13.5531 -0.3114
-0.1136 -13.1876 -1.0986
0.7796 -12.7968 -1.3210
-0.0840 -12.3587 -1.5704
0.3463 -12.1897 -0.6837
0.9973 -12.6101 -0.0517
1.2682 -12.9624 -0.9475
1.6949 -13.6364 -1.5505
0.9267 -13.1004 -1.2006
1.6165 -13.2739 -0.4978
1.1889 -13.2698 -1.4017
1.8109 -12.8484 -0.7418
2.1589 -12.0486 -0.2527
2.1416 -11.3692 -0.9863
2.4171 -10.8550 -1.7986
2.8873 -10.7407 -0.9235
2.1893 -11.0077 -1.5878
2.8406 -10.2638 -1.4380
2.1399 -9.8784 -2.0384
2.6129 -10.4264 -2.7283
2.8994 -11.1197 -3.3895
2.1764 -10.4559 -3.1983
1.4861 -11.1199 -3.4858
2.2164 -10.8939 -2.8411
2.8178 -11.1181 -2.0742
3.5574 -10.5983 -2.5019
2.6178 -10.2752 -2.6146
3.4529 -10.8251 -2.6299
2.6973 -11.3735 -2.2717
2.6495 -12.3714 -2.2277
2.1543 -13.1618 -1.8671
2.4826 -12.3007 -2.2553
2.5978 -13.1786 -2.7200
3.2570 -13.8785 -2.9951
2.5079 -13.3496 -3.3941
1.9232 -13.9256 -3.9652
0.9863 -13.8496 -3.6239
0.9768 -14.5045 -4.3795
0.4749 -13.8669 -4.9639
0.3569 -14.3562 -4.0999
-0.4137 -13.9241 -4.5683
-0.8097 -13.1833 -5.1109
-0.8148 -12.3060 -4.6309
-0.0886 -12.4026 -3.9503
0.0058 -13.3978 -3.9766
-0.5222 -12.7654 -3.4098
-1.3551 -13.2232 -3.0987
-0.9419 -12.3193 -3.2094
-1.2216 -12.0706 -4.1368
-2.0241 -12.6442 -3.9723
-2.6021 -12.1538 -4.6245
-2.4977 -12.6528 -5.4848
-2.1278 -12.2669 -4.6396
-1.9431 -11.9368 -5.5653
-2.6663 -12.0648 -4.8867
-2.0964 -12.7069 -5.3994
-1.7594 -12.2947 -6.2459
-2.3422 -11.4941 -6.1066
-1.9173 -11.3740 -5.2093
-1.4818 -12.0672 -4.6350
-2.0532 -12.7997 -4.2651
-1.5964 -12.0281 -3.8222
-2.1720 -11.2292 -3.9967
-2.3081 -10.6428 -3.1983
-2.1195 -11.4788 -2.6829
-2.3612 -10.6618 -3.2066
-1.5169 -10.9980 -2.7892
-1.7301 -10.7783 -3.7412
-1.4682 -11.5004 -4.3815
-1.8451 -11.1961 -3.5067
-1.2770 -11.9781 -3.7629
-1.3527 -12.7854 -3.1776
-1.5723 -12.8544 -2.2044
-1.1610 -12.1383 -1.6406
-0.6962 -11.8577 -0.8008
-1.4260 -11.2403 -1.0945
-1.7415 -11.8398 -1.8301
-0.9406 -11.5857 -2.3724
-0.0238 -11.3275 -2.6769
-0.0011 -11.7046 -1.7510
0.9721 -11.5706 -1.5639
0.3610 -11.4676 -0.7791
1.1568 -11.5156 -1.3827
1.5018 -11.9900 -2.1926
1.4005 -11.3543 -1.4273
1.9993 -11.9399 -1.9736
1.3655 -11.8483 -1.2056
0.7189 -11.1930 -1.5960
0.0551 -11.9324 -1.7089
0.6543 -12.6345 -1.3242
0.2546 -12.9006 -0.4471
-0.2859 -12.1294 -0.7834
-0.8499 -12.5390 -0.0664
-1.5160 -12.5238 -0.8120
-2.2232 -12.1245 -1.3955
-1.2811 -12.3233 -1.6656
-1.3360 -12.7158 -0.7475
-1.2796 -13.6964 -0.9355
-1.9179 -13.8402 -1.6917
-1.0985 -13.9087 -1.1227
-1.7386 -14.3807 -1.7289
-2.0202 -15.3282 -1.8804
-2.7013 -14.7115 -2.2750
-2.9215 -14.6488 -3.2485
-3.7149 -15.2575 -3.2563
-4.3738 -14.5065 -3.2130
-3.8405 -13.9590 -3.8578
-3.7392 -14.6498 -3.1420
-3.8515 -13.6591 -3.2184
-3.1314 -13.3498 -2.5972
-3.1372 -12.3896 -2.8762
-3.3802 -11.7710 -2.1290
-3.7670 -11.5483 -3.0239
-4.1260 -12.2746 -2.4377
-4.9289 -12.8108 -2.1772
-5.6857 -12.2624 -1.8216
-6.2263 -12.7036 -1.1053
-5.6335 -12.2614 -1.7783
-5.8924 -12.5138 -2.7106
-6.7225 -12.8835 -3.1282
-6.9773 -13.8271 -2.9168
-7.1455 -14.7773 -2.6545
-7.9152 -14.5135 -2.0732
-8.3331 -15.3023 -2.5238
-7.9165 -15.9512 -1.8871
-8.6217 -15.8107 -1.1921
-8.4158 -15.2643 -2.0040
-8.0672 -14.5606 -1.3848
-7.6394 -14.9909 -2.1797
-7.4023 -14.0388 -1.9865
-7.5024 -15.0198 -2.1529
-8.2032 -14.8606 -2.8483
-9.0173 -14.9394 -2.2729
-9.5289 -14.3689 -1.6304
-9.3896 -15.1977 -2.1723
-9.4913 -14.5935 -2.9626
-10.2777 -14.3848 -3.5441
-10.7023 -15.2308 -3.2217
-9.9932 -15.8530 -2.8899
-9.2926 -16.5339 -3.1036
-9.8761 -16.2077 -2.3599
-10.4471 -16.9814 -2.6344
-10.2424 -16.3666 -1.8728
-9.7436 -15.6832 -1.3397
-9.5047 -14.8629 -0.8201
-10.0963 -15.3752 -0.1974
-9.4804 -15.6913 0.5242
-8.6915 -15.5753 1.1277
-9.0382 -14.8299 0.5583
-9.4895 -14.4772 -0.2614
-9.2731 -15.4531 -0.2901
-9.7485 -16.1624 -0.8105
-9.0840 -16.2102 -0.0648
-8.9487 -16.2210 0.9259
-9.7842 -16.7311 1.1303
-10.6652 -16.2584 1.1148
-9.8074 -16.5830 0.7165
-9.2811 -16.5442 1.5660
-8.9409 -17.1917 0.8842
-9.2736 -16.5786 1.6006
-8.6649 -17.1696 1.0713
-8.0423 -17.1943 1.8534
-7.5468 -17.6298 1.1019
-8.0700 -18.2783 0.5490
-8.7821 -17.8542 -0.0105
-7.8457 -18.1306 0.2057
-8.0165 -18.6269 -0.6454
-7.4338 -19.2293 -1.1909
-6.9120 -18.3923 -1.3554
-6.1542 -19.0261 -1.2002
-5.3834 -18.5883 -0.7374
-4.8358 -19.4157 -0.8628
-4.0927 -19.2464 -1.5103
-4.8373 -19.3857 -0.8574
-4.3516 -18.7594 -1.4672
-4.1800 -17.9615 -2.0451
-3.5235 -17.3638 -1.5850
-2.9426 -16.9499 -0.8840
-3.6812 -17.3947 -1.3907
-3.0123 -17.7083 -0.7167
-3.3166 -18.3110 0.0210
-4.1032 -18.5815 0.5761
-5.0298 -18.2425 0.7391
-5.8035 -18.2245 1.3723
-5.2274 -17.7395 0.7144
-5.4124 -17.2642 1.5746
-5.6401 -17.9793 0.9137
-5.6108 -17.0710 0.4964
-6.1572 -17.7945 0.0745
-6.6828 -17.2687 -0.5943
-7.5623 -17.6040 -0.9322
-7.5582 -16.7424 -1.4399
-7.5593 -17.5969 -1.9595
-8.4209 -17.3417 -1.5208
-8.1934 -16.4690 -1.0888
-8.6998 -15.6423 -1.3340
-8.0200 -15.3040 -0.6833
-8.7486 -15.8811 -0.3143
-8.1877 -15.0745 -0.5007
-7.9232 -15.9785 -0.8364
-8.6247 -15.3647 -1.1984
-9.1339 -16.0812 -1.6753
-9.6507 -15.2747 -1.9625
-10.3078 -15.7094 -1.3467
-9.6863 -16.3489 -0.8942
-9.7646 -15.6153 -1.5692
-10.6849 -15.9679 -1.3998
-11.4390 -16.5989 -1.5816
-11.0772 -17.4158 -1.1325
-10.2750 -16.8197 -1.0987
-11.0430 -16.1836 -1.1733
-11.3691 -16.3000 -0.2351
-10.7229 -15.5693 -0.4554
-9.8978 -15.0563 -0.6921
-9.2429 -14.3527 -0.9679
-8.3680 -14.4975 -1.4300
-8.6256 -14.0506 -0.5733
-8.1395 -13.1793 -0.5064
-8.4520 -13.9536 0.0439
-8.2051 -14.5212 0.8293
-8.6973 -14.2561 0.0002
-8.7659 -13.4372 -0.5697
-8.0616 -14.0593 -0.2277
-8.3967 -13.1923 0.1410
-9.2300 -12.8321 0.5604
-8.4562 -12.6191 1.1570
-8.5707 -11.7290 0.7157
-8.1563 -11.1502 1.4179
-8.8911 -11.3743 0.7778
-9.2174 -12.2910 1.0085
-8.8231 -12.2827 0.0895
-9.7215 -12.1477 -0.3283
-10.4769 -11.7525 0.1944
-10.0030 -11.9587 1.0505
-10.6519 -11.2975 1.4269
-11.1231 -11.9228 2.0489
-11.8315 -12.2776 1.4388
-12.6877 -11.7642 1.3810
-12.0188 -12.4334 1.7047
-12.9388 -12.1174 1.9363
-13.0115 -12.9516 1.3898
-12.4366 -13.7642 1.2943
-11.6255 -13.5645 0.7445
-12.3727 -12.9013 0.7869
-12.4366 -12.6661 -0.1829
-13.0649 -11.9987 0.2170
-12.6551 -11.6690 -0.6335
-12.6662 -10.6738 -0.7308
-11.8957 -11.0998 -1.2049
-12.0487 -11.9533 -0.7066
-12.0592 -11.2928 -1.4574
-12.1681 -12.2858 -1.5033
-12.5533 -11.4057 -1.7807
-12.9835 -10.5383 -1.5304
-13.6002 -9.8849 -1.9694
-12.9422 -10.4618 -1.4855
-12.3607 -9.6522 -1.4054
-12.1947 -8.7418 -1.7844
-11.5037 -8.0571 -2.0160
-10.7453 -8.6328 -2.3218
-9.9713 -9.1579 -1.9680
-9.5413 -10.0309 -1.7379
-10.4699 -9.8610 -2.0677
-11.0810 -10.6520 -2.0960
-11.7255 -9.9098 -2.2796
-10.9910 -10.3579 -2.7893
-11.3739 -11.1526 -2.3182
-10.7017 -11.7803 -1.9256
-9.9556 -12.4250 -2.0920
-10.0030 -12.8331 -3.0037
-9.0597 -12.9896 -2.7110
-8.9889 -12.4077 -1.9009
-8.9783 -13.3438 -1.5493
-9.2034 -13.8069 -0.6920
-8.4242 -13.5638 -0.1144
-9.0382 -12.9703 -0.6348
-9.4484 -12.7506 -1.5199
-10.0065 -13.3156 -2.1274
-10.1740 -13.0130 -3.0657
-10.5122 -12.4765 -2.2926
-10.7477 -11.5338 -2.0560
-10.7206 -12.4715 -2.4025
-10.2635 -12.6695 -3.2696
-9.8065 -12.2038 -2.5118
-8.9623 -11.8336 -2.1241
-8.5209 -12.3969 -2.8225
-8.9759 -13.2210 -3.1598
-8.4051 -13.1793 -2.3397
-7.9855 -12.8377 -1.4988
-8.5040 -13.5380 -1.0082
-8.8687 -14.4642 -0.9131
-9.7681 -14.1187 -0.6455
-9.4292 -14.6106 0.1565
-9.0609 -14.2101 0.9955
-9.0109 -13.2770 1.3518
-9.0044 -14.0104 0.6720
-9.4056 -13.3342 1.2898
-10.0457 -14.0981 1.2080
-10.7652 -14.7114 0.8821
-10.1590 -15.3910 1.2952
-10.3364 -14.5481 0.7872
-10.1173 -13.9960 -0.0172
-9.3104 -14.5817 0.0590
-8.9686 -13.6679 0.2784
-9.6655 -13.5095 -0.4211
-10.6135 -13.8263 -0.4536
-10.8160 -14.0485 0.5002
-10.5521 -14.7686 -0.1415
-10.1276 -14.0876 -0.7381
-10.5837 -13.5192 -0.0533
-10.4366 -14.3916 -0.5195
-9.6205 -13.9123 -0.1967
-8.7500 -13.5479 0.1342
-8.8519 -12.6535 0.5697
-9.2261 -11.8303 0.9966
-10.0944 -12.1696 0.6346
-9.1808 -12.4044 0.9666
-8.4055 -12.8051 0.4785
-9.2313 -12.6040 1.0054
-8.5550 -13.2573 0.6649
-8.0571 -12.7702 1.3824
-8.0265 -13.5944 1.9478
-7.7701 -12.6305 2.0189
-8.1408 -12.5256 2.9416
-7.6733 -11.7083 3.2784
-6.8662 -12.2980 3.2488
-6.1722 -12.5455 2.5728
-5.5307 -12.5654 3.3396
-5.0237 -11.8801 2.8168
-4.4836 -12.2097 2.0425
-5.2581 -11.6835 1.6915
-5.5106 -12.2113 2.5025
-5.0217 -12.3619 3.3618
-5.1876 -11.7080 4.0999
-5.8705 -11.0463 4.4094
-5.7437 -10.3731 5.1380
-5.4468 -11.2229 5.5735
-5.8940 -10.7067 6.3040
-5.4737 -9.8007 6.3543
-6.3086 -10.1323 5.9150
-5.4817 -10.5474 6.2944
-6.3244 -10.0517 6.5044
-6.4927 -9.2050 7.0091
-7.1702 -9.5025 7.6817
-6.9655 -9.1437 8.5924
-7.5265 -9.8224 9.0666
-7.6167 -10.6244 9.6569
-8.1570 -11.0793 10.3649
-7.6501 -11.6236 11.0333
-8.1196 -10.8068 10.6979
-7.5940 -10.3598 11.4217
-8.0440 -9.6377 10.8963
-8.9151 -9.6596 11.3868
-8.7522 -10.3942 10.7282
-9.1266 -10.9490 9.9852
-9.7224 -10.5358 10.6739
-10.5497 -10.6157 11.2299
-10.2445 -11.5667 11.1795
-9.4672 -12.1818 11.0475
-8.9205 -11.3486 10.9651
-9.2147 -12.2917 10.8100
-9.6981 -13.0013 10.2974
-10.4499 -13.1523 9.6555
-11.3023 -13.2886 9.1508
-11.1123 -12.5916 9.8422
-10.7908 -12.1175 10.6619
-10.2414 -11.6040 11.3210
-9.7121 -11.0099 11.9267
-9.3242 -11.9257 11.8227
-9.3035 -12.9216 11.7342
-8.3758 -13.1279 12.0452
-7.4334 -13.0903 11.7127
-7.2074 -14.0586 11.8197
-6.5642 -14.7149 12.2140
-5.8569 -14.0175 12.3289
-6.3121 -14.3055 11.4864
-6.9988 -13.9234 12.1049
-7.6571 -14.3029 11.4548
-6.7954 -14.7673 11.2501
-7.5528 -14.3976 10.7119
-8.1299 -14.9187 10.0831
-8.7063 -14.2303 9.6427
-8.0731 -14.5646 8.9447
-8.7749 -13.9834 8.5328
-9.3879 -14.3734 9.2200
-10.1138 -14.8293 9.7350
-10.2702 -15.7144 9.2967
-10.4820 -15.9817 10.2367
-10.7524 -16.8235 10.7039
-9.9244 -17.1357 11.1695
-9.0298 -17.5231 11.3923
-9.5617 -16.7577 11.0300
-10.3060 -16.6084 11.6809
-10.7844 -17.1237 12.3919
-11.1780 -17.6845 11.6634
-10.3525 -18.0203 12.1172
-10.6026 -17.2396 12.6899
-10.3905 -17.8920 13.4176
-10.7546 -17.2219 14.0645
-11.5931 -16.7880 13.7349
-12.4092 -16.4535 13.2636
-11.8059 -15.6948 13.0175
-11.2346 -15.5022 13.8153
-10.8298 -16.2055 13.2308
-10.7482 -17.1681 12.9727
-9.9677 -17.3423 13.5731
-9.6663 -16.9205 12.7179
-9.2209 -16.6035 11.8806
-10.0786 -16.2360 11.5210
-9.5562 -15.4442 11.2043
-10.0486 -14.6718 10.8031
-10.6038 -14.6267 9.9727
-10.9214 -15.4913 10.3619
-11.3296 -16.1966 9.7822
-12.0118 -16.2971 9.0580
-11.9027 -15.3179 9.2287
-12.3577 -14.6326 8.6600
-13.1608 -15.0278 9.1059
-14.0531 -15.0028 9.5566
-14.0615 -15.6067 8.7596
-14.4200 -15.9057 7.8752
-13.7330 -16.2701 7.2466
-14.5894 -16.7764 7.3476
-14.6627 -17.2520 8.2242
-14.2239 -17.8725 8.8741
-13.5997 -18.6184 8.6416
-13.5180 -18.1648 9.5291
-13.6555 -17.7210 10.4145
-13.0297 -17.2723 9.7765
-13.1793 -17.9318 9.0397
-13.3529 -17.5279 8.1416
-13.1002 -16.8189 7.4832
-13.3976 -17.1940 8.3611
-13.5907 -18.0969 7.9769
-14.3238 -18.3568 8.6054
-14.3828 -19.3530 8.5417
-14.2336 -18.9481 7.6396
-14.6594 -19.8362 7.8131
-13.9906 -20.5658 7.9559
-13.4191 -21.0917 8.5858
-14.0071 -20.5666 7.9707
-13.5986 -21.2420 7.3567
-14.0889 -21.7896 8.0348
-14.8172 -21.5025 8.6571
-14.6540 -20.9265 9.4580
-14.0551 -21.5787 9.9228
-14.7342 -22.2207 10.2785
-14.1780 -22.3778 9.4624
-14.7573 -22.7656 10.1794
-15.5908 -23.0760 10.6366
-16.4795 -23.3173 11.0263
-17.3990 -23.7103 11.0350
-18.1128 -24.2913 10.6439
-18.7232 -23.5890 11.0100
-18.6620 -22.6632 11.3832
-17.6818 -22.8370 11.2881
-17.0353 -23.3166 10.6947
-16.8384 -22.8328 11.5475
-16.6606 -23.7269 11.9585
-17.5946 -23.7025 11.6020
-18.1506 -24.4324 11.9997
-18.6693 -25.1310 12.4925
-17.9954 -25.0343 13.2249
-18.4328 -25.7136 12.6357
-19.0053 -26.4094 12.2020
-19.4130 -27.0948 12.8053
-19.8064 -26.4759 12.1255
-20.7014 -26.9034 11.9978
-20.8727 -26.5160 12.9036
-21.2880 -27.0680 12.1806
-21.8090 -26.3406 11.7340
-21.5499 -27.1629 11.2274
-21.9876 -27.9026 10.7162
-21.6180 -28.4037 11.4987
-21.6831 -27.5391 11.9970
-21.3253 -26.8601 11.3559
-22.2898 -27.0032 11.5779
-23.1718 -27.3757 11.8666
-24.0622 -26.9911 12.1100
-24.5935 -26.3407 12.6528
-24.7759 -26.7942 13.5252
-25.4811 -26.8670 12.8199
-24.8861 -26.3055 13.3950
-24.2305 -25.6367 13.7456
-23.8050 -25.2923 12.9088
-24.1058 -26.0131 12.2842
-24.1867 -26.6479 11.5159
-25.0264 -26.9270 11.9817
-25.9904 -26.8587 11.7247
-25.2102 -27.4085 11.4264
-25.0614 -27.2324 10.4534
-24.5525 -26.3716 10.4419
-24.9059 -26.9746 9.7268
-25.3165 -26.3979 9.0205
-25.0903 -26.8791 8.1736
-25.3776 -25.9262 8.0757
-24.8176 -25.5987 7.3147
-24.4998 -24.6575 7.1996
-25.0195 -23.9244 7.6384
-24.3230 -23.8420 6.9257
-24.0133 -23.1878 6.2357
-23.9474 -22.1969 6.1189
-23.8352 -22.4395 5.1552
-24.2415 -23.1326 5.7506
-23.9464 -23.9454 6.2530
-24.4827 -24.7894 6.2494
-25.0481 -25.2930 6.9027
-25.6648 -24.5405 7.1336
-25.4234 -24.5143 6.1635
-26.0876 -24.1673 6.8256
-25.3273 -23.5918 6.5245
-25.6252 -24.4952 6.2160
-24.8931 -23.8149 6.1789
-25.4815 -24.3983 6.7389
-26.1237 -23.6410 6.8575
-26.8179 -23.8728 7.5390
-27.3903 -23.4724 8.2546
-26.8092 -22.8640 7.7140
-27.5185 -23.3636 7.2167
-28.1818 -23.1490 6.4998
-27.9683 -23.5215 7.4029
-27.1386 -23.4277 6.8526
-26.9213 -24.1003 7.5599
-27.1784 -24.5182 8.4313
-27.7991 -23.8845 8.8930
-27.1575 -24.3817 8.3089
-26.6687 -23.8315 8.9860
-25.7316 -23.5482 8.7821
-26.6777 -23.4533 8.4724
-26.0843 -22.6767 8.6840
-25.2406 -22.1697 8.8602
-24.8803 -21.5184 9.5281
-24.8483 -20.9524 10.3519
-25.8202 -21.1570 10.2362
-24.8883 -21.1986 9.8759
-24.4996 -20.7021 9.0997
-25.2865 -20.1684 8.7898
-26.1393 -20.2334 9.3079
-26.9146 -19.6730 9.5992
-27.4948 -18.9230 9.2817
-27.0048 -19.7911 9.2026
-27.4388 -19.1077 8.6156
-27.6440 -18.2243 8.1942
-28.4472 -18.5626 8.6845
-29.1978 -19.0493 8.2376
-28.5946 -18.2650 8.3827
-29.1499 -17.7332 7.7433
-29.5658 -16.9048 8.1186
-30.5280 -17.0717 7.9031
-31.1251 -16.5150 7.3256
-30.2461 -16.8960 7.0389
-30.0239 -16.0319 7.4904
-30.9065 -15.8913 7.9390
-31.0948 -16.7605 7.4817
-30.3653 -17.1749 8.0259
-30.9281 -17.9363 8.3476
-31.6481 -18.1025 7.6738
-31.8819 -18.9245 8.1931
-31.8754 -19.8717 7.8723
-32.0026 -20.5560 8.5903
-31.7542 -21.5061 8.4015
-31.1061 -21.1353 9.0668
-31.7175 -21.9229 8.9891
-32.5280 -21.3508 8.8631
-32.3818 -20.7385 9.6401
-33.0697 -20.0403 9.8387
-33.2246 -19.4321 9.0602
-33.7882 -19.1795 8.2737
-34.6762 -19.4070 7.8741
-34.0695 -18.7574 8.3323
-34.6258 -18.2247 7.6945
-35.0490 -18.7412 8.4389
-34.2567 -18.5304 9.0116
-34.9578 -18.4463 8.3035
-35.7384 -18.0232 7.8435
-36.4677 -17.3929 8.1097
-37.2135 -17.1524 7.4885
-37.2734 -16.4315 6.7981
-37.4126 -17.3216 7.2320
-37.3251 -17.6388 8.1763
-37.0706 -16.9845 7.4642
-37.4054 -16.0422 7.4593
-37.7611 -16.8359 6.9657
-38.6385 -16.6305 7.3993
-39.5355 -16.3482 7.7392
-38.9108 -17.1282 7.7741
-38.1562 -16.4725 7.7989
-38.1341 -16.8943 6.8924
-37.9405 -17.5675 7.6061
-37.1364 -17.3390 7.0571
-37.8487 -16.7578 7.4506
-37.5582 -17.3865 6.7293
-36.9375 -16.8696 6.1399
-37.0456 -16.1029 5.5070
-37.4814 -15.3595 4.9997
-36.7253 -15.8570 4.5746
-36.6131 -16.3596 3.7174
-36.1406 -16.9216 3.0386
-36.7335 -16.2694 2.5663
-36.6005 -16.3382 1.5776
-36.9459 -15.4845 1.1879
-36.7020 -15.7817 2.1111
-37.3593 -16.1597 2.7631
-36.5394 -16.3877 3.2882
-35.9746 -15.9289 3.9742
-35.1938 -15.8469 3.3548
-34.6341 -15.1567 3.8134
-35.2750 -15.8302 4.1815
-35.0727 -16.7620 3.8802
-35.6403 -16.5391 4.6727
-36.3331 -17.1351 5.0786
-36.6669 -16.2600 4.7283
-36.6558 -15.2859 4.5026
-37.1561 -15.9959 4.9982
-36.7954 -15.1854 4.5367
-36.8923 -14.5314 5.2869
-37.6571 -14.8381 4.7203
-38.3572 -14.1240 4.7129
-38.7961 -13.9460 3.8321
-39.7197 -14.3152 3.7288
-40.2857 -13.8450 4.4060
-41.0817 -14.2408 4.8638
-41.4299 -13.6512 4.1350
-41.0864 -14.1850 3.3622
-40.2881 -13.8304 2.8754
-39.9721 -13.6959 1.9362
-40.0603 -14.6562 2.2010
-40.7560 -15.3289 1.9493
-40.4549 -14.4851 2.3935
-39.6548 -14.6980 1.8326
-40.2305 -13.9138 1.6015
-39.3886 -13.6028 1.1605
-40.0878 -13.2324 1.7719
-40.9393 -12.7588 1.5466
-40.2816 -12.8513 2.2942
-39.5857 -12.9633 1.5849
-40.3213 -12.9775 2.2621
-40.7977 -12.3195 1.6789
-40.0117 -12.4833 1.0828
-40.5481 -12.1728 0.2981
-40.6486 -13.1677 0.3030
-40.5396 -13.9768 0.8805
-40.5284 -13.5257 1.7729
-39.9371 -14.2104 1.3468
-40.1534 -14.9089 2.0290
-40.7582 -15.2995 1.3350
-41.6391 -15.4606 1.7801
-40.9019 -15.7546 2.3884
-41.8642 -15.9463 2.5813
-41.8035 -15.7101 1.6115
-41.3911 -15.1995 0.8571
-40.4524 -15.1655 1.2000
-39.8080 -14.7836 0.5375
-39.4235 -15.2597 -0.2534
-39.3407 -14.3474 -0.6544
-38.7344 -13.9652 0.0430
-39.0077 -13.9489 -0.9188
-38.5286 -13.3069 -0.3203
-38.4015 -12.7710 -1.1550
-37.8624 -11.9608 -0.9251
-38.2289 -11.0463 -0.7533
-38.9493 -10.7265 -0.1379
-39.1377 -9.8947 0.3842
-39.7566 -10.6430 0.1454
-40.4076 -10.2570 -0.5083
-40.9194 -10.8040 0.1541
-40.2715 -10.1028 0.4515
-39.6790 -9.8409 -0.3102
-39.1634 -9.5650 0.5009
-39.0712 -8.6368 0.8616
-39.2462 -7.9273 1.5443
-38.7161 -7.1260 1.8215
-38.1562 -6.5683 1.2087
-37.4401 -7.2412 1.3942
-37.2405 -6.3103 1.0881
-38.0681 -6.8172 0.8467
-38.3616 -6.0235 1.3795
-39.0288 -5.4711 0.8798
-39.0261 -4.6735 1.4829
-39.8058 -5.0729 1.9652
-40.2906 -4.5706 1.2492
-39.4360 -4.5562 0.7302
-39.3612 -5.1622 -0.0618
-39.3722 -5.2159 -1.0603
-40.1144 -4.5468 -1.0227
-40.5404 -4.9545 -1.8303
-41.3833 -4.4171 -1.8578
-41.0305 -5.2279 -2.3250
-40.4354 -5.5902 -1.6076
-39.5787 -6.0385 -1.8625
-40.2942 -6.4914 -2.3945
-39.9021 -7.4067 -2.3026
-40.6727 -6.8224 -2.0484
-40.1626 -7.5558 -2.4976
-39.3448 -7.2024 -2.0434
-39.9788 -7.8434 -1.6108
-40.0881 -8.6424 -2.2019
-40.7497 -8.9731 -2.8750
-41.0583 -8.2764 -3.5225
-41.8895 -7.8290 -3.8526
-42.4468 -7.2159 -4.4125
-41.6051 -7.6871 -4.1488
-42.0528 -8.5803 -4.1073
-41.8930 -9.5648 -4.0356
-42.3809 -8.9574 -3.4088
-42.4216 -8.7907 -2.4236
-42.2501 -8.8628 -1.4410
-42.1667 -9.8450 -1.2726
-41.4779 -9.2246 -1.6475
-41.8898 -8.5550 -2.2655
-42.7701 -8.9174 -1.9593
-42.7357 -9.9166 -1.9406
-43.5609 -10.4474 -2.1338
-43.7473 -9.7929 -2.8665
-44.1483 -10.3051 -3.6260
-43.2312 -10.1931 -4.0085
-42.2928 -10.4264 -4.2633
-42.9185 -10.2893 -3.4954
-43.7311 -9.8595 -3.1019
-43.6131 -10.2769 -4.0029
-42.7838 -9.7515 -4.1933
-42.6762 -8.8167 -4.5316
-42.1588 -9.4233 -5.1353
-42.2036 -8.4364 -5.2903
-42.6046 -7.7814 -5.9307
-42.9943 -8.4005 -6.6125
-43.7615 -8.9402 -6.9591
-42.8997 -8.6104 -6.5738
-42.5984 -7.9689 -7.2792
-42.3831 -8.5526 -6.4963
-42.9624 -8.5883 -5.6819
-43.3063 -9.4093 -6.1377
-42.5911 -9.5564 -5.4545
-43.5230 -9.5660 -5.8170
-43.8841 -8.6496 -5.9900
-43.8463 -9.6480 -5.9480
-44.0122 -8.7466 -6.3480
-44.3101 -9.5995 -6.7767
-43.5143 -9.3512 -6.2244
-43.8764 -10.0919 -5.6585
-44.7130 -9.6584 -5.9932
-45.3871 -10.1751 -5.4654
-46.0274 -10.8236 -5.8771
-46.7076 -11.4835 -6.1963
-46.0917 -12.2074 -6.5070
-46.1175 -11.4499 -5.8547
-46.6643 -10.9583 -5.1770
-47.3912 -11.4325 -4.6802
-47.7487 -10.6065 -4.2444
-47.5028 -9.6450 -4.3667
-48.0948 -9.0621 -3.8101
-47.7573 -8.3646 -4.4422
-47.9727 -9.2625 -4.8261
-47.2499 -9.9533 -4.8464
-46.3160 -10.2331 -5.0689
-46.2348 -9.3315 -4.6441
-46.9552 -9.4934 -5.3186
-46.3253 -10.0483 -5.8620
-45.7140 -9.5636 -6.4877
-45.0136 -10.2623 -6.6338
-44.9606 -10.9690 -5.9283
-45.0050 -10.1178 -5.4054
-44.4124 -9.5093 -4.8776
-44.8579 -8.8225 -4.3033
-45.6518 -8.3248 -4.6526
-46.2960 -7.9182 -4.0048
-46.8194 -8.1272 -3.1788
-47.5275 -7.5888 -2.7220
-48.1310 -6.8114 -2.8995
-48.9096 -6.6536 -3.5068
-48.4174 -5.9740 -2.9627
-48.1670 -6.5306 -3.7549
-48.9336 -6.0639 -4.1960
-48.0533 -6.5122 -4.3511
-47.4474 -6.6156 -3.5623
-47.0997 -7.2689 -4.2349
-46.2148 -6.8165 -4.1242
-47.1124 -6.7544 -4.5607
-46.6830 -7.0533 -3.7084
-46.4371 -6.9603 -2.7436
-47.2809 -7.4223 -3.0164
-47.5614 -6.5386 -2.6418
-47.4022 -5.5782 -2.4132
-46.5058 -5.9684 -2.6236
-47.1744 -5.3291 -2.2437
-47.1845 -4.3772 -2.5497
-48.1410 -4.1181 -2.6839
-47.7733 -3.4704 -3.3513
-47.9058 -2.8970 -2.5428
-48.3958 -3.5987 -3.0603
-48.0305 -4.3297 -2.4838
-48.8255 -4.4273 -1.8851
-47.8385 -4.3960 -1.7275
-48.1625 -5.2573 -2.1189
-48.9617 -4.7173 -2.3829
-49.7726 -5.2689 -2.5781
-50.2682 -4.4553 -2.2743
-49.6118 -4.8398 -1.6253
-48.8994 -4.1398 -1.5758
-48.8339 -4.7313 -0.7722
-48.5712 -4.4147 0.1393
-47.9737 -4.8516 -0.5331
-48.5155 -4.0634 -0.8250
-47.9432 -4.8803 -0.7526
-47.5367 -5.4707 -0.0554
-46.6454 -5.0439 0.0979
-46.9727 -4.1275 -0.1322
-47.5582 -3.4692 0.3410
-47.3059 -2.5244 0.5500
-46.8272 -1.9365 1.2022
-46.0837 -1.6672 0.5901
-46.5016 -2.5659 0.4574
-47.0565 -3.0730 -0.2022
-46.4741 -3.4862 -0.9023
-46.1438 -4.0976 -1.6213
-47.0962 -4.1788 -1.3273
-46.5654 -4.0792 -2.1690
-47.3185 -4.4785 -2.6919
-46.4757 -4.0792 -2.3310
-45.7283 -4.4600 -1.7866
-46.0139 -4.0321 -0.9291
-46.2836 -4.7076 -0.2429
-47.1807 -4.3173 -0.0358
-47.8488 -4.6457 0.6319
-47.1805 -4.1100 0.1158
-47.3060 -4.2534 1.0974
-47.6789 -4.5418 1.9793
-47.1915 -4.8523 1.1632
-47.7109 -5.1534 1.9630
-47.2829 -4.4735 1.3675
-47.7448 -4.1432 2.1906
-47.8939 -4.3995 1.2356
-47.5580 -3.4644 1.3477
-48.4374 -3.0590 1.0981
-48.7034 -2.6194 0.2401
-49.5883 -2.3142 0.5918
-48.9763 -2.8264 1.1944
-49.2036 -3.1212 2.1225
-49.8962 -3.5950 1.5785
-50.5194 -4.1326 2.1464
-49.7782 -4.2938 2.7980
-49.1245 -3.6177 2.4581
-49.8384 -3.0377 2.8504
-49.3488 -2.6124 2.0892
-49.9452 -1.8849 1.7500
-50.0484 -2.0162 2.7360
-50.6647 -1.5630 2.0920
-51.0147 -1.5150 3.0275
-50.4225 -0.7298 3.2081
-49.4945 -0.4794 2.9321
-49.2720 0.2555 3.5728
-48.9077 0.0082 2.6749
-48.3657 -0.8201 2.5337
-48.1202 -0.9951 1.5802
-48.9413 -0.9168 1.0148
-49.6674 -1.4732 1.4187
-49.7596 -2.0899 2.2005
-48.9924 -2.7261 2.1187
-49.7296 -3.0921 2.6867
-50.4386 -3.7973 2.6813
-50.8325 -4.2097 3.5027
-51.4083 -3.5047 3.0886
-50.7832 -3.0134 2.4821
-50.0275 -2.5058 2.8959
-50.0724 -3.3456 3.4370
-50.5780 -2.9206 4.1878
-51.2609 -3.6473 4.1136
-50.4055 -3.2044 4.3820
-51.0437 -3.2041 5.1519
-50.3833 -3.6904 5.7241
-50.3906 -4.6446 5.4251
-49.9084 -5.0874 6.1811
-50.6963 -5.5598 6.5763
-49.9871 -4.9578 6.2092
-49.3602 -4.3604 6.7093
-49.7696 -5.2517 6.9041
-48.8101 -4.9841 6.8163
-48.6977 -5.0953 7.8037
-49.3478 -5.8548 7.7798
-49.9889 -5.0929 7.6876
-49.2859 -5.1738 6.9810
-48.5289 -5.8255 6.9354
-49.0955 -5.2444 7.5196
-49.2362 -6.1745 7.1804
-49.8804 -6.6719 6.5994
-49.1791 -6.2290 7.1580
-48.5887 -5.6666 7.7369
-47.7707 -6.2133 7.5582
-48.4985 -6.8600 7.7862
-48.6556 -7.6712 8.3495
-48.6796 -6.6735 8.2864
-49.2995 -7.2062 7.7102
-49.8331 -6.8311 6.9522
-48.9227 -6.4248 7.0299
-48.6225 -5.8001 6.3091
-48.9974 -5.1666 5.6322


0.0 0.0 0.0
0.9407 0.3116 0.1345
1.5549 -0.4733 0.0535
0.7601 0.0871 0.2862
0.0975 -0.5191 -0.1537
-0.4460 -0.0483 -0.8486
-1.3845 0.1752 -1.1118
-1.2392 0.8157 -1.8658
-1.3491 0.4728 -0.9329
-1.8276 0.2349 -1.7782
-0.8484 0.1341 -1.6020
-1.7002 0.4522 -2.0181
-1.2419 -0.0702 -2.7372
-1.8573 0.5338 -3.2436
-1.5152 1.4077 -2.8983
-2.1790 0.6941 -3.1225
-2.7753 0.0941 -2.5891
-2.7796 0.6927 -3.3902
-2.2653 -0.0932 -3.0468
-2.0125 0.7927 -3.4357
-2.3282 1.0135 -2.5128
-2.8769 1.6638 -3.0382
-2.0990 2.1528 -2.6434
-2.7907 1.7400 -2.0508
-1.9720 1.8265 -1.4831
-1.1789 1.9025 -2.0873
-1.2014 2.2997 -1.1698
-1.2802 1.4188 -0.7032
-2.0278 1.0000 -1.2187
-2.7380 0.3728 -0.8989
-3.3408 0.0489 -0.1698
-4.1285 0.2106 0.4248
-4.3774 0.9479 1.0527
-3.5283 0.4228 0.9957
-4.3246 0.4230 0.3908
-5.0707 0.9108 -0.0624
-5.7003 0.4319 0.5494
-6.0316 1.0477 -0.1654
-6.4313 1.9614 -0.0915
-7.2340 1.3651 -0.0938
-7.9551 1.5799 -0.7525
-7.0548 1.9543 -0.9745
-6.5436 1.3584 -0.3551
-5.9714 0.7715 0.2177
-5.6741 1.1832 -0.6438
-5.3474 2.1145 -0.4828
-4.8323 2.4499 0.3060
-5.1770 1.6958 0.8651
-4.7762 1.2851 1.6841
-5.5934 0.7145 1.7644
-5.1063 0.7884 0.8942
-4.7534 0.1225 1.5515
-3.7582 0.0249 1.5584
-4.5784 0.5615 1.7572
-3.8237 1.1289 1.4277
-4.6179 0.9149 1.9965
-5.3264 0.9933 1.2952
-4.8763 0.3787 1.9429
-5.1133 1.2982 2.2565
-5.0366 2.0412 1.5917
-5.2587 1.4675 2.3800
-5.3672 2.0796 3.1634
-5.7684 2.5923 2.4044
-5.6577 3.2666 3.1345
-6.1793 2.7266 2.4739
-6.7571 3.3175 3.0369
-6.7150 4.0158 3.7514
-7.2745 3.2288 4.0116
-7.3136 2.5028 4.6981
-6.7315 1.8663 5.2040
-5.9790 1.2893 4.8863
-6.5305 1.7017 4.1612
-5.8806 2.2318 3.6166
-6.7912 1.8831 3.3944
-7.4359 1.4333 4.0124
-7.7442 0.6436 3.4821
-7.5043 -0.0499 4.1614
-6.7469 -0.6645 4.3821
-6.3830 -0.9733 3.5033
-7.0212 -0.8015 4.2538
-6.5192 -1.3662 4.9089
-6.9511 -1.6222 5.7737
-6.2680 -1.8893 6.4535
-6.0835 -1.3250 7.2582
-5.9330 -0.3461 7.3964
-6.6618 -0.0625 8.0196
-7.5678 0.0340 7.6075
-6.9059 -0.4782 8.1549
-6.3728 -0.7584 8.9531
-6.9759 -1.2017 9.6162
-6.8632 -1.9636 10.2541
-6.0789 -1.3677 10.0816
-6.3459 -0.5345 9.5973
-7.2883 -0.8641 9.6538
-6.8978 -1.5790 10.2339
-7.4924 -1.0054 10.7973
-6.4983 -0.9441 10.7076
-6.6961 -0.1296 11.2529
-6.1772 0.2973 10.5123
-6.7611 1.0716 10.2683
-7.1934 0.8887 11.1513
-7.9301 0.4624 11.6762
-7.3668 0.8450 10.9439
-7.9557 1.4367 11.4944
-7.1437 1.1215 11.0032
-7.2987 1.6328 11.8486
-6.7307 2.1457 12.4922
-7.4518 1.6997 13.0223
-8.1402 1.0184 13.2713
-7.4676 0.2859 13.1670
-7.0022 0.1312 14.0384
-6.3640 0.7631 14.4782
-5.8993 0.5280 15.3319
-5.1655 0.4281 16.0038
-4.7864 -0.0903 15.2372
-5.5830 -0.2947 15.8062
-5.2088 0.3301 16.4915
-6.1620 0.6178 16.3989
-5.3524 1.2027 16.3501
-5.9209 2.0063 16.1737
-5.1053 1.5167 15.8652
-4.3829 2.0458 15.4202
-4.8665 1.5118 14.7267
-4.4003 0.6280 14.7661
-4.1965 -0.3453 14.8717
-3.6725 0.1147 14.1548
-3.2872 1.0001 13.8948
-4.2035 1.3191 14.1372
-3.7795 0.5039 13.7428
-4.6938 0.8696 13.5686
-4.6868 -0.0762 13.8935
-4.3949 -0.6462 14.6614
-3.5562 -0.7486 15.1964
-4.3735 -0.1908 15.3404
-4.9353 0.6002 15.0980
-5.8540 0.3289 14.8110
-6.6027 0.4451 15.4637
-6.3492 -0.2179 16.1681
-6.9291 0.2994 15.5387
-7.5746 -0.4517 15.6775
-8.4704 -0.1371 15.9915
-7.6010 -0.4805 16.3468
-7.0490 -0.7218 17.1450
-7.6277 -1.3817 17.6242
-7.0576 -1.3868 18.4457
-6.2144 -1.7950 18.0960
-5.5492 -2.3488 18.5968
-6.3345 -2.2895 17.9805
-5.5131 -2.0694 17.4543
-6.1675 -2.0784 18.2104
-6.8054 -1.6656 17.5602
-6.6062 -2.2788 18.3246
-6.6067 -1.5804 17.6089
-6.6445 -2.1390 18.4375
-6.1790 -3.0210 18.3645
-6.0314 -2.2953 19.0365
-6.6916 -3.0406 19.1292
-5.9754 -3.1799 19.8130
-5.1204 -3.6372 19.5683
-4.6643 -4.5215 19.4680
-4.2653 -4.8409 20.3275
-5.0294 -4.7215 20.9614
-4.1729 -5.0803 21.3323
-4.1719 -6.0646 21.1555
-4.8166 -6.3695 20.4544
-5.6047 -6.8471 20.8427
-5.2857 -7.7942 20.8779
-5.6978 -6.8894 20.7703
-6.2224 -6.1478 21.1884
-5.5939 -6.5357 21.8626
-5.6526 -5.9655 21.0432
-6.2881 -5.9267 21.8143
-6.8775 -6.6560 22.1620
-7.2110 -7.5650 21.9120
-8.0032 -7.7223 21.3223
-7.0202 -7.5813 21.2040
-6.9499 -7.4669 20.2131
-6.3143 -6.9484 20.7851
-6.7133 -6.2270 20.2192
-6.6993 -5.2440 20.4024
-7.0710 -5.2847 21.3299
-6.6892 -5.8989 22.0205
-7.5480 -5.5250 21.6702
-7.0132 -6.2229 21.1938
-7.7693 -6.4959 20.5992
-7.5574 -6.0111 21.4477
-8.0490 -5.3973 20.8300
-7.8495 -6.3235 21.1499
-8.3462 -6.1513 20.2992
-8.5244 -6.7150 21.1057
-9.0811 -7.3498 20.5699
-9.6928 -6.9592 19.8820
-10.2095 -7.7925 20.0783
-9.2397 -7.9503 20.2646
-9.6881 -8.0278 19.3741
-9.7644 -8.2474 18.4015
-9.8427 -8.9821 19.0753
-8.8733 -9.1955 19.1970
-9.6150 -9.8327 19.4069
-10.2345 -10.5004 19.8197
-9.6990 -9.6892 20.0547
-8.9240 -10.0184 20.5942
-9.0871 -10.9997 20.6963
-8.3173 -10.5409 20.2525
-9.0776 -11.0530 20.6520
-8.4250 -11.5051 21.2602
-7.7946 -10.7876 20.9637
-8.5723 -10.6118 20.3601
-8.4455 -9.6211 20.4090
-8.8153 -8.7225 20.1726
-8.6261 -9.7044 20.1660
-8.6959 -10.6985 20.0823
-9.1124 -11.6065 20.1260
-10.0165 -11.6379 19.6998
-9.3743 -12.3391 20.0097
-9.4502 -11.6187 20.6991
-10.0191 -12.4292 20.8384
-9.3700 -12.3839 21.5977
-8.9225 -11.6904 22.1623
-8.0630 -12.1573 22.3703
-7.8755 -11.2359 22.0298
-7.8273 -11.8109 21.2131
-7.6687 -12.0552 22.1697
-6.9194 -11.6519 22.6950
-5.9864 -11.4846 22.3766
-5.2548 -10.9968 22.8529
-4.4856 -11.2132 23.4542
-4.9112 -12.0799 23.7143
-4.8620 -12.8416 23.0682
-4.1824 -13.3207 23.6238
-3.8974 -13.3062 22.6654
-3.3400 -13.2389 21.8379
-2.7608 -13.1088 22.6427
-2.7067 -12.1108 22.6751
-3.3508 -11.5206 23.1618
-3.6132 -12.4298 23.4851
-4.4739 -12.2342 23.0152
-4.3782 -11.5890 22.2573
-5.3195 -11.8717 22.4418
-5.7470 -11.0312 22.7745
-6.2813 -11.5971 22.1466
-7.1297 -11.8677 21.6916
-7.6509 -12.0848 20.8663
-8.0684 -11.3553 21.4080
-8.5752 -10.4954 21.4695
-7.8900 -9.7699 21.5337
-6.8912 -9.7541 21.5798
-6.7098 -8.7770 21.6912
-6.0248 -9.4706 21.9139
-6.6226 -9.9632 21.2815
-5.7871 -10.4783 21.0895
-6.2044 -9.7586 21.6444
-5.6271 -10.3347 21.0659
-6.4226 -10.7236 21.5306
-5.6279 -10.7789 22.1351
-4.9702 -11.3315 22.6471
-5.6280 -10.7003 23.0581
-6.5327 -10.7117 22.6321
-5.5431 -10.8539 22.6112
-5.9335 -10.3296 23.3679
-6.6373 -10.6679 22.7432
-5.8804 -11.2507 22.4476
-6.8764 -11.2161 22.5304
-6.2205 -11.4098 23.2600
-6.3168 -12.2309 23.8226
-5.7984 -12.1070 22.9764
-5.8447 -11.1862 22.5892
-5.6233 -11.1139 23.5617
-6.3857 -11.4142 22.9885
-6.6656 -12.2711 22.5556
-7.3052 -13.0327 22.6598
-7.6765 -13.8639 23.0737
-7.7386 -13.3547 22.2152
-8.6223 -13.7836 22.0280
-9.3398 -13.1118 21.8439
-10.1411 -13.0960 21.2459
-10.2312 -13.8335 20.5765
-9.7830 -13.2078 21.2149
-9.0415 -12.7851 21.7361
-9.7550 -13.4683 21.8918
-10.2663 -13.9057 21.1521
-9.6878 -13.4898 20.4505
-8.7218 -13.2810 20.2975
-9.4421 -12.6332 20.0495
-9.7377 -12.5785 19.0958
-9.3103 -12.2131 18.2689
-9.3713 -12.0899 17.2784
-9.6006 -11.1225 17.3854
-10.4869 -10.7027 17.1894
-9.9040 -10.6718 18.0014
-10.4618 -11.4059 17.6142
-11.0423 -10.9761 18.3057
-11.2793 -10.0993 18.7241
-11.8260 -10.6539 19.3514
-11.3187 -10.7983 20.2010
-10.8092 -10.1021 19.6952
-10.3817 -9.7834 18.8493
-10.7752 -9.5604 19.7411
-10.8438 -8.5671 19.6482
-9.8566 -8.4753 19.5177
-10.3463 -9.0770 18.8866
-10.5217 -10.0312 18.6445
-11.2906 -9.5375 19.0508
-11.1936 -10.5316 19.0039
-11.6591 -11.4021 18.8436
-11.5512 -10.5237 19.3093
-10.9821 -11.0980 18.7208
-11.2901 -10.6059 19.5350
-12.1384 -10.4830 20.0501
-12.2681 -10.5199 19.0592
-12.3632 -9.9044 18.2769
-13.3353 -9.8848 18.0434
-12.7046 -9.1870 18.3827
-12.0186 -8.8841 17.7211
-12.2608 -9.1483 16.7875
-12.0793 -8.2212 17.1155
-11.3531 -8.3875 17.7825
-10.5515 -8.9095 18.0741
-11.5428 -8.9160 17.9420
-12.0870 -9.7546 17.9644
-12.3200 -9.7665 16.9920
-11.8357 -9.9342 16.1333
-12.2021 -10.1591 15.2304
-12.5983 -9.6354 15.9846
-12.2686 -9.0732 16.7430
-11.6801 -9.8390 17.0023
-10.8294 -10.1072 17.4544
-10.4680 -10.6120 18.2383
-10.0626 -11.4470 18.6103
-10.7072 -11.1916 19.3309
-9.9881 -10.7433 18.7999
-9.8741 -11.3386 19.5953
-9.4876 -11.7509 20.4203
-9.1248 -11.4558 21.3042
-9.1353 -12.4466 21.4395
-8.2510 -12.0717 21.7176
-9.0489 -12.2725 22.2859
-9.4476 -11.6970 21.5719
-9.0354 -12.6028 21.4744
-9.4686 -12.1247 20.7104
-9.6647 -11.7900 19.7887
-9.5188 -12.2052 20.6867
-10.3768 -12.4594 21.1331
-10.6221 -12.3128 20.1748
-10.1078 -12.9494 20.7495
-9.6325 -12.3881 21.4271
-8.8723 -12.7493 21.9670
-8.3114 -13.1367 22.6987
-8.7249 -13.1358 21.7882
-9.3454 -13.2245 21.0090
-9.4949 -12.4168 20.4387
-8.5141 -12.5302 20.2802
-9.0431 -11.8334 20.7646
-9.2844 -10.8643 20.8146
-8.4292 -11.2856 21.1164
-8.1746 -10.5825 21.7804
-8.7306 -10.0006 22.3739
-8.2143 -9.8839 23.2223
-7.7308 -10.4854 23.8583
-8.5568 -11.0294 23.7109
-7.9194 -11.4943 23.0964
-8.3589 -11.1611 22.2623
-9.3546 -11.1570 22.3543
-9.0677 -11.7709 21.6190
-9.5565 -12.4772 21.1069
-10.3975 -13.0100 21.0130
-10.0235 -12.4984 20.2394
-9.3745 -13.2070 19.9623
-9.1206 -13.7220 19.1436
-8.4075 -14.1154 19.7239
-8.0668 -14.4873 20.5874
-7.6547 -15.3838 20.4249
-7.6727 -16.3327 20.1096
-8.1895 -16.6818 20.8913
-8.5513 -15.8533 20.4640
-8.6710 -16.7229 20.9429
-9.5191 -16.6015 20.4272
-9.0712 -16.6410 21.3204
-9.3317 -16.8730 20.3832
-10.0630 -16.2222 20.1791
-10.5332 -16.6954 19.4342
-10.0507 -16.4433 18.5954
-10.8270 -16.2293 19.1882
-10.7416 -17.1366 18.7765
-10.8003 -16.5714 17.9536
-11.6320 -17.1069 17.8071
-11.5522 -16.1515 17.5228
-11.1269 -15.7459 16.7137
-11.0988 -16.4725 17.4003
-11.6730 -16.5580 18.2146
-11.5005 -15.5773 18.1228
-10.9755 -16.1231 18.7758
-10.8261 -16.0333 17.7911
-9.8730 -16.3351 17.7689
-9.6937 -16.9689 17.0165
-9.5145 -16.4711 17.8650
-8.5837 -16.1115 17.9306
-7.6376 -16.3438 17.7048
-8.3167 -15.6226 17.5686
-9.1622 -15.9937 17.9526
-9.6934 -16.7028 18.4164
-8.9382 -17.3155 18.1836
-8.0120 -17.6859 18.2542
-8.4952 -18.5404 18.0638
-8.2842 -17.7131 17.5432
-7.6240 -17.6872 18.2938
-8.0580 -16.9047 18.7403
-7.5985 -17.5234 18.1030
-6.9187 -16.7900 18.0942
-6.2696 -17.1787 18.7481
-5.6946 -17.6454 18.0761
-6.3023 -18.0384 18.7662
-6.1153 -18.9547 19.1205
-5.8622 -18.3550 19.8796
-6.4532 -18.5590 20.6601
-6.6662 -19.2385 21.3622
-6.2294 -18.7926 20.5809
-6.9921 -18.9532 21.2074
-6.1633 -18.7161 20.7006
-6.6465 -17.8408 20.7195
-6.9792 -17.1002 21.3034
-7.6024 -16.9160 20.5433
-6.6342 -17.0288 20.7668
-6.0436 -17.6045 20.2014
-6.4925 -17.2704 21.0302
-5.7390 -16.6134 21.0524
-5.7388 -15.6767 20.7021
-4.7930 -15.9016 20.9362
-4.7663 -16.5599 21.6885
-5.2688 -17.1801 21.0861
-5.5200 -17.0935 20.1221
-5.1211 -17.8161 19.5575
-4.6622 -17.3228 20.2964
-5.3871 -18.0050 20.3923
-5.8898 -17.3634 19.8129
-5.1874 -16.8969 20.3505
-4.2246 -17.1377 20.4732
-3.8104 -18.0479 20.4833
-3.2818 -18.6885 21.0403
-2.7011 -19.3696 20.5944
-2.1946 -18.7925 21.2351
-2.4118 -19.6646 21.6734
-2.9531 -20.0889 20.9473
-2.1949 -20.2424 21.5811
-2.9311 -20.4733 22.2174
-3.4551 -19.8410 22.7881
-2.7080 -20.3913 22.4151
-2.1503 -20.8748 21.7405
-1.9096 -20.1061 21.1480
-2.6058 -20.1689 21.8631
-3.4313 -19.8599 21.3909
-4.2250 -20.0406 21.9718
-4.9231 -20.0726 22.6871
-3.9640 -19.8879 22.9015
-4.5855 -19.1243 23.0764
-4.2829 -20.0721 23.1761
-3.4402 -19.9882 22.6443
-3.5458 -20.8014 22.0719
-3.3996 -21.7621 21.8360
-3.2298 -21.1930 21.0314
-4.1883 -21.3573 20.7985
-4.2060 -21.4652 19.8045
-3.5931 -22.1149 20.2542
-3.0651 -22.7222 19.6606
-2.4842 -22.9816 18.8891
-3.1689 -22.4243 19.3588
-3.2251 -23.3699 19.6791
-3.8806 -24.0723 19.4015
-4.7374 -24.0752 19.9172
-5.0355 -24.6259 20.6968
-4.7786 -23.7580 20.2716
-5.5337 -24.3230 19.9390
-5.6983 -24.7159 19.0342
-6.4272 -24.3082 18.4842
-7.1638 -24.0430 19.1063
-7.5239 -24.7056 19.7630
-7.4823 -25.5987 19.3151
-8.1778 -25.2158 18.7072
-7.7391 -25.6146 19.5124
-8.1397 -26.3584 18.9774
-7.5499 -26.3961 19.7840
-8.3656 -25.9692 19.3938
-8.1692 -25.0307 19.1099
-8.0352 -25.4094 18.1941
-8.6792 -25.7617 17.5151
-8.0061 -26.1211 18.1614
-8.0746 -25.3356 18.7765
-8.0240 -26.2170 18.3069
-7.9913 -26.3593 19.2962
-8.7360 -27.0242 19.3549
-8.0518 -27.6614 19.7097
-8.4745 -28.4101 19.1989
-9.3848 -28.1116 18.9123
-10.1776 -27.5490 18.6778
-9.7361 -28.0602 17.9403
-9.4729 -28.9995 18.1604
-8.7701 -28.2882 18.1762
-9.5160 -27.9897 18.7717
-8.6513 -27.9329 18.2726
-8.9441 -27.6564 19.1879
-8.5252 -26.9516 18.6154
-9.2318 -26.5257 19.1805
-10.1737 -26.7201 18.9063
-10.5727 -26.8569 19.8130
-11.2418 -26.9532 19.0761
-10.7741 -27.4558 18.3490
-11.3422 -26.6974 18.6685
-10.9162 -27.2951 19.3477
-11.7842 -27.4527 18.8768
-11.4404 -26.7559 19.5062
-10.4890 -26.5428 19.2838
-9.9515 -26.1840 20.0469
-9.3075 -25.7424 20.6716
-9.3651 -26.1301 21.5916
-8.5945 -25.8071 22.1409
-7.9763 -26.2433 22.7948
-8.8029 -25.9676 23.2855
-9.4884 -25.2806 23.0444
-10.3229 -24.7728 23.2581
-10.6025 -25.2467 22.4230
-10.7397 -25.5501 23.3659
-11.3581 -26.0327 23.9862
-12.2708 -26.0038 23.5784
-12.4941 -26.5717 24.3706
-11.7080 -26.7193 23.7704
-11.0634 -27.0605 24.4546
-10.0825 -27.1149 24.6414
-9.4954 -27.6867 25.2145
-9.8910 -28.3806 25.8162
-9.7142 -27.4253 25.5793
-9.7345 -26.7512 26.3177
-8.9453 -27.1347 26.7974
-9.6336 -27.1829 27.5212
-10.1682 -27.1557 26.6765
-10.7430 -26.3936 26.9743
-10.5861 -25.6000 27.5621
-9.7997 -25.9661 27.0645
-9.1014 -26.6816 27.0822
-8.7943 -27.0417 26.2013
-7.9932 -26.4452 26.2516
-8.4993 -25.5918 26.3768
-8.8694 -26.0693 27.1736
-9.0525 -25.1147 26.9386
-8.4977 -24.5133 27.5134
-9.3927 -24.3043 27.9074
-10.2887 -24.0101 27.5747
-11.1190 -23.4638 27.4649
-11.6318 -24.0999 26.8883
-12.5631 -23.7830 26.7087
-13.4757 -23.6371 27.0907
-13.9705 -22.8319 26.7638
-14.8193 -22.3057 26.7110
-14.7245 -22.5542 25.7470
-14.0945 -23.1748 26.2139
-14.4547 -23.8152 26.8922
-13.9535 -23.0862 26.4260
-13.9861 -22.1913 25.9810
-14.6100 -22.1807 26.7624
-14.7432 -22.8787 26.0588
-14.8233 -23.8640 26.2099
-14.6332 -22.9223 25.9321
-15.4077 -23.3861 25.5019
-14.6287 -23.9127 25.1616
-14.7142 -23.0551 25.6686
-14.0667 -22.7353 26.3603
-13.6417 -21.8597 26.1307
-12.7568 -22.2474 25.8727
-12.9509 -21.3661 25.4419
-13.4485 -22.2128 25.6300
-12.9383 -21.5786 25.0491
-13.7275 -21.5011 24.4399
-13.8632 -20.8267 23.7141
-14.2106 -20.2418 24.4471
-13.6639 -19.6328 25.0217
-12.9828 -18.9351 25.2436
-12.3152 -19.3537 24.6280
-11.3623 -19.5372 24.3866
-10.9834 -19.5313 23.4611
-10.2309 -19.6218 22.8088
-9.7327 -19.7666 23.6637
-9.8934 -18.8520 24.0349
-9.2794 -19.6040 24.2747
-9.5582 -20.2329 25.0005
-9.4925 -19.2478 24.8416
-8.5217 -19.3058 24.6091
-9.0434 -19.0994 23.7813
-8.3900 -19.1961 24.5321
-8.5118 -18.4871 25.2268
-9.0882 -17.7434 25.5655
-8.8775 -18.1996 24.7009
-9.6583 -18.6412 24.2587
-8.6737 -18.6398 24.0837
-9.3903 -18.0108 23.7823
-8.7832 -18.5716 24.3453
-7.9278 -19.0140 24.0756
-8.5813 -19.6967 23.7486
-9.4686 -19.5134 24.1719
-10.1705 -20.0627 24.6252
-9.5124 -19.4224 24.2291
-10.1336 -18.7612 23.8085
-9.8591 -18.7116 24.7688
-10.3918 -19.4325 25.2121
-9.7111 -19.6271 25.9184
-10.2796 -20.4141 25.6787
-10.9111 -20.9395 25.1084
-9.9577 -20.7579 24.8673
-9.0551 -20.8285 25.2919
-8.4902 -21.6407 25.1466
-7.9498 -21.0959 24.5053
-8.7361 -20.9185 25.0972
-8.6342 -21.1266 24.1244
-8.5621 -22.0134 23.6679
-8.6300 -22.7601 23.0063
-9.5206 -22.4840 23.3678
-10.4206 -22.4349 23.8007
-10.0009 -22.6266 22.9136
-9.7537 -23.3427 22.2609
-9.2365 -22.7272 22.8556
-8.3775 -22.6679 22.3469
-8.9964 -21.8937 22.4797
-8.4397 -21.0751 22.6215
-7.8418 -21.5137 23.2924
-8.0403 -20.5964 22.9474
-8.7198 -21.2083 23.3521
-8.9406 -20.3167 23.7474
-8.4330 -20.9391 23.1516
-7.7674 -20.7494 22.4298
-8.4576 -20.1703 21.9959
-8.4619 -21.0801 21.5810
-9.0384 -21.6824 22.1332
-8.4255 -21.4167 21.3890
-7.8150 -21.0813 20.6715
-7.8469 -20.2687 20.0895
-7.3164 -19.4219 20.1280
-8.1583 -19.9602 20.0902
-7.7047 -19.1764 20.5145
-6.8638 -18.6840 20.7388
-7.6852 -19.1970 20.9878
-6.9906 -18.5871 20.6064
-6.6081 -18.8572 19.7228
-5.8162 -19.4326 19.9273
-5.7827 -18.5564 19.4466
-5.8514 -18.2040 18.5132
-5.2188 -18.5731 17.8323
-5.6779 -18.0253 17.1329
-6.2786 -18.6035 16.5808
-5.5879 -18.0780 16.0840
-5.4600 -17.3815 15.3780
-5.6045 -16.8595 16.2186
-6.3710 -16.6772 15.6027
-5.9401 -16.7671 14.7048
-5.6317 -16.2998 13.8763
-6.0006 -16.0564 12.9793
-5.1688 -16.6009 13.0869
-5.9650 -16.6854 13.6860
-5.3250 -17.3552 13.3096
-4.7360 -18.1248 13.0631
-4.0208 -18.8160 12.9593
-3.1898 -18.5658 12.4626
-2.3992 -18.9865 12.0176
-2.5534 -19.9454 11.7794
-2.8588 -20.2503 12.6815
-2.8073 -19.7389 11.8237
-3.3025 -18.8813 11.9628
-2.5849 -18.3551 11.5066
-1.6352 -18.0685 11.3798
-1.3671 -17.4570 12.1242
-1.0075 -17.8999 12.9455
-0.3388 -18.0749 13.6681
-0.8109 -18.7511 14.2336
-0.9361 -18.5400 15.2030
-0.8173 -18.2923 16.1646
-0.8369 -18.8018 15.3043
-0.5399 -18.8993 16.2542
0.2849 -18.7055 16.7854
0.9476 -19.0150 16.1036
0.2113 -19.6897 16.1544
-0.2705 -20.2916 16.7913
-1.0288 -19.7257 17.1150
-0.2618 -20.2441 17.4932
-0.9115 -20.6944 18.1056
-0.8361 -20.2807 17.1983
-1.5130 -20.8092 16.6859
-0.7314 -20.7778 17.3089
-0.4145 -20.0996 17.9719
0.1458 -20.5830 18.6445
0.4130 -21.2414 19.3481
0.4308 -20.6675 18.5295
0.0312 -21.3248 17.8905
0.7788 -21.9868 17.8373
0.6958 -22.2061 16.8652
0.0429 -22.4929 17.5662
-0.0238 -23.1255 16.7946
-0.5291 -22.4930 16.2076
-0.3988 -23.1984 15.5109
0.3240 -23.5796 14.9344
-0.0116 -23.4666 15.8696
-0.6305 -23.1158 16.5724
-1.1417 -22.4349 16.0480
-1.7999 -22.4359 15.2951
-2.3654 -21.6560 15.5634
-2.8001 -20.7869 15.3273
-2.2073 -20.1383 15.8046
-2.7596 -19.4642 15.3140
-2.4221 -18.7562 15.9343
-3.2122 -19.1103 15.4340
-3.0892 -19.8085 14.7288
-3.4504 -20.3772 13.9898
-4.0808 -20.3894 13.2137
-3.6555 -19.4999 13.3807
-2.7052 -19.2088 13.2705
-2.3821 -18.6354 14.0234
-2.8106 -18.4514 14.9080
-3.3953 -19.0480 14.3583
-3.8980 -18.2563 14.7054
-4.8423 -18.5652 14.5915
-5.1160 -19.0020 15.4484
-4.4290 -18.7906 14.7532
-3.8554 -19.4051 14.2116
-3.2854 -20.1778 14.4911
-2.5142 -19.8210 15.0183
-1.8876 -19.7365 15.7931
-2.6164 -19.1976 15.3705
-2.8667 -19.0368 16.3253
-3.2718 -19.2100 15.4275
-2.9113 -18.3360 15.7533
-3.0548 -17.9163 16.6496
-3.5862 -18.4361 15.9807
-4.1098 -19.0272 16.5943
-4.7439 -18.8552 17.3481
-5.2446 -18.2019 16.7802
-5.6236 -17.5792 17.4647
-5.4183 -16.7540 16.9385
-6.0297 -17.0326 16.1978
-5.2623 -16.7974 16.7943
-5.8812 -16.3769 17.4578
-6.5027 -15.6150 17.2758
-6.0988 -15.7658 16.3735
-5.6479 -15.0495 15.8410
-6.5080 -15.0814 16.3501
-5.7416 -14.4750 16.1383
-5.1779 -15.2980 16.2081
-4.9348 -15.7824 15.3678
-5.4645 -16.3530 14.7402
-5.2630 -15.9644 15.6393
-4.6159 -15.5487 15.0002
-4.1338 -15.6154 14.1266
-3.5048 -15.9262 14.8392
-4.1087 -16.4299 14.2215
-3.5483 -15.6026 14.2617
-4.1087 -16.1277 13.6213
-4.8949 -15.5330 13.4530
-4.2955 -15.3521 14.2328
-3.8634 -14.4527 14.2981
-3.2925 -15.1483 14.7341
-4.1582 -15.2463 15.2250
-4.8715 -14.5545 15.3373
-5.5854 -14.9444 15.9190
-5.7217 -14.3063 15.1612
-6.3363 -15.0744 14.9817
-5.7824 -15.7437 15.4769
-6.5632 -16.0325 14.9229
-7.1240 -15.7037 14.1630
-7.9831 -15.8729 13.6801
-8.6444 -16.4990 14.0932
-8.9946 -17.3004 14.5781
-9.1888 -16.8818 15.4652
-9.6502 -16.1668 14.9399
-9.4367 -16.0350 15.9079
-9.3390 -16.7154 15.1816
-8.4740 -16.2717 14.9475
-8.2355 -15.4638 14.4087
-7.9531 -15.9813 15.2164
-7.4926 -16.4130 15.9920
-6.8698 -16.9950 15.4692
-7.6428 -17.2654 14.8955
-7.8854 -16.4766 15.4602
-7.9590 -15.8872 14.6558
-8.0475 -15.0364 14.1378
-7.6148 -15.3720 14.9745
-7.0418 -15.5423 14.1728
-7.6284 -15.9236 14.8873
-8.0835 -16.7228 15.2799
-7.6843 -17.3357 14.5980
-7.0340 -16.6214 14.8567
-7.5244 -15.8424 14.4661
-6.8252 -15.1836 14.7439
-6.1049 -14.7040 15.2451
-6.4329 -14.9562 14.3347
-7.2477 -15.4797 14.5837
-7.7685 -16.2565 14.9378
-8.3523 -16.2036 15.7479
-9.2947 -16.2149 16.0824
-10.2032 -16.2184 16.5001
-9.9386 -15.5476 15.8072
-9.3734 -15.2571 16.5793
-9.3576 -14.2709 16.4148
-9.9740 -13.8514 15.7484
-10.7121 -13.3937 16.2440
-11.6663 -13.4999 15.9643
-11.1718 -12.6341 16.0416
-10.2309 -12.8342 16.3148
-10.0361 -12.3365 17.1601
-10.9321 -12.7125 16.9238
-11.9316 -12.6900 16.9461
-12.7159 -12.3180 16.4497
-12.4135 -11.5626 15.8684
-12.4961 -10.9942 16.6870
-12.1853 -10.0691 16.4687
-11.4833 -10.7565 16.6546
-11.3139 -11.2912 17.4825
-11.0631 -11.8134 18.2976
-11.8531 -11.3421 18.6896
-12.4445 -11.9919 19.1671
-12.9310 -11.9985 18.2934
-13.8487 -11.6161 18.4003
-14.4420 -10.8163 18.3086
-15.3041 -10.5144 17.9015
-15.4987 -9.8419 18.6155
-15.4578 -9.7686 19.6120
-15.6498 -8.8412 19.9332
-14.8170 -9.3364 20.1805
-14.6565 -8.4077 19.8462
-15.2186 -7.8118 20.4197
-14.5945 -7.4295 19.7383
-15.3679 -7.9730 20.0645
-14.5416 -8.5251 19.9530
-13.9219 -8.5331 19.1682
-13.1742 -7.8806 19.0455
-12.2848 -7.4441 18.9093
-12.0915 -6.6215 18.3746
-12.6844 -7.3791 18.6477
-13.2723 -7.2073 19.4382
-13.4899 -6.5372 18.7285
-14.0637 -6.0059 19.3517
-14.9474 -6.1639 19.7922
-15.6396 -6.8616 19.9769
-16.5074 -7.3581 20.0004
-16.9697 -6.4716 19.9825
-16.2036 -6.1103 19.4509
-16.7499 -5.9967 20.2807
-17.3674 -6.3085 21.0029
-16.9411 -6.8331 21.7399
-16.0291 -6.5592 21.4345
-15.6438 -6.1039 22.2371
-16.3408 -6.4869 22.8433
-15.8779 -5.6060 22.9417
-14.8878 -5.6721 22.8181
-14.5184 -5.2081 22.0130
-13.7785 -5.5477 22.5937
-13.1826 -4.7689 22.3976
-13.2395 -3.7906 22.5968
-13.7414 -4.6337 22.4035
-13.1945 -3.8266 22.6260
-12.8724 -4.7181 22.3076
-12.4191 -4.3591 21.4917
-12.7149 -4.2522 20.5424
-13.2496 -3.5095 20.9454
-12.7189 -3.1309 20.1871
-12.8195 -3.1786 21.1809
-12.8542 -2.6990 20.3041
-13.6203 -2.8524 20.9283
-13.1845 -2.2911 20.2247
-12.5280 -1.9676 19.5432
-12.0006 -1.2382 19.1077
-12.3724 -1.2007 20.0352
-12.6503 -0.2402 20.0431
-11.7904 0.0342 19.6128
-12.2139 0.3675 20.4552
-12.8506 -0.2590 20.9048
-12.5672 -0.8306 20.1347
-11.6916 -1.0112 19.6868
-10.8158 -1.4940 19.6935
-10.3409 -1.2085 18.8610
-9.6425 -1.1034 19.5690
-9.1518 -1.1853 18.7015
-9.7979 -1.1167 17.9413
-10.4166 -0.8801 17.1921
-9.9048 -0.6403 18.0171
-10.3136 -0.3997 18.8974
-11.2397 -0.7617 19.0040
-10.4483 -0.2592 18.6559
-10.9108 -0.3599 17.7750
-10.4163 -1.0441 18.3110
-11.0536 -1.6852 17.8833
-10.2326 -1.9877 18.3674
-11.1921 -1.8698 18.6234
-11.4842 -1.2865 17.8655
-11.2595 -0.9558 18.7820
-12.0279 -1.4603 18.3885
-12.0696 -1.3000 17.4023
-12.8130 -0.7758 17.8176
-12.2515 -0.0948 17.3476
-12.9228 0.5216 17.7592
-13.6820 0.8188 17.1801
-13.8149 1.5383 17.8618
-13.1720 0.8630 18.2232
-12.4112 0.8507 18.8721
-12.0278 0.5408 19.7421
-11.2261 0.3945 19.1626
-11.7517 1.2229 18.9692
-12.2395 0.5487 18.4147
-11.6244 -0.2378 18.4699
-10.6635 -0.0039 18.6181
-11.4458 0.6085 18.5042
-12.1029 1.0056 19.1449
-11.4825 1.2487 19.8906
-12.3056 1.7238 19.5794
-13.1766 1.2406 19.4908
-13.4316 1.6685 18.6237
-13.7588 2.1423 19.4413
-14.5347 2.1626 20.0718
-14.5940 1.6092 19.2410
-14.9985 0.6950 19.2147
-15.3829 -0.0653 18.6911
-14.6833 -0.7280 18.4240
-14.6080 -0.7029 19.4208
-14.2629 -1.6279 19.2624
-14.7184 -0.9488 18.6867
-14.0756 -1.3214 18.0173
-13.2823 -0.9820 17.5119
-12.7861 -1.8502 17.5144
-12.4690 -1.2112 18.2152
-13.2048 -1.2852 18.8884
-12.4128 -1.7446 18.4862
-11.9949 -1.8129 19.3921
-11.0388 -2.0307 19.5881
-11.9766 -1.9438 19.9244
-12.9653 -2.0397 20.0394
-12.0585 -2.1803 19.6419
-11.4168 -1.4254 19.7771
-10.7015 -1.6538 20.4375
-10.8069 -1.8962 19.4730
-10.8008 -2.8237 19.8468
-10.4807 -2.6392 20.7761
-9.9353 -3.0718 20.0582
-9.1009 -2.8619 20.5678
-9.5192 -2.2441 21.2336
-10.3446 -2.4394 20.7040
-10.8773 -2.7687 21.4836
-10.8608 -3.7417 21.7140
-11.3969 -2.9131 21.8753
-10.9141 -2.8435 22.7482
-10.3033 -2.7749 23.5370
-10.6963 -3.6184 23.1708
-10.8846 -2.9061 22.4946
-11.7651 -2.7759 22.9504
-12.4317 -2.1417 22.5587
-11.7793 -2.6297 23.1386
-11.7935 -1.6299 23.1289
-12.5264 -1.5899 22.4497
-12.9071 -1.6333 23.3733
-12.0507 -1.1178 23.4038
-12.8478 -0.6598 23.0102
-13.0158 -0.4923 22.0388
-12.3236 -0.8361 22.6733
-12.7085 0.0794 22.7900
-12.4461 0.0485 23.7545
-11.9950 0.8058 23.2823
-11.2993 0.0881 23.2512
-11.8934 -0.3624 23.9176
-12.7570 -0.8661 23.8972
-12.3380 -1.3041 24.6926
-11.8799 -0.5436 24.2325
-11.0398 -0.5016 23.6916
-11.0340 -0.9043 24.6069
-10.2856 -0.2597 24.4510
-9.3621 -0.3695 24.0835
-9.6509 -1.0954 24.7077
-10.3207 -1.1291 23.9659
-9.8356 -0.6862 23.2119
-10.1292 -1.1009 22.3506
-9.5064 -0.6957 23.0199
-10.1788 -0.0033 23.2814
-9.5621 -0.7899 23.3104
-10.1402 -0.2705 22.6811
-9.3648 0.2396 22.3089
-9.3160 -0.7547 22.2144
-10.0884 -1.0579 22.7724
-9.4426 -1.7502 22.4505
-8.7852 -1.0112 22.5978
-8.3513 -0.4741 21.8745
-9.1023 -0.4954 22.5345
-8.2774 -0.0076 22.2488
-8.6168 -0.3234 21.3627
-9.2181 -0.3721 22.1603
-9.4960 0.0025 21.2757
-10.1191 0.6952 20.9125
-10.2696 0.0394 20.1727
-9.4291 -0.3375 20.5619
-9.3678 -0.5693 21.5327
-9.9675 0.1780 21.2465
-9.1139 -0.3215 21.0983
-9.8062 0.0890 21.6918
-9.3596 -0.5278 21.0436
-9.2239 -0.7867 20.0873
-8.9911 -1.4430 19.3696
-9.0650 -0.7792 18.6254
-9.9129 -0.5244 19.0903
-10.0705 -1.2287 19.7826
-10.2156 -1.9734 19.1312


