Time N0_10 N0_100 N0_1000 N0_10000 N0_100000
0.000000000000000000e+00 1.000000000000000000e+01 1.000000000000000000e+02 1.000000000000000000e+03 1.000000000000000000e+04 1.000000000000000000e+05
1.000000000000000000e+00 1.000000000000000000e+01 9.800000000000000000e+01 9.860000000000000000e+02 9.898000000000000000e+03 9.900200000000000000e+04
2.000000000000000000e+00 1.000000000000000000e+01 9.800000000000000000e+01 9.770000000000000000e+02 9.795000000000000000e+03 9.802400000000000000e+04
3.000000000000000000e+00 1.000000000000000000e+01 9.700000000000000000e+01 9.660000000000000000e+02 9.707000000000000000e+03 9.706300000000000000e+04
4.000000000000000000e+00 1.000000000000000000e+01 9.700000000000000000e+01 9.540000000000000000e+02 9.614000000000000000e+03 9.610400000000000000e+04
5.000000000000000000e+00 9.000000000000000000e+00 9.500000000000000000e+01 9.440000000000000000e+02 9.515000000000000000e+03 9.508500000000000000e+04
6.000000000000000000e+00 9.000000000000000000e+00 9.500000000000000000e+01 9.340000000000000000e+02 9.400000000000000000e+03 9.420100000000000000e+04
7.000000000000000000e+00 9.000000000000000000e+00 9.500000000000000000e+01 9.280000000000000000e+02 9.323000000000000000e+03 9.324100000000000000e+04
8.000000000000000000e+00 9.000000000000000000e+00 9.400000000000000000e+01 9.230000000000000000e+02 9.226000000000000000e+03 9.235300000000000000e+04
9.000000000000000000e+00 9.000000000000000000e+00 9.300000000000000000e+01 9.200000000000000000e+02 9.141000000000000000e+03 9.144900000000000000e+04
1.000000000000000000e+01 9.000000000000000000e+00 8.900000000000000000e+01 9.120000000000000000e+02 9.041000000000000000e+03 9.054400000000000000e+04
1.100000000000000000e+01 9.000000000000000000e+00 8.900000000000000000e+01 8.980000000000000000e+02 8.960000000000000000e+03 8.968600000000000000e+04
1.200000000000000000e+01 9.000000000000000000e+00 8.600000000000000000e+01 8.930000000000000000e+02 8.865000000000000000e+03 8.876300000000000000e+04
1.300000000000000000e+01 9.000000000000000000e+00 8.100000000000000000e+01 8.870000000000000000e+02 8.783000000000000000e+03 8.788300000000000000e+04
1.400000000000000000e+01 9.000000000000000000e+00 8.000000000000000000e+01 8.770000000000000000e+02 8.699000000000000000e+03 8.703700000000000000e+04
1.500000000000000000e+01 9.000000000000000000e+00 7.900000000000000000e+01 8.700000000000000000e+02 8.601000000000000000e+03 8.616200000000000000e+04
1.600000000000000000e+01 9.000000000000000000e+00 7.700000000000000000e+01 8.540000000000000000e+02 8.520000000000000000e+03 8.529000000000000000e+04
1.700000000000000000e+01 9.000000000000000000e+00 7.700000000000000000e+01 8.440000000000000000e+02 8.446000000000000000e+03 8.446800000000000000e+04
1.800000000000000000e+01 9.000000000000000000e+00 7.600000000000000000e+01 8.340000000000000000e+02 8.374000000000000000e+03 8.358800000000000000e+04
1.900000000000000000e+01 9.000000000000000000e+00 7.600000000000000000e+01 8.260000000000000000e+02 8.268000000000000000e+03 8.273500000000000000e+04
2.000000000000000000e+01 9.000000000000000000e+00 7.600000000000000000e+01 8.170000000000000000e+02 8.195000000000000000e+03 8.194200000000000000e+04
2.100000000000000000e+01 9.000000000000000000e+00 7.600000000000000000e+01 8.080000000000000000e+02 8.115000000000000000e+03 8.111200000000000000e+04
2.200000000000000000e+01 9.000000000000000000e+00 7.500000000000000000e+01 7.990000000000000000e+02 8.030000000000000000e+03 8.028800000000000000e+04
2.300000000000000000e+01 9.000000000000000000e+00 7.500000000000000000e+01 7.920000000000000000e+02 7.944000000000000000e+03 7.954900000000000000e+04
2.400000000000000000e+01 9.000000000000000000e+00 7.400000000000000000e+01 7.860000000000000000e+02 7.881000000000000000e+03 7.874100000000000000e+04
2.500000000000000000e+01 9.000000000000000000e+00 7.300000000000000000e+01 7.810000000000000000e+02 7.798000000000000000e+03 7.794600000000000000e+04
2.600000000000000000e+01 9.000000000000000000e+00 7.200000000000000000e+01 7.740000000000000000e+02 7.714000000000000000e+03 7.716300000000000000e+04
2.700000000000000000e+01 9.000000000000000000e+00 7.100000000000000000e+01 7.730000000000000000e+02 7.623000000000000000e+03 7.643400000000000000e+04
2.800000000000000000e+01 9.000000000000000000e+00 7.100000000000000000e+01 7.670000000000000000e+02 7.551000000000000000e+03 7.565600000000000000e+04
2.900000000000000000e+01 9.000000000000000000e+00 7.100000000000000000e+01 7.640000000000000000e+02 7.474000000000000000e+03 7.486700000000000000e+04
3.000000000000000000e+01 9.000000000000000000e+00 7.000000000000000000e+01 7.570000000000000000e+02 7.387000000000000000e+03 7.412900000000000000e+04
3.100000000000000000e+01 9.000000000000000000e+00 6.900000000000000000e+01 7.520000000000000000e+02 7.307000000000000000e+03 7.338100000000000000e+04
3.200000000000000000e+01 9.000000000000000000e+00 6.700000000000000000e+01 7.430000000000000000e+02 7.230000000000000000e+03 7.265200000000000000e+04
3.300000000000000000e+01 9.000000000000000000e+00 6.600000000000000000e+01 7.370000000000000000e+02 7.157000000000000000e+03 7.187900000000000000e+04
3.400000000000000000e+01 9.000000000000000000e+00 6.600000000000000000e+01 7.310000000000000000e+02 7.075000000000000000e+03 7.116400000000000000e+04
3.500000000000000000e+01 9.000000000000000000e+00 6.500000000000000000e+01 7.290000000000000000e+02 7.009000000000000000e+03 7.046300000000000000e+04
3.600000000000000000e+01 9.000000000000000000e+00 6.500000000000000000e+01 7.240000000000000000e+02 6.940000000000000000e+03 6.975700000000000000e+04
3.700000000000000000e+01 9.000000000000000000e+00 6.500000000000000000e+01 7.170000000000000000e+02 6.868000000000000000e+03 6.903700000000000000e+04
3.800000000000000000e+01 9.000000000000000000e+00 6.500000000000000000e+01 7.100000000000000000e+02 6.795000000000000000e+03 6.839900000000000000e+04
3.900000000000000000e+01 9.000000000000000000e+00 6.500000000000000000e+01 7.030000000000000000e+02 6.742000000000000000e+03 6.772900000000000000e+04
4.000000000000000000e+01 9.000000000000000000e+00 6.500000000000000000e+01 6.960000000000000000e+02 6.664000000000000000e+03 6.708100000000000000e+04
4.100000000000000000e+01 9.000000000000000000e+00 6.300000000000000000e+01 6.830000000000000000e+02 6.597000000000000000e+03 6.639100000000000000e+04
4.200000000000000000e+01 9.000000000000000000e+00 6.200000000000000000e+01 6.730000000000000000e+02 6.533000000000000000e+03 6.574100000000000000e+04
4.300000000000000000e+01 9.000000000000000000e+00 6.200000000000000000e+01 6.640000000000000000e+02 6.483000000000000000e+03 6.508700000000000000e+04
4.400000000000000000e+01 9.000000000000000000e+00 6.100000000000000000e+01 6.560000000000000000e+02 6.425000000000000000e+03 6.443900000000000000e+04
4.500000000000000000e+01 9.000000000000000000e+00 6.100000000000000000e+01 6.440000000000000000e+02 6.370000000000000000e+03 6.381700000000000000e+04
4.600000000000000000e+01 9.000000000000000000e+00 6.100000000000000000e+01 6.380000000000000000e+02 6.296000000000000000e+03 6.315100000000000000e+04
4.700000000000000000e+01 9.000000000000000000e+00 5.900000000000000000e+01 6.320000000000000000e+02 6.236000000000000000e+03 6.249000000000000000e+04
4.800000000000000000e+01 9.000000000000000000e+00 5.800000000000000000e+01 6.270000000000000000e+02 6.180000000000000000e+03 6.183400000000000000e+04
4.900000000000000000e+01 9.000000000000000000e+00 5.800000000000000000e+01 6.210000000000000000e+02 6.122000000000000000e+03 6.125400000000000000e+04
5.000000000000000000e+01 9.000000000000000000e+00 5.800000000000000000e+01 6.110000000000000000e+02 6.058000000000000000e+03 6.065600000000000000e+04
5.100000000000000000e+01 9.000000000000000000e+00 5.700000000000000000e+01 6.040000000000000000e+02 6.008000000000000000e+03 6.002700000000000000e+04
5.200000000000000000e+01 9.000000000000000000e+00 5.600000000000000000e+01 5.930000000000000000e+02 5.947000000000000000e+03 5.945800000000000000e+04
5.300000000000000000e+01 9.000000000000000000e+00 5.500000000000000000e+01 5.860000000000000000e+02 5.886000000000000000e+03 5.882900000000000000e+04
5.400000000000000000e+01 9.000000000000000000e+00 5.500000000000000000e+01 5.810000000000000000e+02 5.828000000000000000e+03 5.825000000000000000e+04
5.500000000000000000e+01 9.000000000000000000e+00 5.400000000000000000e+01 5.780000000000000000e+02 5.768000000000000000e+03 5.766100000000000000e+04
5.600000000000000000e+01 9.000000000000000000e+00 5.300000000000000000e+01 5.770000000000000000e+02 5.704000000000000000e+03 5.708000000000000000e+04
5.700000000000000000e+01 9.000000000000000000e+00 5.200000000000000000e+01 5.680000000000000000e+02 5.656000000000000000e+03 5.649900000000000000e+04
5.800000000000000000e+01 9.000000000000000000e+00 5.200000000000000000e+01 5.620000000000000000e+02 5.604000000000000000e+03 5.596400000000000000e+04
5.900000000000000000e+01 9.000000000000000000e+00 5.000000000000000000e+01 5.550000000000000000e+02 5.537000000000000000e+03 5.541600000000000000e+04
6.000000000000000000e+01 9.000000000000000000e+00 5.000000000000000000e+01 5.510000000000000000e+02 5.498000000000000000e+03 5.484300000000000000e+04
6.100000000000000000e+01 9.000000000000000000e+00 5.000000000000000000e+01 5.430000000000000000e+02 5.450000000000000000e+03 5.430400000000000000e+04
6.200000000000000000e+01 9.000000000000000000e+00 4.900000000000000000e+01 5.380000000000000000e+02 5.388000000000000000e+03 5.374900000000000000e+04
6.300000000000000000e+01 9.000000000000000000e+00 4.900000000000000000e+01 5.300000000000000000e+02 5.320000000000000000e+03 5.319400000000000000e+04
6.400000000000000000e+01 8.000000000000000000e+00 4.900000000000000000e+01 5.230000000000000000e+02 5.274000000000000000e+03 5.265400000000000000e+04
6.500000000000000000e+01 8.000000000000000000e+00 4.900000000000000000e+01 5.200000000000000000e+02 5.224000000000000000e+03 5.214500000000000000e+04
6.600000000000000000e+01 8.000000000000000000e+00 4.800000000000000000e+01 5.160000000000000000e+02 5.181000000000000000e+03 5.165600000000000000e+04
6.700000000000000000e+01 8.000000000000000000e+00 4.800000000000000000e+01 5.110000000000000000e+02 5.129000000000000000e+03 5.113200000000000000e+04
6.800000000000000000e+01 8.000000000000000000e+00 4.800000000000000000e+01 5.070000000000000000e+02 5.084000000000000000e+03 5.063800000000000000e+04
6.900000000000000000e+01 8.000000000000000000e+00 4.600000000000000000e+01 5.020000000000000000e+02 5.026000000000000000e+03 5.013200000000000000e+04
7.000000000000000000e+01 8.000000000000000000e+00 4.600000000000000000e+01 4.970000000000000000e+02 4.978000000000000000e+03 4.959300000000000000e+04
7.100000000000000000e+01 8.000000000000000000e+00 4.500000000000000000e+01 4.930000000000000000e+02 4.926000000000000000e+03 4.909200000000000000e+04
7.200000000000000000e+01 8.000000000000000000e+00 4.400000000000000000e+01 4.880000000000000000e+02 4.886000000000000000e+03 4.859200000000000000e+04
7.300000000000000000e+01 7.000000000000000000e+00 4.400000000000000000e+01 4.810000000000000000e+02 4.838000000000000000e+03 4.813500000000000000e+04
7.400000000000000000e+01 7.000000000000000000e+00 4.400000000000000000e+01 4.760000000000000000e+02 4.801000000000000000e+03 4.765000000000000000e+04
7.500000000000000000e+01 7.000000000000000000e+00 4.400000000000000000e+01 4.730000000000000000e+02 4.760000000000000000e+03 4.714900000000000000e+04
7.600000000000000000e+01 7.000000000000000000e+00 4.400000000000000000e+01 4.710000000000000000e+02 4.719000000000000000e+03 4.665600000000000000e+04
7.700000000000000000e+01 7.000000000000000000e+00 4.300000000000000000e+01 4.630000000000000000e+02 4.654000000000000000e+03 4.622300000000000000e+04
7.800000000000000000e+01 7.000000000000000000e+00 4.300000000000000000e+01 4.590000000000000000e+02 4.613000000000000000e+03 4.572600000000000000e+04
7.900000000000000000e+01 7.000000000000000000e+00 4.300000000000000000e+01 4.560000000000000000e+02 4.578000000000000000e+03 4.528800000000000000e+04
8.000000000000000000e+01 6.000000000000000000e+00 4.300000000000000000e+01 4.560000000000000000e+02 4.536000000000000000e+03 4.482200000000000000e+04
8.100000000000000000e+01 6.000000000000000000e+00 4.300000000000000000e+01 4.510000000000000000e+02 4.505000000000000000e+03 4.438700000000000000e+04
8.200000000000000000e+01 4.000000000000000000e+00 4.200000000000000000e+01 4.460000000000000000e+02 4.468000000000000000e+03 4.395300000000000000e+04
8.300000000000000000e+01 4.000000000000000000e+00 4.100000000000000000e+01 4.390000000000000000e+02 4.421000000000000000e+03 4.350600000000000000e+04
8.400000000000000000e+01 4.000000000000000000e+00 4.000000000000000000e+01 4.340000000000000000e+02 4.370000000000000000e+03 4.305400000000000000e+04
8.500000000000000000e+01 4.000000000000000000e+00 4.000000000000000000e+01 4.270000000000000000e+02 4.326000000000000000e+03 4.264000000000000000e+04
8.600000000000000000e+01 4.000000000000000000e+00 4.000000000000000000e+01 4.230000000000000000e+02 4.292000000000000000e+03 4.222000000000000000e+04
8.700000000000000000e+01 4.000000000000000000e+00 4.000000000000000000e+01 4.170000000000000000e+02 4.258000000000000000e+03 4.179000000000000000e+04
8.800000000000000000e+01 4.000000000000000000e+00 3.900000000000000000e+01 4.130000000000000000e+02 4.212000000000000000e+03 4.135500000000000000e+04
8.900000000000000000e+01 4.000000000000000000e+00 3.900000000000000000e+01 4.080000000000000000e+02 4.170000000000000000e+03 4.096800000000000000e+04
9.000000000000000000e+01 4.000000000000000000e+00 3.900000000000000000e+01 4.050000000000000000e+02 4.126000000000000000e+03 4.058400000000000000e+04
9.100000000000000000e+01 4.000000000000000000e+00 3.800000000000000000e+01 4.010000000000000000e+02 4.087000000000000000e+03 4.015600000000000000e+04
9.200000000000000000e+01 4.000000000000000000e+00 3.800000000000000000e+01 3.980000000000000000e+02 4.045000000000000000e+03 3.974100000000000000e+04
9.300000000000000000e+01 4.000000000000000000e+00 3.700000000000000000e+01 3.930000000000000000e+02 4.006000000000000000e+03 3.938100000000000000e+04
9.400000000000000000e+01 3.000000000000000000e+00 3.700000000000000000e+01 3.930000000000000000e+02 3.962000000000000000e+03 3.900100000000000000e+04
9.500000000000000000e+01 3.000000000000000000e+00 3.700000000000000000e+01 3.900000000000000000e+02 3.919000000000000000e+03 3.863600000000000000e+04
9.600000000000000000e+01 3.000000000000000000e+00 3.700000000000000000e+01 3.850000000000000000e+02 3.878000000000000000e+03 3.824700000000000000e+04
9.700000000000000000e+01 3.000000000000000000e+00 3.700000000000000000e+01 3.830000000000000000e+02 3.842000000000000000e+03 3.789500000000000000e+04
9.800000000000000000e+01 3.000000000000000000e+00 3.700000000000000000e+01 3.800000000000000000e+02 3.812000000000000000e+03 3.751600000000000000e+04
9.900000000000000000e+01 3.000000000000000000e+00 3.600000000000000000e+01 3.780000000000000000e+02 3.776000000000000000e+03 3.715100000000000000e+04
1.000000000000000000e+02 3.000000000000000000e+00 3.500000000000000000e+01 3.740000000000000000e+02 3.739000000000000000e+03 3.674800000000000000e+04
1.010000000000000000e+02 3.000000000000000000e+00 3.400000000000000000e+01 3.730000000000000000e+02 3.703000000000000000e+03 3.639300000000000000e+04
1.020000000000000000e+02 3.000000000000000000e+00 3.400000000000000000e+01 3.680000000000000000e+02 3.667000000000000000e+03 3.601600000000000000e+04
1.030000000000000000e+02 3.000000000000000000e+00 3.400000000000000000e+01 3.650000000000000000e+02 3.634000000000000000e+03 3.562400000000000000e+04
1.040000000000000000e+02 3.000000000000000000e+00 3.400000000000000000e+01 3.580000000000000000e+02 3.606000000000000000e+03 3.528500000000000000e+04
1.050000000000000000e+02 3.000000000000000000e+00 3.400000000000000000e+01 3.570000000000000000e+02 3.581000000000000000e+03 3.494000000000000000e+04
1.060000000000000000e+02 3.000000000000000000e+00 3.000000000000000000e+01 3.520000000000000000e+02 3.544000000000000000e+03 3.461400000000000000e+04
1.070000000000000000e+02 2.000000000000000000e+00 3.000000000000000000e+01 3.470000000000000000e+02 3.514000000000000000e+03 3.429600000000000000e+04
1.080000000000000000e+02 2.000000000000000000e+00 2.900000000000000000e+01 3.430000000000000000e+02 3.474000000000000000e+03 3.394300000000000000e+04
1.090000000000000000e+02 2.000000000000000000e+00 2.900000000000000000e+01 3.430000000000000000e+02 3.445000000000000000e+03 3.360300000000000000e+04
1.100000000000000000e+02 2.000000000000000000e+00 2.900000000000000000e+01 3.360000000000000000e+02 3.409000000000000000e+03 3.325100000000000000e+04
1.110000000000000000e+02 2.000000000000000000e+00 2.900000000000000000e+01 3.330000000000000000e+02 3.371000000000000000e+03 3.295200000000000000e+04
1.120000000000000000e+02 2.000000000000000000e+00 2.900000000000000000e+01 3.280000000000000000e+02 3.341000000000000000e+03 3.260700000000000000e+04
1.130000000000000000e+02 1.000000000000000000e+00 2.900000000000000000e+01 3.260000000000000000e+02 3.313000000000000000e+03 3.228200000000000000e+04
1.140000000000000000e+02 1.000000000000000000e+00 2.900000000000000000e+01 3.230000000000000000e+02 3.287000000000000000e+03 3.195500000000000000e+04
1.150000000000000000e+02 1.000000000000000000e+00 2.900000000000000000e+01 3.170000000000000000e+02 3.263000000000000000e+03 3.165700000000000000e+04
1.160000000000000000e+02 1.000000000000000000e+00 2.700000000000000000e+01 3.140000000000000000e+02 3.245000000000000000e+03 3.131200000000000000e+04
1.170000000000000000e+02 1.000000000000000000e+00 2.600000000000000000e+01 3.100000000000000000e+02 3.219000000000000000e+03 3.102900000000000000e+04
1.180000000000000000e+02 1.000000000000000000e+00 2.600000000000000000e+01 3.100000000000000000e+02 3.189000000000000000e+03 3.074700000000000000e+04
1.190000000000000000e+02 1.000000000000000000e+00 2.600000000000000000e+01 3.060000000000000000e+02 3.153000000000000000e+03 3.040700000000000000e+04
1.200000000000000000e+02 1.000000000000000000e+00 2.600000000000000000e+01 3.010000000000000000e+02 3.126000000000000000e+03 3.009100000000000000e+04
1.210000000000000000e+02 1.000000000000000000e+00 2.600000000000000000e+01 2.990000000000000000e+02 3.084000000000000000e+03 2.981600000000000000e+04
1.220000000000000000e+02 1.000000000000000000e+00 2.600000000000000000e+01 2.960000000000000000e+02 3.050000000000000000e+03 2.950600000000000000e+04
1.230000000000000000e+02 1.000000000000000000e+00 2.600000000000000000e+01 2.960000000000000000e+02 3.015000000000000000e+03 2.922200000000000000e+04
1.240000000000000000e+02 1.000000000000000000e+00 2.600000000000000000e+01 2.860000000000000000e+02 2.989000000000000000e+03 2.892600000000000000e+04
1.250000000000000000e+02 1.000000000000000000e+00 2.600000000000000000e+01 2.830000000000000000e+02 2.958000000000000000e+03 2.860200000000000000e+04
1.260000000000000000e+02 1.000000000000000000e+00 2.600000000000000000e+01 2.800000000000000000e+02 2.915000000000000000e+03 2.832500000000000000e+04
1.270000000000000000e+02 1.000000000000000000e+00 2.600000000000000000e+01 2.780000000000000000e+02 2.881000000000000000e+03 2.802800000000000000e+04
1.280000000000000000e+02 1.000000000000000000e+00 2.600000000000000000e+01 2.760000000000000000e+02 2.838000000000000000e+03 2.775100000000000000e+04
1.290000000000000000e+02 1.000000000000000000e+00 2.600000000000000000e+01 2.750000000000000000e+02 2.818000000000000000e+03 2.748700000000000000e+04
1.300000000000000000e+02 1.000000000000000000e+00 2.600000000000000000e+01 2.690000000000000000e+02 2.794000000000000000e+03 2.718600000000000000e+04
1.310000000000000000e+02 1.000000000000000000e+00 2.600000000000000000e+01 2.660000000000000000e+02 2.753000000000000000e+03 2.689800000000000000e+04
1.320000000000000000e+02 1.000000000000000000e+00 2.600000000000000000e+01 2.610000000000000000e+02 2.731000000000000000e+03 2.661000000000000000e+04
1.330000000000000000e+02 1.000000000000000000e+00 2.600000000000000000e+01 2.580000000000000000e+02 2.706000000000000000e+03 2.633300000000000000e+04
1.340000000000000000e+02 1.000000000000000000e+00 2.600000000000000000e+01 2.570000000000000000e+02 2.675000000000000000e+03 2.606800000000000000e+04
1.350000000000000000e+02 1.000000000000000000e+00 2.600000000000000000e+01 2.530000000000000000e+02 2.652000000000000000e+03 2.583200000000000000e+04
1.360000000000000000e+02 1.000000000000000000e+00 2.600000000000000000e+01 2.510000000000000000e+02 2.631000000000000000e+03 2.557500000000000000e+04
1.370000000000000000e+02 1.000000000000000000e+00 2.600000000000000000e+01 2.500000000000000000e+02 2.601000000000000000e+03 2.531500000000000000e+04
1.380000000000000000e+02 1.000000000000000000e+00 2.400000000000000000e+01 2.470000000000000000e+02 2.572000000000000000e+03 2.503600000000000000e+04
1.390000000000000000e+02 1.000000000000000000e+00 2.400000000000000000e+01 2.440000000000000000e+02 2.552000000000000000e+03 2.478800000000000000e+04
1.400000000000000000e+02 1.000000000000000000e+00 2.300000000000000000e+01 2.420000000000000000e+02 2.531000000000000000e+03 2.457200000000000000e+04
1.410000000000000000e+02 1.000000000000000000e+00 2.300000000000000000e+01 2.390000000000000000e+02 2.505000000000000000e+03 2.431800000000000000e+04
1.420000000000000000e+02 1.000000000000000000e+00 2.300000000000000000e+01 2.380000000000000000e+02 2.476000000000000000e+03 2.408300000000000000e+04
1.430000000000000000e+02 1.000000000000000000e+00 2.300000000000000000e+01 2.360000000000000000e+02 2.447000000000000000e+03 2.386000000000000000e+04
1.440000000000000000e+02 1.000000000000000000e+00 2.300000000000000000e+01 2.350000000000000000e+02 2.421000000000000000e+03 2.363100000000000000e+04
1.450000000000000000e+02 1.000000000000000000e+00 2.300000000000000000e+01 2.300000000000000000e+02 2.403000000000000000e+03 2.340700000000000000e+04
1.460000000000000000e+02 1.000000000000000000e+00 2.200000000000000000e+01 2.290000000000000000e+02 2.379000000000000000e+03 2.319800000000000000e+04
1.470000000000000000e+02 1.000000000000000000e+00 2.200000000000000000e+01 2.260000000000000000e+02 2.362000000000000000e+03 2.296700000000000000e+04
1.480000000000000000e+02 1.000000000000000000e+00 2.200000000000000000e+01 2.230000000000000000e+02 2.334000000000000000e+03 2.273000000000000000e+04
1.490000000000000000e+02 1.000000000000000000e+00 2.100000000000000000e+01 2.210000000000000000e+02 2.306000000000000000e+03 2.252300000000000000e+04
1.500000000000000000e+02 1.000000000000000000e+00 2.100000000000000000e+01 2.180000000000000000e+02 2.290000000000000000e+03 2.228200000000000000e+04
1.510000000000000000e+02 1.000000000000000000e+00 2.100000000000000000e+01 2.160000000000000000e+02 2.270000000000000000e+03 2.204600000000000000e+04
1.520000000000000000e+02 1.000000000000000000e+00 2.000000000000000000e+01 2.130000000000000000e+02 2.231000000000000000e+03 2.183500000000000000e+04
1.530000000000000000e+02 1.000000000000000000e+00 2.000000000000000000e+01 2.130000000000000000e+02 2.212000000000000000e+03 2.163000000000000000e+04
1.540000000000000000e+02 1.000000000000000000e+00 2.000000000000000000e+01 2.120000000000000000e+02 2.193000000000000000e+03 2.140500000000000000e+04
1.550000000000000000e+02 1.000000000000000000e+00 2.000000000000000000e+01 2.100000000000000000e+02 2.175000000000000000e+03 2.120800000000000000e+04
1.560000000000000000e+02 1.000000000000000000e+00 2.000000000000000000e+01 2.080000000000000000e+02 2.144000000000000000e+03 2.099200000000000000e+04
1.570000000000000000e+02 1.000000000000000000e+00 2.000000000000000000e+01 2.060000000000000000e+02 2.119000000000000000e+03 2.077200000000000000e+04
1.580000000000000000e+02 1.000000000000000000e+00 2.000000000000000000e+01 2.040000000000000000e+02 2.099000000000000000e+03 2.057600000000000000e+04
1.590000000000000000e+02 1.000000000000000000e+00 2.000000000000000000e+01 2.030000000000000000e+02 2.085000000000000000e+03 2.034500000000000000e+04
1.600000000000000000e+02 1.000000000000000000e+00 2.000000000000000000e+01 2.000000000000000000e+02 2.071000000000000000e+03 2.015400000000000000e+04
1.610000000000000000e+02 1.000000000000000000e+00 2.000000000000000000e+01 1.970000000000000000e+02 2.058000000000000000e+03 1.996000000000000000e+04
1.620000000000000000e+02 1.000000000000000000e+00 2.000000000000000000e+01 1.920000000000000000e+02 2.037000000000000000e+03 1.976600000000000000e+04
1.630000000000000000e+02 1.000000000000000000e+00 1.900000000000000000e+01 1.900000000000000000e+02 2.019000000000000000e+03 1.955800000000000000e+04
1.640000000000000000e+02 1.000000000000000000e+00 1.900000000000000000e+01 1.900000000000000000e+02 2.000000000000000000e+03 1.934700000000000000e+04
1.650000000000000000e+02 1.000000000000000000e+00 1.900000000000000000e+01 1.880000000000000000e+02 1.980000000000000000e+03 1.916000000000000000e+04
1.660000000000000000e+02 1.000000000000000000e+00 1.900000000000000000e+01 1.850000000000000000e+02 1.964000000000000000e+03 1.895200000000000000e+04
1.670000000000000000e+02 1.000000000000000000e+00 1.900000000000000000e+01 1.840000000000000000e+02 1.950000000000000000e+03 1.874400000000000000e+04
1.680000000000000000e+02 1.000000000000000000e+00 1.900000000000000000e+01 1.830000000000000000e+02 1.930000000000000000e+03 1.855400000000000000e+04
1.690000000000000000e+02 1.000000000000000000e+00 1.900000000000000000e+01 1.820000000000000000e+02 1.913000000000000000e+03 1.835200000000000000e+04
1.700000000000000000e+02 1.000000000000000000e+00 1.900000000000000000e+01 1.800000000000000000e+02 1.892000000000000000e+03 1.817100000000000000e+04
1.710000000000000000e+02 1.000000000000000000e+00 1.800000000000000000e+01 1.790000000000000000e+02 1.873000000000000000e+03 1.800000000000000000e+04
1.720000000000000000e+02 1.000000000000000000e+00 1.800000000000000000e+01 1.790000000000000000e+02 1.856000000000000000e+03 1.784400000000000000e+04
1.730000000000000000e+02 1.000000000000000000e+00 1.800000000000000000e+01 1.760000000000000000e+02 1.838000000000000000e+03 1.770500000000000000e+04
1.740000000000000000e+02 1.000000000000000000e+00 1.800000000000000000e+01 1.730000000000000000e+02 1.822000000000000000e+03 1.751200000000000000e+04
1.750000000000000000e+02 1.000000000000000000e+00 1.800000000000000000e+01 1.710000000000000000e+02 1.806000000000000000e+03 1.734600000000000000e+04
1.760000000000000000e+02 1.000000000000000000e+00 1.700000000000000000e+01 1.700000000000000000e+02 1.794000000000000000e+03 1.716700000000000000e+04
1.770000000000000000e+02 1.000000000000000000e+00 1.600000000000000000e+01 1.700000000000000000e+02 1.776000000000000000e+03 1.700200000000000000e+04
1.780000000000000000e+02 1.000000000000000000e+00 1.600000000000000000e+01 1.670000000000000000e+02 1.757000000000000000e+03 1.683600000000000000e+04
1.790000000000000000e+02 1.000000000000000000e+00 1.600000000000000000e+01 1.640000000000000000e+02 1.736000000000000000e+03 1.666000000000000000e+04
1.800000000000000000e+02 1.000000000000000000e+00 1.600000000000000000e+01 1.640000000000000000e+02 1.719000000000000000e+03 1.649300000000000000e+04
1.810000000000000000e+02 1.000000000000000000e+00 1.600000000000000000e+01 1.630000000000000000e+02 1.701000000000000000e+03 1.631400000000000000e+04
1.820000000000000000e+02 1.000000000000000000e+00 1.600000000000000000e+01 1.630000000000000000e+02 1.683000000000000000e+03 1.616300000000000000e+04
1.830000000000000000e+02 1.000000000000000000e+00 1.600000000000000000e+01 1.610000000000000000e+02 1.671000000000000000e+03 1.600800000000000000e+04
1.840000000000000000e+02 1.000000000000000000e+00 1.600000000000000000e+01 1.610000000000000000e+02 1.656000000000000000e+03 1.585100000000000000e+04
1.850000000000000000e+02 1.000000000000000000e+00 1.600000000000000000e+01 1.600000000000000000e+02 1.642000000000000000e+03 1.568500000000000000e+04
1.860000000000000000e+02 1.000000000000000000e+00 1.500000000000000000e+01 1.600000000000000000e+02 1.623000000000000000e+03 1.552100000000000000e+04
1.870000000000000000e+02 1.000000000000000000e+00 1.400000000000000000e+01 1.580000000000000000e+02 1.606000000000000000e+03 1.535500000000000000e+04
1.880000000000000000e+02 1.000000000000000000e+00 1.400000000000000000e+01 1.570000000000000000e+02 1.585000000000000000e+03 1.520100000000000000e+04
1.890000000000000000e+02 1.000000000000000000e+00 1.400000000000000000e+01 1.550000000000000000e+02 1.571000000000000000e+03 1.503200000000000000e+04
1.900000000000000000e+02 1.000000000000000000e+00 1.400000000000000000e+01 1.520000000000000000e+02 1.552000000000000000e+03 1.485200000000000000e+04
1.910000000000000000e+02 1.000000000000000000e+00 1.400000000000000000e+01 1.510000000000000000e+02 1.541000000000000000e+03 1.468000000000000000e+04
1.920000000000000000e+02 1.000000000000000000e+00 1.400000000000000000e+01 1.480000000000000000e+02 1.526000000000000000e+03 1.452100000000000000e+04
1.930000000000000000e+02 1.000000000000000000e+00 1.400000000000000000e+01 1.480000000000000000e+02 1.515000000000000000e+03 1.437700000000000000e+04
1.940000000000000000e+02 0.000000000000000000e+00 1.300000000000000000e+01 1.460000000000000000e+02 1.499000000000000000e+03 1.423300000000000000e+04
1.950000000000000000e+02 0.000000000000000000e+00 1.300000000000000000e+01 1.450000000000000000e+02 1.484000000000000000e+03 1.410500000000000000e+04
1.960000000000000000e+02 0.000000000000000000e+00 1.200000000000000000e+01 1.450000000000000000e+02 1.465000000000000000e+03 1.398200000000000000e+04
1.970000000000000000e+02 0.000000000000000000e+00 1.100000000000000000e+01 1.430000000000000000e+02 1.449000000000000000e+03 1.382800000000000000e+04
1.980000000000000000e+02 0.000000000000000000e+00 1.100000000000000000e+01 1.410000000000000000e+02 1.436000000000000000e+03 1.369800000000000000e+04
1.990000000000000000e+02 0.000000000000000000e+00 1.100000000000000000e+01 1.400000000000000000e+02 1.422000000000000000e+03 1.357200000000000000e+04
2.000000000000000000e+02 0.000000000000000000e+00 1.100000000000000000e+01 1.400000000000000000e+02 1.409000000000000000e+03 1.344300000000000000e+04
2.010000000000000000e+02 0.000000000000000000e+00 1.100000000000000000e+01 1.400000000000000000e+02 1.402000000000000000e+03 1.331000000000000000e+04
2.020000000000000000e+02 0.000000000000000000e+00 1.100000000000000000e+01 1.380000000000000000e+02 1.386000000000000000e+03 1.316900000000000000e+04
2.030000000000000000e+02 0.000000000000000000e+00 1.100000000000000000e+01 1.370000000000000000e+02 1.371000000000000000e+03 1.302400000000000000e+04
2.040000000000000000e+02 0.000000000000000000e+00 1.100000000000000000e+01 1.360000000000000000e+02 1.364000000000000000e+03 1.291700000000000000e+04
2.050000000000000000e+02 0.000000000000000000e+00 1.100000000000000000e+01 1.350000000000000000e+02 1.357000000000000000e+03 1.279400000000000000e+04
2.060000000000000000e+02 0.000000000000000000e+00 1.100000000000000000e+01 1.340000000000000000e+02 1.342000000000000000e+03 1.266500000000000000e+04
2.070000000000000000e+02 0.000000000000000000e+00 1.100000000000000000e+01 1.330000000000000000e+02 1.331000000000000000e+03 1.254400000000000000e+04
2.080000000000000000e+02 0.000000000000000000e+00 1.100000000000000000e+01 1.310000000000000000e+02 1.319000000000000000e+03 1.243600000000000000e+04
2.090000000000000000e+02 0.000000000000000000e+00 1.100000000000000000e+01 1.290000000000000000e+02 1.308000000000000000e+03 1.232700000000000000e+04
2.100000000000000000e+02 0.000000000000000000e+00 1.100000000000000000e+01 1.280000000000000000e+02 1.290000000000000000e+03 1.220400000000000000e+04
2.110000000000000000e+02 0.000000000000000000e+00 1.100000000000000000e+01 1.280000000000000000e+02 1.281000000000000000e+03 1.208600000000000000e+04
2.120000000000000000e+02 0.000000000000000000e+00 1.100000000000000000e+01 1.260000000000000000e+02 1.270000000000000000e+03 1.197700000000000000e+04
2.130000000000000000e+02 0.000000000000000000e+00 1.000000000000000000e+01 1.250000000000000000e+02 1.258000000000000000e+03 1.186800000000000000e+04
2.140000000000000000e+02 0.000000000000000000e+00 1.000000000000000000e+01 1.250000000000000000e+02 1.249000000000000000e+03 1.174300000000000000e+04
2.150000000000000000e+02 0.000000000000000000e+00 1.000000000000000000e+01 1.250000000000000000e+02 1.233000000000000000e+03 1.162600000000000000e+04
2.160000000000000000e+02 0.000000000000000000e+00 1.000000000000000000e+01 1.210000000000000000e+02 1.221000000000000000e+03 1.152400000000000000e+04
2.170000000000000000e+02 0.000000000000000000e+00 1.000000000000000000e+01 1.200000000000000000e+02 1.212000000000000000e+03 1.141800000000000000e+04
2.180000000000000000e+02 0.000000000000000000e+00 1.000000000000000000e+01 1.160000000000000000e+02 1.203000000000000000e+03 1.129200000000000000e+04
2.190000000000000000e+02 0.000000000000000000e+00 1.000000000000000000e+01 1.160000000000000000e+02 1.192000000000000000e+03 1.117400000000000000e+04
2.200000000000000000e+02 0.000000000000000000e+00 1.000000000000000000e+01 1.150000000000000000e+02 1.180000000000000000e+03 1.104800000000000000e+04
2.210000000000000000e+02 0.000000000000000000e+00 1.000000000000000000e+01 1.110000000000000000e+02 1.170000000000000000e+03 1.094600000000000000e+04
2.220000000000000000e+02 0.000000000000000000e+00 9.000000000000000000e+00 1.110000000000000000e+02 1.155000000000000000e+03 1.084100000000000000e+04
2.230000000000000000e+02 0.000000000000000000e+00 9.000000000000000000e+00 1.100000000000000000e+02 1.147000000000000000e+03 1.072200000000000000e+04
2.240000000000000000e+02 0.000000000000000000e+00 9.000000000000000000e+00 1.100000000000000000e+02 1.127000000000000000e+03 1.062000000000000000e+04
2.250000000000000000e+02 0.000000000000000000e+00 9.000000000000000000e+00 1.100000000000000000e+02 1.114000000000000000e+03 1.054300000000000000e+04
2.260000000000000000e+02 0.000000000000000000e+00 8.000000000000000000e+00 1.080000000000000000e+02 1.101000000000000000e+03 1.044000000000000000e+04
2.270000000000000000e+02 0.000000000000000000e+00 8.000000000000000000e+00 1.080000000000000000e+02 1.091000000000000000e+03 1.033700000000000000e+04
2.280000000000000000e+02 0.000000000000000000e+00 7.000000000000000000e+00 1.060000000000000000e+02 1.076000000000000000e+03 1.025000000000000000e+04
2.290000000000000000e+02 0.000000000000000000e+00 7.000000000000000000e+00 1.050000000000000000e+02 1.066000000000000000e+03 1.014900000000000000e+04
2.300000000000000000e+02 0.000000000000000000e+00 7.000000000000000000e+00 1.050000000000000000e+02 1.056000000000000000e+03 1.006000000000000000e+04
2.310000000000000000e+02 0.000000000000000000e+00 7.000000000000000000e+00 1.000000000000000000e+02 1.045000000000000000e+03 9.963000000000000000e+03
2.320000000000000000e+02 0.000000000000000000e+00 7.000000000000000000e+00 9.900000000000000000e+01 1.033000000000000000e+03 9.864000000000000000e+03
2.330000000000000000e+02 0.000000000000000000e+00 6.000000000000000000e+00 9.700000000000000000e+01 1.025000000000000000e+03 9.765000000000000000e+03
2.340000000000000000e+02 0.000000000000000000e+00 5.000000000000000000e+00 9.600000000000000000e+01 1.018000000000000000e+03 9.667000000000000000e+03
2.350000000000000000e+02 0.000000000000000000e+00 5.000000000000000000e+00 9.400000000000000000e+01 1.011000000000000000e+03 9.566000000000000000e+03
2.360000000000000000e+02 0.000000000000000000e+00 4.000000000000000000e+00 9.300000000000000000e+01 9.970000000000000000e+02 9.471000000000000000e+03
2.370000000000000000e+02 0.000000000000000000e+00 4.000000000000000000e+00 9.200000000000000000e+01 9.860000000000000000e+02 9.391000000000000000e+03
2.380000000000000000e+02 0.000000000000000000e+00 4.000000000000000000e+00 9.200000000000000000e+01 9.730000000000000000e+02 9.291000000000000000e+03
2.390000000000000000e+02 0.000000000000000000e+00 4.000000000000000000e+00 9.200000000000000000e+01 9.650000000000000000e+02 9.212000000000000000e+03
2.400000000000000000e+02 0.000000000000000000e+00 4.000000000000000000e+00 9.100000000000000000e+01 9.480000000000000000e+02 9.108000000000000000e+03
2.410000000000000000e+02 0.000000000000000000e+00 4.000000000000000000e+00 9.000000000000000000e+01 9.340000000000000000e+02 9.002000000000000000e+03
2.420000000000000000e+02 0.000000000000000000e+00 4.000000000000000000e+00 8.900000000000000000e+01 9.270000000000000000e+02 8.916000000000000000e+03
2.430000000000000000e+02 0.000000000000000000e+00 4.000000000000000000e+00 8.600000000000000000e+01 9.130000000000000000e+02 8.837000000000000000e+03
2.440000000000000000e+02 0.000000000000000000e+00 4.000000000000000000e+00 8.600000000000000000e+01 9.070000000000000000e+02 8.751000000000000000e+03
2.450000000000000000e+02 0.000000000000000000e+00 4.000000000000000000e+00 8.600000000000000000e+01 8.940000000000000000e+02 8.650000000000000000e+03
2.460000000000000000e+02 0.000000000000000000e+00 4.000000000000000000e+00 8.400000000000000000e+01 8.840000000000000000e+02 8.578000000000000000e+03
2.470000000000000000e+02 0.000000000000000000e+00 4.000000000000000000e+00 8.300000000000000000e+01 8.780000000000000000e+02 8.507000000000000000e+03
2.480000000000000000e+02 0.000000000000000000e+00 4.000000000000000000e+00 8.200000000000000000e+01 8.680000000000000000e+02 8.416000000000000000e+03
2.490000000000000000e+02 0.000000000000000000e+00 4.000000000000000000e+00 8.100000000000000000e+01 8.590000000000000000e+02 8.336000000000000000e+03
2.500000000000000000e+02 0.000000000000000000e+00 4.000000000000000000e+00 8.000000000000000000e+01 8.460000000000000000e+02 8.239000000000000000e+03
2.510000000000000000e+02 0.000000000000000000e+00 4.000000000000000000e+00 7.900000000000000000e+01 8.360000000000000000e+02 8.153000000000000000e+03
2.520000000000000000e+02 0.000000000000000000e+00 4.000000000000000000e+00 7.900000000000000000e+01 8.300000000000000000e+02 8.073000000000000000e+03
2.530000000000000000e+02 0.000000000000000000e+00 4.000000000000000000e+00 7.900000000000000000e+01 8.180000000000000000e+02 7.979000000000000000e+03
2.540000000000000000e+02 0.000000000000000000e+00 3.000000000000000000e+00 7.900000000000000000e+01 8.120000000000000000e+02 7.899000000000000000e+03
2.550000000000000000e+02 0.000000000000000000e+00 3.000000000000000000e+00 7.800000000000000000e+01 8.070000000000000000e+02 7.812000000000000000e+03
2.560000000000000000e+02 0.000000000000000000e+00 3.000000000000000000e+00 7.700000000000000000e+01 8.020000000000000000e+02 7.718000000000000000e+03
2.570000000000000000e+02 0.000000000000000000e+00 3.000000000000000000e+00 7.600000000000000000e+01 7.960000000000000000e+02 7.646000000000000000e+03
2.580000000000000000e+02 0.000000000000000000e+00 3.000000000000000000e+00 7.500000000000000000e+01 7.880000000000000000e+02 7.573000000000000000e+03
2.590000000000000000e+02 0.000000000000000000e+00 3.000000000000000000e+00 7.500000000000000000e+01 7.790000000000000000e+02 7.496000000000000000e+03
2.600000000000000000e+02 0.000000000000000000e+00 3.000000000000000000e+00 7.400000000000000000e+01 7.730000000000000000e+02 7.432000000000000000e+03
2.610000000000000000e+02 0.000000000000000000e+00 3.000000000000000000e+00 7.300000000000000000e+01 7.690000000000000000e+02 7.357000000000000000e+03
2.620000000000000000e+02 0.000000000000000000e+00 3.000000000000000000e+00 7.200000000000000000e+01 7.620000000000000000e+02 7.281000000000000000e+03
2.630000000000000000e+02 0.000000000000000000e+00 3.000000000000000000e+00 7.000000000000000000e+01 7.540000000000000000e+02 7.212000000000000000e+03
2.640000000000000000e+02 0.000000000000000000e+00 3.000000000000000000e+00 6.600000000000000000e+01 7.480000000000000000e+02 7.137000000000000000e+03
2.650000000000000000e+02 0.000000000000000000e+00 3.000000000000000000e+00 6.500000000000000000e+01 7.420000000000000000e+02 7.069000000000000000e+03
2.660000000000000000e+02 0.000000000000000000e+00 3.000000000000000000e+00 6.500000000000000000e+01 7.340000000000000000e+02 7.005000000000000000e+03
2.670000000000000000e+02 0.000000000000000000e+00 3.000000000000000000e+00 6.300000000000000000e+01 7.240000000000000000e+02 6.922000000000000000e+03
2.680000000000000000e+02 0.000000000000000000e+00 3.000000000000000000e+00 6.300000000000000000e+01 7.180000000000000000e+02 6.850000000000000000e+03
2.690000000000000000e+02 0.000000000000000000e+00 3.000000000000000000e+00 6.200000000000000000e+01 7.110000000000000000e+02 6.774000000000000000e+03
2.700000000000000000e+02 0.000000000000000000e+00 3.000000000000000000e+00 6.200000000000000000e+01 7.030000000000000000e+02 6.710000000000000000e+03
2.710000000000000000e+02 0.000000000000000000e+00 3.000000000000000000e+00 6.200000000000000000e+01 6.960000000000000000e+02 6.639000000000000000e+03
2.720000000000000000e+02 0.000000000000000000e+00 3.000000000000000000e+00 6.100000000000000000e+01 6.900000000000000000e+02 6.575000000000000000e+03
2.730000000000000000e+02 0.000000000000000000e+00 3.000000000000000000e+00 6.000000000000000000e+01 6.850000000000000000e+02 6.516000000000000000e+03
2.740000000000000000e+02 0.000000000000000000e+00 3.000000000000000000e+00 6.000000000000000000e+01 6.790000000000000000e+02 6.457000000000000000e+03
2.750000000000000000e+02 0.000000000000000000e+00 3.000000000000000000e+00 6.000000000000000000e+01 6.710000000000000000e+02 6.394000000000000000e+03
2.760000000000000000e+02 0.000000000000000000e+00 3.000000000000000000e+00 5.800000000000000000e+01 6.660000000000000000e+02 6.335000000000000000e+03
2.770000000000000000e+02 0.000000000000000000e+00 3.000000000000000000e+00 5.700000000000000000e+01 6.630000000000000000e+02 6.277000000000000000e+03
2.780000000000000000e+02 0.000000000000000000e+00 3.000000000000000000e+00 5.700000000000000000e+01 6.580000000000000000e+02 6.207000000000000000e+03
2.790000000000000000e+02 0.000000000000000000e+00 3.000000000000000000e+00 5.500000000000000000e+01 6.520000000000000000e+02 6.137000000000000000e+03
2.800000000000000000e+02 0.000000000000000000e+00 3.000000000000000000e+00 5.500000000000000000e+01 6.450000000000000000e+02 6.077000000000000000e+03
2.810000000000000000e+02 0.000000000000000000e+00 3.000000000000000000e+00 5.500000000000000000e+01 6.420000000000000000e+02 6.019000000000000000e+03
2.820000000000000000e+02 0.000000000000000000e+00 3.000000000000000000e+00 5.500000000000000000e+01 6.370000000000000000e+02 5.962000000000000000e+03
2.830000000000000000e+02 0.000000000000000000e+00 3.000000000000000000e+00 5.500000000000000000e+01 6.310000000000000000e+02 5.919000000000000000e+03
2.840000000000000000e+02 0.000000000000000000e+00 3.000000000000000000e+00 5.500000000000000000e+01 6.270000000000000000e+02 5.872000000000000000e+03
2.850000000000000000e+02 0.000000000000000000e+00 3.000000000000000000e+00 5.500000000000000000e+01 6.220000000000000000e+02 5.815000000000000000e+03
2.860000000000000000e+02 0.000000000000000000e+00 3.000000000000000000e+00 5.400000000000000000e+01 6.100000000000000000e+02 5.762000000000000000e+03
2.870000000000000000e+02 0.000000000000000000e+00 3.000000000000000000e+00 5.300000000000000000e+01 6.020000000000000000e+02 5.713000000000000000e+03
2.880000000000000000e+02 0.000000000000000000e+00 3.000000000000000000e+00 5.300000000000000000e+01 5.950000000000000000e+02 5.671000000000000000e+03
2.890000000000000000e+02 0.000000000000000000e+00 3.000000000000000000e+00 5.200000000000000000e+01 5.850000000000000000e+02 5.613000000000000000e+03
2.900000000000000000e+02 0.000000000000000000e+00 3.000000000000000000e+00 5.200000000000000000e+01 5.760000000000000000e+02 5.553000000000000000e+03
2.910000000000000000e+02 0.000000000000000000e+00 3.000000000000000000e+00 5.100000000000000000e+01 5.700000000000000000e+02 5.505000000000000000e+03
2.920000000000000000e+02 0.000000000000000000e+00 3.000000000000000000e+00 5.100000000000000000e+01 5.630000000000000000e+02 5.446000000000000000e+03
2.930000000000000000e+02 0.000000000000000000e+00 3.000000000000000000e+00 5.000000000000000000e+01 5.610000000000000000e+02 5.390000000000000000e+03
2.940000000000000000e+02 0.000000000000000000e+00 3.000000000000000000e+00 5.000000000000000000e+01 5.510000000000000000e+02 5.329000000000000000e+03
2.950000000000000000e+02 0.000000000000000000e+00 3.000000000000000000e+00 5.000000000000000000e+01 5.430000000000000000e+02 5.274000000000000000e+03
2.960000000000000000e+02 0.000000000000000000e+00 3.000000000000000000e+00 5.000000000000000000e+01 5.400000000000000000e+02 5.230000000000000000e+03
2.970000000000000000e+02 0.000000000000000000e+00 3.000000000000000000e+00 5.000000000000000000e+01 5.360000000000000000e+02 5.170000000000000000e+03
2.980000000000000000e+02 0.000000000000000000e+00 3.000000000000000000e+00 5.000000000000000000e+01 5.340000000000000000e+02 5.126000000000000000e+03
2.990000000000000000e+02 0.000000000000000000e+00 3.000000000000000000e+00 5.000000000000000000e+01 5.290000000000000000e+02 5.076000000000000000e+03
3.000000000000000000e+02 0.000000000000000000e+00 3.000000000000000000e+00 5.000000000000000000e+01 5.260000000000000000e+02 5.020000000000000000e+03
3.010000000000000000e+02 0.000000000000000000e+00 3.000000000000000000e+00 5.000000000000000000e+01 5.250000000000000000e+02 4.978000000000000000e+03
3.020000000000000000e+02 0.000000000000000000e+00 3.000000000000000000e+00 5.000000000000000000e+01 5.240000000000000000e+02 4.937000000000000000e+03
3.030000000000000000e+02 0.000000000000000000e+00 3.000000000000000000e+00 4.900000000000000000e+01 5.210000000000000000e+02 4.891000000000000000e+03
3.040000000000000000e+02 0.000000000000000000e+00 3.000000000000000000e+00 4.900000000000000000e+01 5.160000000000000000e+02 4.831000000000000000e+03
3.050000000000000000e+02 0.000000000000000000e+00 3.000000000000000000e+00 4.700000000000000000e+01 5.110000000000000000e+02 4.787000000000000000e+03
3.060000000000000000e+02 0.000000000000000000e+00 3.000000000000000000e+00 4.600000000000000000e+01 5.040000000000000000e+02 4.734000000000000000e+03
3.070000000000000000e+02 0.000000000000000000e+00 3.000000000000000000e+00 4.600000000000000000e+01 5.000000000000000000e+02 4.689000000000000000e+03
3.080000000000000000e+02 0.000000000000000000e+00 3.000000000000000000e+00 4.600000000000000000e+01 4.970000000000000000e+02 4.635000000000000000e+03
3.090000000000000000e+02 0.000000000000000000e+00 3.000000000000000000e+00 4.600000000000000000e+01 4.900000000000000000e+02 4.587000000000000000e+03
3.100000000000000000e+02 0.000000000000000000e+00 3.000000000000000000e+00 4.600000000000000000e+01 4.860000000000000000e+02 4.531000000000000000e+03
3.110000000000000000e+02 0.000000000000000000e+00 3.000000000000000000e+00 4.600000000000000000e+01 4.820000000000000000e+02 4.493000000000000000e+03
3.120000000000000000e+02 0.000000000000000000e+00 3.000000000000000000e+00 4.500000000000000000e+01 4.770000000000000000e+02 4.441000000000000000e+03
3.130000000000000000e+02 0.000000000000000000e+00 3.000000000000000000e+00 4.500000000000000000e+01 4.750000000000000000e+02 4.382000000000000000e+03
3.140000000000000000e+02 0.000000000000000000e+00 3.000000000000000000e+00 4.500000000000000000e+01 4.710000000000000000e+02 4.333000000000000000e+03
3.150000000000000000e+02 0.000000000000000000e+00 3.000000000000000000e+00 4.500000000000000000e+01 4.680000000000000000e+02 4.290000000000000000e+03
3.160000000000000000e+02 0.000000000000000000e+00 3.000000000000000000e+00 4.500000000000000000e+01 4.630000000000000000e+02 4.241000000000000000e+03
3.170000000000000000e+02 0.000000000000000000e+00 3.000000000000000000e+00 4.400000000000000000e+01 4.580000000000000000e+02 4.202000000000000000e+03
3.180000000000000000e+02 0.000000000000000000e+00 3.000000000000000000e+00 4.300000000000000000e+01 4.480000000000000000e+02 4.172000000000000000e+03
3.190000000000000000e+02 0.000000000000000000e+00 3.000000000000000000e+00 4.300000000000000000e+01 4.450000000000000000e+02 4.133000000000000000e+03
3.200000000000000000e+02 0.000000000000000000e+00 3.000000000000000000e+00 4.300000000000000000e+01 4.390000000000000000e+02 4.092000000000000000e+03
3.210000000000000000e+02 0.000000000000000000e+00 3.000000000000000000e+00 4.300000000000000000e+01 4.340000000000000000e+02 4.051000000000000000e+03
3.220000000000000000e+02 0.000000000000000000e+00 3.000000000000000000e+00 4.200000000000000000e+01 4.320000000000000000e+02 4.014000000000000000e+03
3.230000000000000000e+02 0.000000000000000000e+00 3.000000000000000000e+00 4.200000000000000000e+01 4.250000000000000000e+02 3.974000000000000000e+03
3.240000000000000000e+02 0.000000000000000000e+00 3.000000000000000000e+00 4.000000000000000000e+01 4.220000000000000000e+02 3.938000000000000000e+03
3.250000000000000000e+02 0.000000000000000000e+00 3.000000000000000000e+00 3.900000000000000000e+01 4.180000000000000000e+02 3.903000000000000000e+03
3.260000000000000000e+02 0.000000000000000000e+00 3.000000000000000000e+00 3.900000000000000000e+01 4.130000000000000000e+02 3.868000000000000000e+03
3.270000000000000000e+02 0.000000000000000000e+00 3.000000000000000000e+00 3.900000000000000000e+01 4.070000000000000000e+02 3.829000000000000000e+03
3.280000000000000000e+02 0.000000000000000000e+00 3.000000000000000000e+00 3.900000000000000000e+01 4.010000000000000000e+02 3.804000000000000000e+03
3.290000000000000000e+02 0.000000000000000000e+00 3.000000000000000000e+00 3.900000000000000000e+01 3.950000000000000000e+02 3.770000000000000000e+03
3.300000000000000000e+02 0.000000000000000000e+00 3.000000000000000000e+00 3.800000000000000000e+01 3.890000000000000000e+02 3.723000000000000000e+03
3.310000000000000000e+02 0.000000000000000000e+00 3.000000000000000000e+00 3.800000000000000000e+01 3.870000000000000000e+02 3.693000000000000000e+03
3.320000000000000000e+02 0.000000000000000000e+00 3.000000000000000000e+00 3.800000000000000000e+01 3.840000000000000000e+02 3.666000000000000000e+03
3.330000000000000000e+02 0.000000000000000000e+00 2.000000000000000000e+00 3.800000000000000000e+01 3.790000000000000000e+02 3.633000000000000000e+03
3.340000000000000000e+02 0.000000000000000000e+00 2.000000000000000000e+00 3.800000000000000000e+01 3.760000000000000000e+02 3.598000000000000000e+03
3.350000000000000000e+02 0.000000000000000000e+00 2.000000000000000000e+00 3.800000000000000000e+01 3.750000000000000000e+02 3.559000000000000000e+03
3.360000000000000000e+02 0.000000000000000000e+00 2.000000000000000000e+00 3.700000000000000000e+01 3.730000000000000000e+02 3.517000000000000000e+03
3.370000000000000000e+02 0.000000000000000000e+00 2.000000000000000000e+00 3.600000000000000000e+01 3.680000000000000000e+02 3.489000000000000000e+03
3.380000000000000000e+02 0.000000000000000000e+00 2.000000000000000000e+00 3.500000000000000000e+01 3.640000000000000000e+02 3.453000000000000000e+03
3.390000000000000000e+02 0.000000000000000000e+00 2.000000000000000000e+00 3.500000000000000000e+01 3.590000000000000000e+02 3.419000000000000000e+03
3.400000000000000000e+02 0.000000000000000000e+00 2.000000000000000000e+00 3.500000000000000000e+01 3.510000000000000000e+02 3.380000000000000000e+03
3.410000000000000000e+02 0.000000000000000000e+00 2.000000000000000000e+00 3.500000000000000000e+01 3.480000000000000000e+02 3.353000000000000000e+03
3.420000000000000000e+02 0.000000000000000000e+00 2.000000000000000000e+00 3.500000000000000000e+01 3.480000000000000000e+02 3.325000000000000000e+03
3.430000000000000000e+02 0.000000000000000000e+00 2.000000000000000000e+00 3.500000000000000000e+01 3.430000000000000000e+02 3.293000000000000000e+03
3.440000000000000000e+02 0.000000000000000000e+00 2.000000000000000000e+00 3.500000000000000000e+01 3.420000000000000000e+02 3.263000000000000000e+03
3.450000000000000000e+02 0.000000000000000000e+00 2.000000000000000000e+00 3.500000000000000000e+01 3.380000000000000000e+02 3.229000000000000000e+03
3.460000000000000000e+02 0.000000000000000000e+00 2.000000000000000000e+00 3.500000000000000000e+01 3.300000000000000000e+02 3.188000000000000000e+03
3.470000000000000000e+02 0.000000000000000000e+00 1.000000000000000000e+00 3.500000000000000000e+01 3.230000000000000000e+02 3.157000000000000000e+03
3.480000000000000000e+02 0.000000000000000000e+00 1.000000000000000000e+00 3.500000000000000000e+01 3.190000000000000000e+02 3.133000000000000000e+03
3.490000000000000000e+02 0.000000000000000000e+00 1.000000000000000000e+00 3.400000000000000000e+01 3.170000000000000000e+02 3.108000000000000000e+03
3.500000000000000000e+02 0.000000000000000000e+00 1.000000000000000000e+00 3.400000000000000000e+01 3.130000000000000000e+02 3.079000000000000000e+03
3.510000000000000000e+02 0.000000000000000000e+00 1.000000000000000000e+00 3.300000000000000000e+01 3.100000000000000000e+02 3.044000000000000000e+03
3.520000000000000000e+02 0.000000000000000000e+00 1.000000000000000000e+00 3.100000000000000000e+01 3.070000000000000000e+02 3.021000000000000000e+03
3.530000000000000000e+02 0.000000000000000000e+00 1.000000000000000000e+00 3.100000000000000000e+01 3.040000000000000000e+02 2.991000000000000000e+03
3.540000000000000000e+02 0.000000000000000000e+00 1.000000000000000000e+00 3.100000000000000000e+01 3.010000000000000000e+02 2.962000000000000000e+03
3.550000000000000000e+02 0.000000000000000000e+00 1.000000000000000000e+00 3.100000000000000000e+01 2.970000000000000000e+02 2.925000000000000000e+03
3.560000000000000000e+02 0.000000000000000000e+00 1.000000000000000000e+00 3.100000000000000000e+01 2.950000000000000000e+02 2.897000000000000000e+03
3.570000000000000000e+02 0.000000000000000000e+00 1.000000000000000000e+00 3.100000000000000000e+01 2.930000000000000000e+02 2.873000000000000000e+03
3.580000000000000000e+02 0.000000000000000000e+00 1.000000000000000000e+00 3.100000000000000000e+01 2.910000000000000000e+02 2.848000000000000000e+03
3.590000000000000000e+02 0.000000000000000000e+00 1.000000000000000000e+00 3.000000000000000000e+01 2.850000000000000000e+02 2.825000000000000000e+03
3.600000000000000000e+02 0.000000000000000000e+00 1.000000000000000000e+00 3.000000000000000000e+01 2.820000000000000000e+02 2.791000000000000000e+03
3.610000000000000000e+02 0.000000000000000000e+00 1.000000000000000000e+00 3.000000000000000000e+01 2.790000000000000000e+02 2.759000000000000000e+03
3.620000000000000000e+02 0.000000000000000000e+00 1.000000000000000000e+00 2.900000000000000000e+01 2.780000000000000000e+02 2.734000000000000000e+03
3.630000000000000000e+02 0.000000000000000000e+00 1.000000000000000000e+00 2.900000000000000000e+01 2.740000000000000000e+02 2.704000000000000000e+03
3.640000000000000000e+02 0.000000000000000000e+00 1.000000000000000000e+00 2.900000000000000000e+01 2.680000000000000000e+02 2.681000000000000000e+03
3.650000000000000000e+02 0.000000000000000000e+00 1.000000000000000000e+00 2.900000000000000000e+01 2.660000000000000000e+02 2.658000000000000000e+03
3.660000000000000000e+02 0.000000000000000000e+00 1.000000000000000000e+00 2.900000000000000000e+01 2.630000000000000000e+02 2.626000000000000000e+03
3.670000000000000000e+02 0.000000000000000000e+00 1.000000000000000000e+00 2.800000000000000000e+01 2.630000000000000000e+02 2.601000000000000000e+03
3.680000000000000000e+02 0.000000000000000000e+00 1.000000000000000000e+00 2.800000000000000000e+01 2.600000000000000000e+02 2.571000000000000000e+03
3.690000000000000000e+02 0.000000000000000000e+00 1.000000000000000000e+00 2.700000000000000000e+01 2.580000000000000000e+02 2.545000000000000000e+03
3.700000000000000000e+02 0.000000000000000000e+00 1.000000000000000000e+00 2.700000000000000000e+01 2.570000000000000000e+02 2.515000000000000000e+03
3.710000000000000000e+02 0.000000000000000000e+00 1.000000000000000000e+00 2.700000000000000000e+01 2.540000000000000000e+02 2.493000000000000000e+03
3.720000000000000000e+02 0.000000000000000000e+00 1.000000000000000000e+00 2.700000000000000000e+01 2.530000000000000000e+02 2.467000000000000000e+03
3.730000000000000000e+02 0.000000000000000000e+00 1.000000000000000000e+00 2.700000000000000000e+01 2.510000000000000000e+02 2.437000000000000000e+03
3.740000000000000000e+02 0.000000000000000000e+00 1.000000000000000000e+00 2.700000000000000000e+01 2.500000000000000000e+02 2.409000000000000000e+03
3.750000000000000000e+02 0.000000000000000000e+00 1.000000000000000000e+00 2.700000000000000000e+01 2.500000000000000000e+02 2.373000000000000000e+03
3.760000000000000000e+02 0.000000000000000000e+00 1.000000000000000000e+00 2.700000000000000000e+01 2.490000000000000000e+02 2.348000000000000000e+03
3.770000000000000000e+02 0.000000000000000000e+00 1.000000000000000000e+00 2.700000000000000000e+01 2.470000000000000000e+02 2.323000000000000000e+03
3.780000000000000000e+02 0.000000000000000000e+00 1.000000000000000000e+00 2.700000000000000000e+01 2.450000000000000000e+02 2.286000000000000000e+03
3.790000000000000000e+02 0.000000000000000000e+00 1.000000000000000000e+00 2.500000000000000000e+01 2.430000000000000000e+02 2.262000000000000000e+03
3.800000000000000000e+02 0.000000000000000000e+00 1.000000000000000000e+00 2.400000000000000000e+01 2.410000000000000000e+02 2.236000000000000000e+03
3.810000000000000000e+02 0.000000000000000000e+00 1.000000000000000000e+00 2.400000000000000000e+01 2.380000000000000000e+02 2.211000000000000000e+03
3.820000000000000000e+02 0.000000000000000000e+00 1.000000000000000000e+00 2.300000000000000000e+01 2.330000000000000000e+02 2.192000000000000000e+03
3.830000000000000000e+02 0.000000000000000000e+00 1.000000000000000000e+00 2.300000000000000000e+01 2.310000000000000000e+02 2.166000000000000000e+03
3.840000000000000000e+02 0.000000000000000000e+00 1.000000000000000000e+00 2.200000000000000000e+01 2.290000000000000000e+02 2.143000000000000000e+03
3.850000000000000000e+02 0.000000000000000000e+00 1.000000000000000000e+00 2.200000000000000000e+01 2.280000000000000000e+02 2.133000000000000000e+03
3.860000000000000000e+02 0.000000000000000000e+00 1.000000000000000000e+00 2.200000000000000000e+01 2.270000000000000000e+02 2.111000000000000000e+03
3.870000000000000000e+02 0.000000000000000000e+00 1.000000000000000000e+00 2.200000000000000000e+01 2.240000000000000000e+02 2.095000000000000000e+03
3.880000000000000000e+02 0.000000000000000000e+00 1.000000000000000000e+00 2.200000000000000000e+01 2.190000000000000000e+02 2.072000000000000000e+03
3.890000000000000000e+02 0.000000000000000000e+00 1.000000000000000000e+00 2.200000000000000000e+01 2.190000000000000000e+02 2.056000000000000000e+03
3.900000000000000000e+02 0.000000000000000000e+00 1.000000000000000000e+00 2.100000000000000000e+01 2.150000000000000000e+02 2.032000000000000000e+03
3.910000000000000000e+02 0.000000000000000000e+00 1.000000000000000000e+00 2.100000000000000000e+01 2.150000000000000000e+02 2.016000000000000000e+03
3.920000000000000000e+02 0.000000000000000000e+00 1.000000000000000000e+00 2.100000000000000000e+01 2.110000000000000000e+02 2.005000000000000000e+03
3.930000000000000000e+02 0.000000000000000000e+00 1.000000000000000000e+00 2.000000000000000000e+01 2.100000000000000000e+02 1.985000000000000000e+03
3.940000000000000000e+02 0.000000000000000000e+00 1.000000000000000000e+00 1.900000000000000000e+01 2.090000000000000000e+02 1.964000000000000000e+03
3.950000000000000000e+02 0.000000000000000000e+00 1.000000000000000000e+00 1.900000000000000000e+01 2.060000000000000000e+02 1.938000000000000000e+03
3.960000000000000000e+02 0.000000000000000000e+00 1.000000000000000000e+00 1.900000000000000000e+01 2.050000000000000000e+02 1.924000000000000000e+03
3.970000000000000000e+02 0.000000000000000000e+00 1.000000000000000000e+00 1.900000000000000000e+01 2.020000000000000000e+02 1.900000000000000000e+03
3.980000000000000000e+02 0.000000000000000000e+00 1.000000000000000000e+00 1.900000000000000000e+01 2.010000000000000000e+02 1.879000000000000000e+03
3.990000000000000000e+02 0.000000000000000000e+00 1.000000000000000000e+00 1.900000000000000000e+01 1.980000000000000000e+02 1.862000000000000000e+03
4.000000000000000000e+02 0.000000000000000000e+00 1.000000000000000000e+00 1.900000000000000000e+01 1.970000000000000000e+02 1.846000000000000000e+03
4.010000000000000000e+02 0.000000000000000000e+00 1.000000000000000000e+00 1.900000000000000000e+01 1.950000000000000000e+02 1.823000000000000000e+03
4.020000000000000000e+02 0.000000000000000000e+00 1.000000000000000000e+00 1.900000000000000000e+01 1.920000000000000000e+02 1.816000000000000000e+03
4.030000000000000000e+02 0.000000000000000000e+00 1.000000000000000000e+00 1.800000000000000000e+01 1.900000000000000000e+02 1.792000000000000000e+03
4.040000000000000000e+02 0.000000000000000000e+00 1.000000000000000000e+00 1.800000000000000000e+01 1.890000000000000000e+02 1.778000000000000000e+03
4.050000000000000000e+02 0.000000000000000000e+00 1.000000000000000000e+00 1.800000000000000000e+01 1.840000000000000000e+02 1.759000000000000000e+03
4.060000000000000000e+02 0.000000000000000000e+00 1.000000000000000000e+00 1.800000000000000000e+01 1.800000000000000000e+02 1.742000000000000000e+03
4.070000000000000000e+02 0.000000000000000000e+00 1.000000000000000000e+00 1.800000000000000000e+01 1.780000000000000000e+02 1.722000000000000000e+03
4.080000000000000000e+02 0.000000000000000000e+00 1.000000000000000000e+00 1.700000000000000000e+01 1.760000000000000000e+02 1.704000000000000000e+03
4.090000000000000000e+02 0.000000000000000000e+00 1.000000000000000000e+00 1.600000000000000000e+01 1.730000000000000000e+02 1.685000000000000000e+03
4.100000000000000000e+02 0.000000000000000000e+00 1.000000000000000000e+00 1.600000000000000000e+01 1.730000000000000000e+02 1.669000000000000000e+03
4.110000000000000000e+02 0.000000000000000000e+00 1.000000000000000000e+00 1.500000000000000000e+01 1.720000000000000000e+02 1.649000000000000000e+03
4.120000000000000000e+02 0.000000000000000000e+00 1.000000000000000000e+00 1.500000000000000000e+01 1.690000000000000000e+02 1.634000000000000000e+03
4.130000000000000000e+02 0.000000000000000000e+00 1.000000000000000000e+00 1.500000000000000000e+01 1.680000000000000000e+02 1.611000000000000000e+03
4.140000000000000000e+02 0.000000000000000000e+00 1.000000000000000000e+00 1.500000000000000000e+01 1.680000000000000000e+02 1.602000000000000000e+03
4.150000000000000000e+02 0.000000000000000000e+00 1.000000000000000000e+00 1.500000000000000000e+01 1.680000000000000000e+02 1.589000000000000000e+03
4.160000000000000000e+02 0.000000000000000000e+00 1.000000000000000000e+00 1.500000000000000000e+01 1.650000000000000000e+02 1.573000000000000000e+03
4.170000000000000000e+02 0.000000000000000000e+00 1.000000000000000000e+00 1.400000000000000000e+01 1.640000000000000000e+02 1.555000000000000000e+03
4.180000000000000000e+02 0.000000000000000000e+00 1.000000000000000000e+00 1.400000000000000000e+01 1.620000000000000000e+02 1.537000000000000000e+03
4.190000000000000000e+02 0.000000000000000000e+00 1.000000000000000000e+00 1.400000000000000000e+01 1.610000000000000000e+02 1.527000000000000000e+03
4.200000000000000000e+02 0.000000000000000000e+00 1.000000000000000000e+00 1.400000000000000000e+01 1.600000000000000000e+02 1.512000000000000000e+03
4.210000000000000000e+02 0.000000000000000000e+00 1.000000000000000000e+00 1.400000000000000000e+01 1.590000000000000000e+02 1.504000000000000000e+03
4.220000000000000000e+02 0.000000000000000000e+00 1.000000000000000000e+00 1.400000000000000000e+01 1.570000000000000000e+02 1.485000000000000000e+03
4.230000000000000000e+02 0.000000000000000000e+00 1.000000000000000000e+00 1.400000000000000000e+01 1.560000000000000000e+02 1.469000000000000000e+03
4.240000000000000000e+02 0.000000000000000000e+00 1.000000000000000000e+00 1.400000000000000000e+01 1.560000000000000000e+02 1.456000000000000000e+03
4.250000000000000000e+02 0.000000000000000000e+00 1.000000000000000000e+00 1.400000000000000000e+01 1.540000000000000000e+02 1.450000000000000000e+03
4.260000000000000000e+02 0.000000000000000000e+00 1.000000000000000000e+00 1.400000000000000000e+01 1.530000000000000000e+02 1.438000000000000000e+03
4.270000000000000000e+02 0.000000000000000000e+00 1.000000000000000000e+00 1.400000000000000000e+01 1.530000000000000000e+02 1.423000000000000000e+03
4.280000000000000000e+02 0.000000000000000000e+00 1.000000000000000000e+00 1.400000000000000000e+01 1.510000000000000000e+02 1.413000000000000000e+03
4.290000000000000000e+02 0.000000000000000000e+00 1.000000000000000000e+00 1.400000000000000000e+01 1.500000000000000000e+02 1.396000000000000000e+03
4.300000000000000000e+02 0.000000000000000000e+00 1.000000000000000000e+00 1.400000000000000000e+01 1.480000000000000000e+02 1.378000000000000000e+03
4.310000000000000000e+02 0.000000000000000000e+00 1.000000000000000000e+00 1.300000000000000000e+01 1.480000000000000000e+02 1.363000000000000000e+03
4.320000000000000000e+02 0.000000000000000000e+00 1.000000000000000000e+00 1.300000000000000000e+01 1.470000000000000000e+02 1.346000000000000000e+03
4.330000000000000000e+02 0.000000000000000000e+00 1.000000000000000000e+00 1.300000000000000000e+01 1.460000000000000000e+02 1.338000000000000000e+03
4.340000000000000000e+02 0.000000000000000000e+00 1.000000000000000000e+00 1.300000000000000000e+01 1.460000000000000000e+02 1.327000000000000000e+03
4.350000000000000000e+02 0.000000000000000000e+00 1.000000000000000000e+00 1.300000000000000000e+01 1.430000000000000000e+02 1.314000000000000000e+03
4.360000000000000000e+02 0.000000000000000000e+00 1.000000000000000000e+00 1.300000000000000000e+01 1.420000000000000000e+02 1.297000000000000000e+03
4.370000000000000000e+02 0.000000000000000000e+00 1.000000000000000000e+00 1.300000000000000000e+01 1.410000000000000000e+02 1.281000000000000000e+03
4.380000000000000000e+02 0.000000000000000000e+00 1.000000000000000000e+00 1.300000000000000000e+01 1.390000000000000000e+02 1.266000000000000000e+03
4.390000000000000000e+02 0.000000000000000000e+00 1.000000000000000000e+00 1.300000000000000000e+01 1.370000000000000000e+02 1.255000000000000000e+03
4.400000000000000000e+02 0.000000000000000000e+00 1.000000000000000000e+00 1.200000000000000000e+01 1.350000000000000000e+02 1.246000000000000000e+03
4.410000000000000000e+02 0.000000000000000000e+00 1.000000000000000000e+00 1.200000000000000000e+01 1.330000000000000000e+02 1.231000000000000000e+03
4.420000000000000000e+02 0.000000000000000000e+00 1.000000000000000000e+00 1.200000000000000000e+01 1.320000000000000000e+02 1.218000000000000000e+03
4.430000000000000000e+02 0.000000000000000000e+00 1.000000000000000000e+00 1.200000000000000000e+01 1.290000000000000000e+02 1.209000000000000000e+03
4.440000000000000000e+02 0.000000000000000000e+00 1.000000000000000000e+00 1.200000000000000000e+01 1.280000000000000000e+02 1.196000000000000000e+03
4.450000000000000000e+02 0.000000000000000000e+00 1.000000000000000000e+00 1.200000000000000000e+01 1.260000000000000000e+02 1.186000000000000000e+03
4.460000000000000000e+02 0.000000000000000000e+00 1.000000000000000000e+00 1.200000000000000000e+01 1.250000000000000000e+02 1.169000000000000000e+03
4.470000000000000000e+02 0.000000000000000000e+00 1.000000000000000000e+00 1.100000000000000000e+01 1.240000000000000000e+02 1.151000000000000000e+03
4.480000000000000000e+02 0.000000000000000000e+00 1.000000000000000000e+00 1.100000000000000000e+01 1.230000000000000000e+02 1.140000000000000000e+03
4.490000000000000000e+02 0.000000000000000000e+00 1.000000000000000000e+00 1.100000000000000000e+01 1.230000000000000000e+02 1.126000000000000000e+03
4.500000000000000000e+02 0.000000000000000000e+00 1.000000000000000000e+00 1.100000000000000000e+01 1.210000000000000000e+02 1.112000000000000000e+03
4.510000000000000000e+02 0.000000000000000000e+00 1.000000000000000000e+00 1.100000000000000000e+01 1.200000000000000000e+02 1.099000000000000000e+03
4.520000000000000000e+02 0.000000000000000000e+00 1.000000000000000000e+00 1.100000000000000000e+01 1.200000000000000000e+02 1.090000000000000000e+03
4.530000000000000000e+02 0.000000000000000000e+00 1.000000000000000000e+00 1.100000000000000000e+01 1.200000000000000000e+02 1.078000000000000000e+03
4.540000000000000000e+02 0.000000000000000000e+00 1.000000000000000000e+00 1.100000000000000000e+01 1.170000000000000000e+02 1.070000000000000000e+03
4.550000000000000000e+02 0.000000000000000000e+00 1.000000000000000000e+00 1.100000000000000000e+01 1.150000000000000000e+02 1.061000000000000000e+03
4.560000000000000000e+02 0.000000000000000000e+00 1.000000000000000000e+00 1.100000000000000000e+01 1.150000000000000000e+02 1.049000000000000000e+03
4.570000000000000000e+02 0.000000000000000000e+00 1.000000000000000000e+00 1.100000000000000000e+01 1.140000000000000000e+02 1.043000000000000000e+03
4.580000000000000000e+02 0.000000000000000000e+00 1.000000000000000000e+00 1.100000000000000000e+01 1.130000000000000000e+02 1.032000000000000000e+03
4.590000000000000000e+02 0.000000000000000000e+00 1.000000000000000000e+00 1.100000000000000000e+01 1.130000000000000000e+02 1.017000000000000000e+03
4.600000000000000000e+02 0.000000000000000000e+00 1.000000000000000000e+00 1.100000000000000000e+01 1.120000000000000000e+02 1.004000000000000000e+03
4.610000000000000000e+02 0.000000000000000000e+00 1.000000000000000000e+00 1.100000000000000000e+01 1.100000000000000000e+02 9.940000000000000000e+02
4.620000000000000000e+02 0.000000000000000000e+00 1.000000000000000000e+00 1.100000000000000000e+01 1.100000000000000000e+02 9.800000000000000000e+02
4.630000000000000000e+02 0.000000000000000000e+00 1.000000000000000000e+00 1.100000000000000000e+01 1.090000000000000000e+02 9.750000000000000000e+02
4.640000000000000000e+02 0.000000000000000000e+00 1.000000000000000000e+00 1.100000000000000000e+01 1.050000000000000000e+02 9.680000000000000000e+02
4.650000000000000000e+02 0.000000000000000000e+00 1.000000000000000000e+00 1.100000000000000000e+01 1.030000000000000000e+02 9.540000000000000000e+02
4.660000000000000000e+02 0.000000000000000000e+00 1.000000000000000000e+00 1.100000000000000000e+01 1.020000000000000000e+02 9.460000000000000000e+02
4.670000000000000000e+02 0.000000000000000000e+00 1.000000000000000000e+00 1.100000000000000000e+01 1.000000000000000000e+02 9.300000000000000000e+02
4.680000000000000000e+02 0.000000000000000000e+00 1.000000000000000000e+00 1.100000000000000000e+01 1.000000000000000000e+02 9.200000000000000000e+02
4.690000000000000000e+02 0.000000000000000000e+00 1.000000000000000000e+00 1.100000000000000000e+01 9.900000000000000000e+01 9.170000000000000000e+02
4.700000000000000000e+02 0.000000000000000000e+00 1.000000000000000000e+00 1.100000000000000000e+01 9.800000000000000000e+01 9.040000000000000000e+02
4.710000000000000000e+02 0.000000000000000000e+00 1.000000000000000000e+00 1.100000000000000000e+01 9.800000000000000000e+01 8.890000000000000000e+02
4.720000000000000000e+02 0.000000000000000000e+00 1.000000000000000000e+00 1.100000000000000000e+01 9.600000000000000000e+01 8.850000000000000000e+02
4.730000000000000000e+02 0.000000000000000000e+00 1.000000000000000000e+00 1.100000000000000000e+01 9.400000000000000000e+01 8.720000000000000000e+02
4.740000000000000000e+02 0.000000000000000000e+00 1.000000000000000000e+00 1.100000000000000000e+01 9.300000000000000000e+01 8.630000000000000000e+02
4.750000000000000000e+02 0.000000000000000000e+00 1.000000000000000000e+00 1.100000000000000000e+01 9.200000000000000000e+01 8.560000000000000000e+02
4.760000000000000000e+02 0.000000000000000000e+00 1.000000000000000000e+00 1.000000000000000000e+01 9.200000000000000000e+01 8.510000000000000000e+02
4.770000000000000000e+02 0.000000000000000000e+00 0.000000000000000000e+00 1.000000000000000000e+01 8.900000000000000000e+01 8.460000000000000000e+02
4.780000000000000000e+02 0.000000000000000000e+00 0.000000000000000000e+00 1.000000000000000000e+01 8.600000000000000000e+01 8.370000000000000000e+02
4.790000000000000000e+02 0.000000000000000000e+00 0.000000000000000000e+00 1.000000000000000000e+01 8.600000000000000000e+01 8.320000000000000000e+02
4.800000000000000000e+02 0.000000000000000000e+00 0.000000000000000000e+00 1.000000000000000000e+01 8.600000000000000000e+01 8.200000000000000000e+02
4.810000000000000000e+02 0.000000000000000000e+00 0.000000000000000000e+00 1.000000000000000000e+01 8.500000000000000000e+01 8.130000000000000000e+02
4.820000000000000000e+02 0.000000000000000000e+00 0.000000000000000000e+00 1.000000000000000000e+01 8.300000000000000000e+01 8.040000000000000000e+02
4.830000000000000000e+02 0.000000000000000000e+00 0.000000000000000000e+00 1.000000000000000000e+01 8.300000000000000000e+01 7.960000000000000000e+02
4.840000000000000000e+02 0.000000000000000000e+00 0.000000000000000000e+00 1.000000000000000000e+01 8.300000000000000000e+01 7.880000000000000000e+02
4.850000000000000000e+02 0.000000000000000000e+00 0.000000000000000000e+00 1.000000000000000000e+01 8.200000000000000000e+01 7.830000000000000000e+02
4.860000000000000000e+02 0.000000000000000000e+00 0.000000000000000000e+00 9.000000000000000000e+00 8.000000000000000000e+01 7.750000000000000000e+02
4.870000000000000000e+02 0.000000000000000000e+00 0.000000000000000000e+00 9.000000000000000000e+00 8.000000000000000000e+01 7.740000000000000000e+02
4.880000000000000000e+02 0.000000000000000000e+00 0.000000000000000000e+00 9.000000000000000000e+00 7.900000000000000000e+01 7.620000000000000000e+02
4.890000000000000000e+02 0.000000000000000000e+00 0.000000000000000000e+00 9.000000000000000000e+00 7.900000000000000000e+01 7.550000000000000000e+02
4.900000000000000000e+02 0.000000000000000000e+00 0.000000000000000000e+00 9.000000000000000000e+00 7.800000000000000000e+01 7.460000000000000000e+02
4.910000000000000000e+02 0.000000000000000000e+00 0.000000000000000000e+00 9.000000000000000000e+00 7.800000000000000000e+01 7.360000000000000000e+02
4.920000000000000000e+02 0.000000000000000000e+00 0.000000000000000000e+00 9.000000000000000000e+00 7.800000000000000000e+01 7.310000000000000000e+02
4.930000000000000000e+02 0.000000000000000000e+00 0.000000000000000000e+00 9.000000000000000000e+00 7.600000000000000000e+01 7.220000000000000000e+02
4.940000000000000000e+02 0.000000000000000000e+00 0.000000000000000000e+00 9.000000000000000000e+00 7.600000000000000000e+01 7.140000000000000000e+02
4.950000000000000000e+02 0.000000000000000000e+00 0.000000000000000000e+00 9.000000000000000000e+00 7.500000000000000000e+01 7.070000000000000000e+02
4.960000000000000000e+02 0.000000000000000000e+00 0.000000000000000000e+00 9.000000000000000000e+00 7.400000000000000000e+01 7.010000000000000000e+02
4.970000000000000000e+02 0.000000000000000000e+00 0.000000000000000000e+00 9.000000000000000000e+00 7.400000000000000000e+01 6.930000000000000000e+02
4.980000000000000000e+02 0.000000000000000000e+00 0.000000000000000000e+00 9.000000000000000000e+00 7.400000000000000000e+01 6.900000000000000000e+02
4.990000000000000000e+02 0.000000000000000000e+00 0.000000000000000000e+00 9.000000000000000000e+00 7.400000000000000000e+01 6.830000000000000000e+02
5.000000000000000000e+02 0.000000000000000000e+00 0.000000000000000000e+00 9.000000000000000000e+00 7.300000000000000000e+01 6.750000000000000000e+02
5.010000000000000000e+02 0.000000000000000000e+00 0.000000000000000000e+00 9.000000000000000000e+00 7.300000000000000000e+01 6.680000000000000000e+02
5.020000000000000000e+02 0.000000000000000000e+00 0.000000000000000000e+00 9.000000000000000000e+00 7.300000000000000000e+01 6.620000000000000000e+02
5.030000000000000000e+02 0.000000000000000000e+00 0.000000000000000000e+00 9.000000000000000000e+00 7.200000000000000000e+01 6.550000000000000000e+02
5.040000000000000000e+02 0.000000000000000000e+00 0.000000000000000000e+00 9.000000000000000000e+00 7.100000000000000000e+01 6.510000000000000000e+02
5.050000000000000000e+02 0.000000000000000000e+00 0.000000000000000000e+00 9.000000000000000000e+00 7.000000000000000000e+01 6.410000000000000000e+02
5.060000000000000000e+02 0.000000000000000000e+00 0.000000000000000000e+00 8.000000000000000000e+00 6.800000000000000000e+01 6.330000000000000000e+02
5.070000000000000000e+02 0.000000000000000000e+00 0.000000000000000000e+00 8.000000000000000000e+00 6.700000000000000000e+01 6.280000000000000000e+02
5.080000000000000000e+02 0.000000000000000000e+00 0.000000000000000000e+00 8.000000000000000000e+00 6.600000000000000000e+01 6.190000000000000000e+02
5.090000000000000000e+02 0.000000000000000000e+00 0.000000000000000000e+00 8.000000000000000000e+00 6.600000000000000000e+01 6.120000000000000000e+02
5.100000000000000000e+02 0.000000000000000000e+00 0.000000000000000000e+00 8.000000000000000000e+00 6.400000000000000000e+01 6.070000000000000000e+02
5.110000000000000000e+02 0.000000000000000000e+00 0.000000000000000000e+00 8.000000000000000000e+00 6.200000000000000000e+01 5.990000000000000000e+02
5.120000000000000000e+02 0.000000000000000000e+00 0.000000000000000000e+00 8.000000000000000000e+00 6.200000000000000000e+01 5.940000000000000000e+02
5.130000000000000000e+02 0.000000000000000000e+00 0.000000000000000000e+00 8.000000000000000000e+00 6.200000000000000000e+01 5.860000000000000000e+02
5.140000000000000000e+02 0.000000000000000000e+00 0.000000000000000000e+00 8.000000000000000000e+00 6.100000000000000000e+01 5.810000000000000000e+02
5.150000000000000000e+02 0.000000000000000000e+00 0.000000000000000000e+00 8.000000000000000000e+00 6.100000000000000000e+01 5.760000000000000000e+02
5.160000000000000000e+02 0.000000000000000000e+00 0.000000000000000000e+00 8.000000000000000000e+00 6.000000000000000000e+01 5.660000000000000000e+02
5.170000000000000000e+02 0.000000000000000000e+00 0.000000000000000000e+00 8.000000000000000000e+00 6.000000000000000000e+01 5.570000000000000000e+02
5.180000000000000000e+02 0.000000000000000000e+00 0.000000000000000000e+00 8.000000000000000000e+00 6.000000000000000000e+01 5.470000000000000000e+02
5.190000000000000000e+02 0.000000000000000000e+00 0.000000000000000000e+00 8.000000000000000000e+00 6.000000000000000000e+01 5.440000000000000000e+02
5.200000000000000000e+02 0.000000000000000000e+00 0.000000000000000000e+00 8.000000000000000000e+00 5.700000000000000000e+01 5.390000000000000000e+02
5.210000000000000000e+02 0.000000000000000000e+00 0.000000000000000000e+00 8.000000000000000000e+00 5.600000000000000000e+01 5.340000000000000000e+02
5.220000000000000000e+02 0.000000000000000000e+00 0.000000000000000000e+00 8.000000000000000000e+00 5.400000000000000000e+01 5.310000000000000000e+02
5.230000000000000000e+02 0.000000000000000000e+00 0.000000000000000000e+00 8.000000000000000000e+00 5.200000000000000000e+01 5.250000000000000000e+02
5.240000000000000000e+02 0.000000000000000000e+00 0.000000000000000000e+00 8.000000000000000000e+00 5.200000000000000000e+01 5.220000000000000000e+02
5.250000000000000000e+02 0.000000000000000000e+00 0.000000000000000000e+00 8.000000000000000000e+00 5.100000000000000000e+01 5.150000000000000000e+02
5.260000000000000000e+02 0.000000000000000000e+00 0.000000000000000000e+00 8.000000000000000000e+00 5.100000000000000000e+01 5.130000000000000000e+02
5.270000000000000000e+02 0.000000000000000000e+00 0.000000000000000000e+00 8.000000000000000000e+00 5.100000000000000000e+01 5.050000000000000000e+02
5.280000000000000000e+02 0.000000000000000000e+00 0.000000000000000000e+00 8.000000000000000000e+00 5.100000000000000000e+01 4.990000000000000000e+02
5.290000000000000000e+02 0.000000000000000000e+00 0.000000000000000000e+00 8.000000000000000000e+00 5.000000000000000000e+01 4.950000000000000000e+02
5.300000000000000000e+02 0.000000000000000000e+00 0.000000000000000000e+00 8.000000000000000000e+00 5.000000000000000000e+01 4.880000000000000000e+02
5.310000000000000000e+02 0.000000000000000000e+00 0.000000000000000000e+00 7.000000000000000000e+00 4.900000000000000000e+01 4.850000000000000000e+02
5.320000000000000000e+02 0.000000000000000000e+00 0.000000000000000000e+00 7.000000000000000000e+00 4.900000000000000000e+01 4.800000000000000000e+02
5.330000000000000000e+02 0.000000000000000000e+00 0.000000000000000000e+00 6.000000000000000000e+00 4.900000000000000000e+01 4.790000000000000000e+02
5.340000000000000000e+02 0.000000000000000000e+00 0.000000000000000000e+00 6.000000000000000000e+00 4.900000000000000000e+01 4.780000000000000000e+02
5.350000000000000000e+02 0.000000000000000000e+00 0.000000000000000000e+00 6.000000000000000000e+00 4.900000000000000000e+01 4.750000000000000000e+02
5.360000000000000000e+02 0.000000000000000000e+00 0.000000000000000000e+00 6.000000000000000000e+00 4.700000000000000000e+01 4.660000000000000000e+02
5.370000000000000000e+02 0.000000000000000000e+00 0.000000000000000000e+00 6.000000000000000000e+00 4.700000000000000000e+01 4.630000000000000000e+02
5.380000000000000000e+02 0.000000000000000000e+00 0.000000000000000000e+00 6.000000000000000000e+00 4.600000000000000000e+01 4.610000000000000000e+02
5.390000000000000000e+02 0.000000000000000000e+00 0.000000000000000000e+00 6.000000000000000000e+00 4.600000000000000000e+01 4.600000000000000000e+02
5.400000000000000000e+02 0.000000000000000000e+00 0.000000000000000000e+00 6.000000000000000000e+00 4.400000000000000000e+01 4.560000000000000000e+02
5.410000000000000000e+02 0.000000000000000000e+00 0.000000000000000000e+00 6.000000000000000000e+00 4.400000000000000000e+01 4.510000000000000000e+02
5.420000000000000000e+02 0.000000000000000000e+00 0.000000000000000000e+00 6.000000000000000000e+00 4.400000000000000000e+01 4.480000000000000000e+02
5.430000000000000000e+02 0.000000000000000000e+00 0.000000000000000000e+00 6.000000000000000000e+00 4.300000000000000000e+01 4.440000000000000000e+02
5.440000000000000000e+02 0.000000000000000000e+00 0.000000000000000000e+00 6.000000000000000000e+00 4.300000000000000000e+01 4.370000000000000000e+02
5.450000000000000000e+02 0.000000000000000000e+00 0.000000000000000000e+00 6.000000000000000000e+00 4.100000000000000000e+01 4.340000000000000000e+02
5.460000000000000000e+02 0.000000000000000000e+00 0.000000000000000000e+00 6.000000000000000000e+00 3.900000000000000000e+01 4.330000000000000000e+02
5.470000000000000000e+02 0.000000000000000000e+00 0.000000000000000000e+00 6.000000000000000000e+00 3.900000000000000000e+01 4.310000000000000000e+02
5.480000000000000000e+02 0.000000000000000000e+00 0.000000000000000000e+00 6.000000000000000000e+00 3.900000000000000000e+01 4.260000000000000000e+02
5.490000000000000000e+02 0.000000000000000000e+00 0.000000000000000000e+00 6.000000000000000000e+00 3.800000000000000000e+01 4.210000000000000000e+02
5.500000000000000000e+02 0.000000000000000000e+00 0.000000000000000000e+00 6.000000000000000000e+00 3.800000000000000000e+01 4.160000000000000000e+02
5.510000000000000000e+02 0.000000000000000000e+00 0.000000000000000000e+00 6.000000000000000000e+00 3.600000000000000000e+01 4.110000000000000000e+02
5.520000000000000000e+02 0.000000000000000000e+00 0.000000000000000000e+00 6.000000000000000000e+00 3.600000000000000000e+01 4.090000000000000000e+02
5.530000000000000000e+02 0.000000000000000000e+00 0.000000000000000000e+00 6.000000000000000000e+00 3.600000000000000000e+01 4.040000000000000000e+02
5.540000000000000000e+02 0.000000000000000000e+00 0.000000000000000000e+00 6.000000000000000000e+00 3.600000000000000000e+01 4.020000000000000000e+02
5.550000000000000000e+02 0.000000000000000000e+00 0.000000000000000000e+00 6.000000000000000000e+00 3.600000000000000000e+01 4.000000000000000000e+02
5.560000000000000000e+02 0.000000000000000000e+00 0.000000000000000000e+00 6.000000000000000000e+00 3.600000000000000000e+01 3.970000000000000000e+02
5.570000000000000000e+02 0.000000000000000000e+00 0.000000000000000000e+00 6.000000000000000000e+00 3.500000000000000000e+01 3.930000000000000000e+02
5.580000000000000000e+02 0.000000000000000000e+00 0.000000000000000000e+00 6.000000000000000000e+00 3.400000000000000000e+01 3.900000000000000000e+02
5.590000000000000000e+02 0.000000000000000000e+00 0.000000000000000000e+00 6.000000000000000000e+00 3.400000000000000000e+01 3.840000000000000000e+02
5.600000000000000000e+02 0.000000000000000000e+00 0.000000000000000000e+00 6.000000000000000000e+00 3.400000000000000000e+01 3.770000000000000000e+02
5.610000000000000000e+02 0.000000000000000000e+00 0.000000000000000000e+00 6.000000000000000000e+00 3.400000000000000000e+01 3.740000000000000000e+02
5.620000000000000000e+02 0.000000000000000000e+00 0.000000000000000000e+00 6.000000000000000000e+00 3.400000000000000000e+01 3.670000000000000000e+02
5.630000000000000000e+02 0.000000000000000000e+00 0.000000000000000000e+00 5.000000000000000000e+00 3.400000000000000000e+01 3.630000000000000000e+02
5.640000000000000000e+02 0.000000000000000000e+00 0.000000000000000000e+00 5.000000000000000000e+00 3.400000000000000000e+01 3.590000000000000000e+02
5.650000000000000000e+02 0.000000000000000000e+00 0.000000000000000000e+00 5.000000000000000000e+00 3.400000000000000000e+01 3.520000000000000000e+02
5.660000000000000000e+02 0.000000000000000000e+00 0.000000000000000000e+00 5.000000000000000000e+00 3.300000000000000000e+01 3.500000000000000000e+02
5.670000000000000000e+02 0.000000000000000000e+00 0.000000000000000000e+00 5.000000000000000000e+00 3.300000000000000000e+01 3.480000000000000000e+02
5.680000000000000000e+02 0.000000000000000000e+00 0.000000000000000000e+00 5.000000000000000000e+00 3.300000000000000000e+01 3.460000000000000000e+02
5.690000000000000000e+02 0.000000000000000000e+00 0.000000000000000000e+00 5.000000000000000000e+00 3.200000000000000000e+01 3.450000000000000000e+02
5.700000000000000000e+02 0.000000000000000000e+00 0.000000000000000000e+00 5.000000000000000000e+00 3.200000000000000000e+01 3.410000000000000000e+02
5.710000000000000000e+02 0.000000000000000000e+00 0.000000000000000000e+00 5.000000000000000000e+00 3.200000000000000000e+01 3.400000000000000000e+02
5.720000000000000000e+02 0.000000000000000000e+00 0.000000000000000000e+00 5.000000000000000000e+00 3.200000000000000000e+01 3.370000000000000000e+02
5.730000000000000000e+02 0.000000000000000000e+00 0.000000000000000000e+00 5.000000000000000000e+00 3.200000000000000000e+01 3.360000000000000000e+02
5.740000000000000000e+02 0.000000000000000000e+00 0.000000000000000000e+00 5.000000000000000000e+00 3.100000000000000000e+01 3.320000000000000000e+02
5.750000000000000000e+02 0.000000000000000000e+00 0.000000000000000000e+00 5.000000000000000000e+00 3.000000000000000000e+01 3.300000000000000000e+02
5.760000000000000000e+02 0.000000000000000000e+00 0.000000000000000000e+00 5.000000000000000000e+00 3.000000000000000000e+01 3.290000000000000000e+02
5.770000000000000000e+02 0.000000000000000000e+00 0.000000000000000000e+00 5.000000000000000000e+00 3.000000000000000000e+01 3.260000000000000000e+02
5.780000000000000000e+02 0.000000000000000000e+00 0.000000000000000000e+00 5.000000000000000000e+00 3.000000000000000000e+01 3.220000000000000000e+02
5.790000000000000000e+02 0.000000000000000000e+00 0.000000000000000000e+00 5.000000000000000000e+00 3.000000000000000000e+01 3.190000000000000000e+02
5.800000000000000000e+02 0.000000000000000000e+00 0.000000000000000000e+00 5.000000000000000000e+00 3.000000000000000000e+01 3.180000000000000000e+02
5.810000000000000000e+02 0.000000000000000000e+00 0.000000000000000000e+00 5.000000000000000000e+00 3.000000000000000000e+01 3.170000000000000000e+02
5.820000000000000000e+02 0.000000000000000000e+00 0.000000000000000000e+00 5.000000000000000000e+00 3.000000000000000000e+01 3.140000000000000000e+02
5.830000000000000000e+02 0.000000000000000000e+00 0.000000000000000000e+00 5.000000000000000000e+00 3.000000000000000000e+01 3.080000000000000000e+02
5.840000000000000000e+02 0.000000000000000000e+00 0.000000000000000000e+00 5.000000000000000000e+00 2.900000000000000000e+01 3.010000000000000000e+02
5.850000000000000000e+02 0.000000000000000000e+00 0.000000000000000000e+00 5.000000000000000000e+00 2.900000000000000000e+01 2.960000000000000000e+02
5.860000000000000000e+02 0.000000000000000000e+00 0.000000000000000000e+00 5.000000000000000000e+00 2.900000000000000000e+01 2.940000000000000000e+02
5.870000000000000000e+02 0.000000000000000000e+00 0.000000000000000000e+00 5.000000000000000000e+00 2.900000000000000000e+01 2.930000000000000000e+02
5.880000000000000000e+02 0.000000000000000000e+00 0.000000000000000000e+00 5.000000000000000000e+00 2.900000000000000000e+01 2.890000000000000000e+02
5.890000000000000000e+02 0.000000000000000000e+00 0.000000000000000000e+00 5.000000000000000000e+00 2.900000000000000000e+01 2.870000000000000000e+02
5.900000000000000000e+02 0.000000000000000000e+00 0.000000000000000000e+00 5.000000000000000000e+00 2.900000000000000000e+01 2.860000000000000000e+02
5.910000000000000000e+02 0.000000000000000000e+00 0.000000000000000000e+00 5.000000000000000000e+00 2.900000000000000000e+01 2.820000000000000000e+02
5.920000000000000000e+02 0.000000000000000000e+00 0.000000000000000000e+00 5.000000000000000000e+00 2.900000000000000000e+01 2.820000000000000000e+02
5.930000000000000000e+02 0.000000000000000000e+00 0.000000000000000000e+00 5.000000000000000000e+00 2.900000000000000000e+01 2.820000000000000000e+02
5.940000000000000000e+02 0.000000000000000000e+00 0.000000000000000000e+00 5.000000000000000000e+00 2.900000000000000000e+01 2.770000000000000000e+02
5.950000000000000000e+02 0.000000000000000000e+00 0.000000000000000000e+00 5.000000000000000000e+00 2.800000000000000000e+01 2.710000000000000000e+02
5.960000000000000000e+02 0.000000000000000000e+00 0.000000000000000000e+00 5.000000000000000000e+00 2.700000000000000000e+01 2.690000000000000000e+02
5.970000000000000000e+02 0.000000000000000000e+00 0.000000000000000000e+00 5.000000000000000000e+00 2.700000000000000000e+01 2.640000000000000000e+02
5.980000000000000000e+02 0.000000000000000000e+00 0.000000000000000000e+00 5.000000000000000000e+00 2.600000000000000000e+01 2.600000000000000000e+02
5.990000000000000000e+02 0.000000000000000000e+00 0.000000000000000000e+00 5.000000000000000000e+00 2.500000000000000000e+01 2.560000000000000000e+02
6.000000000000000000e+02 0.000000000000000000e+00 0.000000000000000000e+00 5.000000000000000000e+00 2.500000000000000000e+01 2.540000000000000000e+02
6.010000000000000000e+02 0.000000000000000000e+00 0.000000000000000000e+00 5.000000000000000000e+00 2.500000000000000000e+01 2.530000000000000000e+02
6.020000000000000000e+02 0.000000000000000000e+00 0.000000000000000000e+00 5.000000000000000000e+00 2.400000000000000000e+01 2.480000000000000000e+02
6.030000000000000000e+02 0.000000000000000000e+00 0.000000000000000000e+00 5.000000000000000000e+00 2.400000000000000000e+01 2.460000000000000000e+02
6.040000000000000000e+02 0.000000000000000000e+00 0.000000000000000000e+00 5.000000000000000000e+00 2.400000000000000000e+01 2.440000000000000000e+02
6.050000000000000000e+02 0.000000000000000000e+00 0.000000000000000000e+00 5.000000000000000000e+00 2.300000000000000000e+01 2.420000000000000000e+02
6.060000000000000000e+02 0.000000000000000000e+00 0.000000000000000000e+00 5.000000000000000000e+00 2.300000000000000000e+01 2.390000000000000000e+02
6.070000000000000000e+02 0.000000000000000000e+00 0.000000000000000000e+00 5.000000000000000000e+00 2.300000000000000000e+01 2.360000000000000000e+02
6.080000000000000000e+02 0.000000000000000000e+00 0.000000000000000000e+00 5.000000000000000000e+00 2.300000000000000000e+01 2.340000000000000000e+02
6.090000000000000000e+02 0.000000000000000000e+00 0.000000000000000000e+00 5.000000000000000000e+00 2.300000000000000000e+01 2.330000000000000000e+02
6.100000000000000000e+02 0.000000000000000000e+00 0.000000000000000000e+00 5.000000000000000000e+00 2.300000000000000000e+01 2.280000000000000000e+02
6.110000000000000000e+02 0.000000000000000000e+00 0.000000000000000000e+00 5.000000000000000000e+00 2.300000000000000000e+01 2.260000000000000000e+02
6.120000000000000000e+02 0.000000000000000000e+00 0.000000000000000000e+00 5.000000000000000000e+00 2.300000000000000000e+01 2.220000000000000000e+02
6.130000000000000000e+02 0.000000000000000000e+00 0.000000000000000000e+00 5.000000000000000000e+00 2.300000000000000000e+01 2.210000000000000000e+02
6.140000000000000000e+02 0.000000000000000000e+00 0.000000000000000000e+00 5.000000000000000000e+00 2.200000000000000000e+01 2.180000000000000000e+02
6.150000000000000000e+02 0.000000000000000000e+00 0.000000000000000000e+00 5.000000000000000000e+00 2.200000000000000000e+01 2.160000000000000000e+02
6.160000000000000000e+02 0.000000000000000000e+00 0.000000000000000000e+00 5.000000000000000000e+00 2.200000000000000000e+01 2.150000000000000000e+02
6.170000000000000000e+02 0.000000000000000000e+00 0.000000000000000000e+00 5.000000000000000000e+00 2.200000000000000000e+01 2.130000000000000000e+02
6.180000000000000000e+02 0.000000000000000000e+00 0.000000000000000000e+00 5.000000000000000000e+00 2.200000000000000000e+01 2.120000000000000000e+02
6.190000000000000000e+02 0.000000000000000000e+00 0.000000000000000000e+00 5.000000000000000000e+00 2.200000000000000000e+01 2.120000000000000000e+02
6.200000000000000000e+02 0.000000000000000000e+00 0.000000000000000000e+00 5.000000000000000000e+00 2.200000000000000000e+01 2.080000000000000000e+02
6.210000000000000000e+02 0.000000000000000000e+00 0.000000000000000000e+00 5.000000000000000000e+00 2.200000000000000000e+01 2.070000000000000000e+02
6.220000000000000000e+02 0.000000000000000000e+00 0.000000000000000000e+00 4.000000000000000000e+00 2.200000000000000000e+01 2.060000000000000000e+02
6.230000000000000000e+02 0.000000000000000000e+00 0.000000000000000000e+00 4.000000000000000000e+00 2.200000000000000000e+01 2.050000000000000000e+02
6.240000000000000000e+02 0.000000000000000000e+00 0.000000000000000000e+00 4.000000000000000000e+00 2.200000000000000000e+01 2.020000000000000000e+02
6.250000000000000000e+02 0.000000000000000000e+00 0.000000000000000000e+00 4.000000000000000000e+00 2.200000000000000000e+01 2.010000000000000000e+02
6.260000000000000000e+02 0.000000000000000000e+00 0.000000000000000000e+00 4.000000000000000000e+00 2.200000000000000000e+01 1.980000000000000000e+02
6.270000000000000000e+02 0.000000000000000000e+00 0.000000000000000000e+00 4.000000000000000000e+00 2.200000000000000000e+01 1.950000000000000000e+02
6.280000000000000000e+02 0.000000000000000000e+00 0.000000000000000000e+00 4.000000000000000000e+00 2.100000000000000000e+01 1.930000000000000000e+02
6.290000000000000000e+02 0.000000000000000000e+00 0.000000000000000000e+00 4.000000000000000000e+00 2.100000000000000000e+01 1.930000000000000000e+02
6.300000000000000000e+02 0.000000000000000000e+00 0.000000000000000000e+00 4.000000000000000000e+00 2.100000000000000000e+01 1.930000000000000000e+02
6.310000000000000000e+02 0.000000000000000000e+00 0.000000000000000000e+00 4.000000000000000000e+00 2.100000000000000000e+01 1.900000000000000000e+02
6.320000000000000000e+02 0.000000000000000000e+00 0.000000000000000000e+00 4.000000000000000000e+00 2.100000000000000000e+01 1.870000000000000000e+02
6.330000000000000000e+02 0.000000000000000000e+00 0.000000000000000000e+00 4.000000000000000000e+00 2.100000000000000000e+01 1.850000000000000000e+02
6.340000000000000000e+02 0.000000000000000000e+00 0.000000000000000000e+00 4.000000000000000000e+00 2.100000000000000000e+01 1.850000000000000000e+02
6.350000000000000000e+02 0.000000000000000000e+00 0.000000000000000000e+00 4.000000000000000000e+00 2.100000000000000000e+01 1.830000000000000000e+02
6.360000000000000000e+02 0.000000000000000000e+00 0.000000000000000000e+00 4.000000000000000000e+00 2.100000000000000000e+01 1.820000000000000000e+02
6.370000000000000000e+02 0.000000000000000000e+00 0.000000000000000000e+00 4.000000000000000000e+00 2.100000000000000000e+01 1.810000000000000000e+02
6.380000000000000000e+02 0.000000000000000000e+00 0.000000000000000000e+00 4.000000000000000000e+00 2.000000000000000000e+01 1.790000000000000000e+02
6.390000000000000000e+02 0.000000000000000000e+00 0.000000000000000000e+00 4.000000000000000000e+00 2.000000000000000000e+01 1.760000000000000000e+02
6.400000000000000000e+02 0.000000000000000000e+00 0.000000000000000000e+00 4.000000000000000000e+00 2.000000000000000000e+01 1.750000000000000000e+02
6.410000000000000000e+02 0.000000000000000000e+00 0.000000000000000000e+00 4.000000000000000000e+00 2.000000000000000000e+01 1.730000000000000000e+02
6.420000000000000000e+02 0.000000000000000000e+00 0.000000000000000000e+00 4.000000000000000000e+00 2.000000000000000000e+01 1.710000000000000000e+02
6.430000000000000000e+02 0.000000000000000000e+00 0.000000000000000000e+00 4.000000000000000000e+00 2.000000000000000000e+01 1.700000000000000000e+02
6.440000000000000000e+02 0.000000000000000000e+00 0.000000000000000000e+00 4.000000000000000000e+00 2.000000000000000000e+01 1.700000000000000000e+02
6.450000000000000000e+02 0.000000000000000000e+00 0.000000000000000000e+00 4.000000000000000000e+00 2.000000000000000000e+01 1.660000000000000000e+02
6.460000000000000000e+02 0.000000000000000000e+00 0.000000000000000000e+00 4.000000000000000000e+00 2.000000000000000000e+01 1.640000000000000000e+02
6.470000000000000000e+02 0.000000000000000000e+00 0.000000000000000000e+00 4.000000000000000000e+00 2.000000000000000000e+01 1.620000000000000000e+02
6.480000000000000000e+02 0.000000000000000000e+00 0.000000000000000000e+00 4.000000000000000000e+00 2.000000000000000000e+01 1.620000000000000000e+02
6.490000000000000000e+02 0.000000000000000000e+00 0.000000000000000000e+00 4.000000000000000000e+00 2.000000000000000000e+01 1.590000000000000000e+02
6.500000000000000000e+02 0.000000000000000000e+00 0.000000000000000000e+00 3.000000000000000000e+00 1.900000000000000000e+01 1.580000000000000000e+02
6.510000000000000000e+02 0.000000000000000000e+00 0.000000000000000000e+00 3.000000000000000000e+00 1.800000000000000000e+01 1.570000000000000000e+02
6.520000000000000000e+02 0.000000000000000000e+00 0.000000000000000000e+00 3.000000000000000000e+00 1.800000000000000000e+01 1.540000000000000000e+02
6.530000000000000000e+02 0.000000000000000000e+00 0.000000000000000000e+00 3.000000000000000000e+00 1.700000000000000000e+01 1.490000000000000000e+02
6.540000000000000000e+02 0.000000000000000000e+00 0.000000000000000000e+00 3.000000000000000000e+00 1.600000000000000000e+01 1.480000000000000000e+02
6.550000000000000000e+02 0.000000000000000000e+00 0.000000000000000000e+00 3.000000000000000000e+00 1.600000000000000000e+01 1.470000000000000000e+02
6.560000000000000000e+02 0.000000000000000000e+00 0.000000000000000000e+00 3.000000000000000000e+00 1.600000000000000000e+01 1.470000000000000000e+02
6.570000000000000000e+02 0.000000000000000000e+00 0.000000000000000000e+00 3.000000000000000000e+00 1.600000000000000000e+01 1.400000000000000000e+02
6.580000000000000000e+02 0.000000000000000000e+00 0.000000000000000000e+00 3.000000000000000000e+00 1.600000000000000000e+01 1.360000000000000000e+02
6.590000000000000000e+02 0.000000000000000000e+00 0.000000000000000000e+00 3.000000000000000000e+00 1.600000000000000000e+01 1.350000000000000000e+02
6.600000000000000000e+02 0.000000000000000000e+00 0.000000000000000000e+00 3.000000000000000000e+00 1.600000000000000000e+01 1.330000000000000000e+02
6.610000000000000000e+02 0.000000000000000000e+00 0.000000000000000000e+00 3.000000000000000000e+00 1.600000000000000000e+01 1.320000000000000000e+02
6.620000000000000000e+02 0.000000000000000000e+00 0.000000000000000000e+00 3.000000000000000000e+00 1.600000000000000000e+01 1.310000000000000000e+02
6.630000000000000000e+02 0.000000000000000000e+00 0.000000000000000000e+00 3.000000000000000000e+00 1.600000000000000000e+01 1.290000000000000000e+02
6.640000000000000000e+02 0.000000000000000000e+00 0.000000000000000000e+00 3.000000000000000000e+00 1.600000000000000000e+01 1.260000000000000000e+02
6.650000000000000000e+02 0.000000000000000000e+00 0.000000000000000000e+00 3.000000000000000000e+00 1.600000000000000000e+01 1.260000000000000000e+02
6.660000000000000000e+02 0.000000000000000000e+00 0.000000000000000000e+00 3.000000000000000000e+00 1.600000000000000000e+01 1.240000000000000000e+02
6.670000000000000000e+02 0.000000000000000000e+00 0.000000000000000000e+00 3.000000000000000000e+00 1.600000000000000000e+01 1.230000000000000000e+02
6.680000000000000000e+02 0.000000000000000000e+00 0.000000000000000000e+00 3.000000000000000000e+00 1.600000000000000000e+01 1.210000000000000000e+02
6.690000000000000000e+02 0.000000000000000000e+00 0.000000000000000000e+00 3.000000000000000000e+00 1.600000000000000000e+01 1.170000000000000000e+02
6.700000000000000000e+02 0.000000000000000000e+00 0.000000000000000000e+00 3.000000000000000000e+00 1.600000000000000000e+01 1.150000000000000000e+02
6.710000000000000000e+02 0.000000000000000000e+00 0.000000000000000000e+00 3.000000000000000000e+00 1.600000000000000000e+01 1.150000000000000000e+02
6.720000000000000000e+02 0.000000000000000000e+00 0.000000000000000000e+00 2.000000000000000000e+00 1.600000000000000000e+01 1.150000000000000000e+02
6.730000000000000000e+02 0.000000000000000000e+00 0.000000000000000000e+00 2.000000000000000000e+00 1.600000000000000000e+01 1.140000000000000000e+02
6.740000000000000000e+02 0.000000000000000000e+00 0.000000000000000000e+00 2.000000000000000000e+00 1.600000000000000000e+01 1.130000000000000000e+02
6.750000000000000000e+02 0.000000000000000000e+00 0.000000000000000000e+00 2.000000000000000000e+00 1.600000000000000000e+01 1.120000000000000000e+02
6.760000000000000000e+02 0.000000000000000000e+00 0.000000000000000000e+00 2.000000000000000000e+00 1.600000000000000000e+01 1.110000000000000000e+02
6.770000000000000000e+02 0.000000000000000000e+00 0.000000000000000000e+00 2.000000000000000000e+00 1.600000000000000000e+01 1.100000000000000000e+02
6.780000000000000000e+02 0.000000000000000000e+00 0.000000000000000000e+00 2.000000000000000000e+00 1.600000000000000000e+01 1.090000000000000000e+02
6.790000000000000000e+02 0.000000000000000000e+00 0.000000000000000000e+00 2.000000000000000000e+00 1.600000000000000000e+01 1.080000000000000000e+02
6.800000000000000000e+02 0.000000000000000000e+00 0.000000000000000000e+00 2.000000000000000000e+00 1.600000000000000000e+01 1.070000000000000000e+02
6.810000000000000000e+02 0.000000000000000000e+00 0.000000000000000000e+00 2.000000000000000000e+00 1.600000000000000000e+01 1.070000000000000000e+02
6.820000000000000000e+02 0.000000000000000000e+00 0.000000000000000000e+00 2.000000000000000000e+00 1.600000000000000000e+01 1.050000000000000000e+02
6.830000000000000000e+02 0.000000000000000000e+00 0.000000000000000000e+00 2.000000000000000000e+00 1.600000000000000000e+01 1.040000000000000000e+02
6.840000000000000000e+02 0.000000000000000000e+00 0.000000000000000000e+00 2.000000000000000000e+00 1.600000000000000000e+01 1.020000000000000000e+02
6.850000000000000000e+02 0.000000000000000000e+00 0.000000000000000000e+00 2.000000000000000000e+00 1.600000000000000000e+01 9.900000000000000000e+01
6.860000000000000000e+02 0.000000000000000000e+00 0.000000000000000000e+00 2.000000000000000000e+00 1.500000000000000000e+01 9.900000000000000000e+01
6.870000000000000000e+02 0.000000000000000000e+00 0.000000000000000000e+00 2.000000000000000000e+00 1.500000000000000000e+01 9.800000000000000000e+01
6.880000000000000000e+02 0.000000000000000000e+00 0.000000000000000000e+00 2.000000000000000000e+00 1.500000000000000000e+01 9.800000000000000000e+01
6.890000000000000000e+02 0.000000000000000000e+00 0.000000000000000000e+00 2.000000000000000000e+00 1.500000000000000000e+01 9.700000000000000000e+01
6.900000000000000000e+02 0.000000000000000000e+00 0.000000000000000000e+00 2.000000000000000000e+00 1.500000000000000000e+01 9.600000000000000000e+01
6.910000000000000000e+02 0.000000000000000000e+00 0.000000000000000000e+00 2.000000000000000000e+00 1.400000000000000000e+01 9.300000000000000000e+01
6.920000000000000000e+02 0.000000000000000000e+00 0.000000000000000000e+00 2.000000000000000000e+00 1.400000000000000000e+01 9.200000000000000000e+01
6.930000000000000000e+02 0.000000000000000000e+00 0.000000000000000000e+00 2.000000000000000000e+00 1.300000000000000000e+01 9.000000000000000000e+01
6.940000000000000000e+02 0.000000000000000000e+00 0.000000000000000000e+00 2.000000000000000000e+00 1.300000000000000000e+01 9.000000000000000000e+01
6.950000000000000000e+02 0.000000000000000000e+00 0.000000000000000000e+00 2.000000000000000000e+00 1.300000000000000000e+01 9.000000000000000000e+01
6.960000000000000000e+02 0.000000000000000000e+00 0.000000000000000000e+00 2.000000000000000000e+00 1.200000000000000000e+01 9.000000000000000000e+01
6.970000000000000000e+02 0.000000000000000000e+00 0.000000000000000000e+00 2.000000000000000000e+00 1.200000000000000000e+01 9.000000000000000000e+01
6.980000000000000000e+02 0.000000000000000000e+00 0.000000000000000000e+00 2.000000000000000000e+00 1.200000000000000000e+01 9.000000000000000000e+01
6.990000000000000000e+02 0.000000000000000000e+00 0.000000000000000000e+00 2.000000000000000000e+00 1.200000000000000000e+01 8.800000000000000000e+01
7.000000000000000000e+02 0.000000000000000000e+00 0.000000000000000000e+00 2.000000000000000000e+00 1.100000000000000000e+01 8.700000000000000000e+01
7.010000000000000000e+02 0.000000000000000000e+00 0.000000000000000000e+00 2.000000000000000000e+00 1.100000000000000000e+01 8.600000000000000000e+01
7.020000000000000000e+02 0.000000000000000000e+00 0.000000000000000000e+00 2.000000000000000000e+00 1.100000000000000000e+01 8.400000000000000000e+01
7.030000000000000000e+02 0.000000000000000000e+00 0.000000000000000000e+00 2.000000000000000000e+00 1.100000000000000000e+01 8.300000000000000000e+01
7.040000000000000000e+02 0.000000000000000000e+00 0.000000000000000000e+00 2.000000000000000000e+00 1.100000000000000000e+01 8.300000000000000000e+01
7.050000000000000000e+02 0.000000000000000000e+00 0.000000000000000000e+00 2.000000000000000000e+00 1.100000000000000000e+01 8.300000000000000000e+01
7.060000000000000000e+02 0.000000000000000000e+00 0.000000000000000000e+00 2.000000000000000000e+00 1.100000000000000000e+01 8.200000000000000000e+01
7.070000000000000000e+02 0.000000000000000000e+00 0.000000000000000000e+00 2.000000000000000000e+00 1.100000000000000000e+01 8.200000000000000000e+01
7.080000000000000000e+02 0.000000000000000000e+00 0.000000000000000000e+00 2.000000000000000000e+00 1.100000000000000000e+01 8.000000000000000000e+01
7.090000000000000000e+02 0.000000000000000000e+00 0.000000000000000000e+00 2.000000000000000000e+00 1.100000000000000000e+01 8.000000000000000000e+01
7.100000000000000000e+02 0.000000000000000000e+00 0.000000000000000000e+00 2.000000000000000000e+00 1.100000000000000000e+01 7.800000000000000000e+01
7.110000000000000000e+02 0.000000000000000000e+00 0.000000000000000000e+00 2.000000000000000000e+00 1.000000000000000000e+01 7.700000000000000000e+01
7.120000000000000000e+02 0.000000000000000000e+00 0.000000000000000000e+00 2.000000000000000000e+00 1.000000000000000000e+01 7.700000000000000000e+01
7.130000000000000000e+02 0.000000000000000000e+00 0.000000000000000000e+00 2.000000000000000000e+00 1.000000000000000000e+01 7.700000000000000000e+01
7.140000000000000000e+02 0.000000000000000000e+00 0.000000000000000000e+00 2.000000000000000000e+00 1.000000000000000000e+01 7.500000000000000000e+01
7.150000000000000000e+02 0.000000000000000000e+00 0.000000000000000000e+00 2.000000000000000000e+00 1.000000000000000000e+01 7.500000000000000000e+01
7.160000000000000000e+02 0.000000000000000000e+00 0.000000000000000000e+00 2.000000000000000000e+00 1.000000000000000000e+01 7.500000000000000000e+01
7.170000000000000000e+02 0.000000000000000000e+00 0.000000000000000000e+00 1.000000000000000000e+00 1.000000000000000000e+01 7.500000000000000000e+01
7.180000000000000000e+02 0.000000000000000000e+00 0.000000000000000000e+00 1.000000000000000000e+00 9.000000000000000000e+00 7.500000000000000000e+01
7.190000000000000000e+02 0.000000000000000000e+00 0.000000000000000000e+00 1.000000000000000000e+00 9.000000000000000000e+00 7.500000000000000000e+01
7.200000000000000000e+02 0.000000000000000000e+00 0.000000000000000000e+00 1.000000000000000000e+00 9.000000000000000000e+00 7.300000000000000000e+01
7.210000000000000000e+02 0.000000000000000000e+00 0.000000000000000000e+00 1.000000000000000000e+00 9.000000000000000000e+00 7.300000000000000000e+01
7.220000000000000000e+02 0.000000000000000000e+00 0.000000000000000000e+00 1.000000000000000000e+00 9.000000000000000000e+00 7.300000000000000000e+01
7.230000000000000000e+02 0.000000000000000000e+00 0.000000000000000000e+00 1.000000000000000000e+00 9.000000000000000000e+00 7.200000000000000000e+01
7.240000000000000000e+02 0.000000000000000000e+00 0.000000000000000000e+00 1.000000000000000000e+00 9.000000000000000000e+00 7.100000000000000000e+01
7.250000000000000000e+02 0.000000000000000000e+00 0.000000000000000000e+00 1.000000000000000000e+00 9.000000000000000000e+00 7.100000000000000000e+01
7.260000000000000000e+02 0.000000000000000000e+00 0.000000000000000000e+00 1.000000000000000000e+00 9.000000000000000000e+00 7.100000000000000000e+01
7.270000000000000000e+02 0.000000000000000000e+00 0.000000000000000000e+00 1.000000000000000000e+00 9.000000000000000000e+00 7.100000000000000000e+01
7.280000000000000000e+02 0.000000000000000000e+00 0.000000000000000000e+00 1.000000000000000000e+00 9.000000000000000000e+00 7.100000000000000000e+01
7.290000000000000000e+02 0.000000000000000000e+00 0.000000000000000000e+00 1.000000000000000000e+00 9.000000000000000000e+00 7.100000000000000000e+01
7.300000000000000000e+02 0.000000000000000000e+00 0.000000000000000000e+00 1.000000000000000000e+00 9.000000000000000000e+00 7.000000000000000000e+01
7.310000000000000000e+02 0.000000000000000000e+00 0.000000000000000000e+00 1.000000000000000000e+00 9.000000000000000000e+00 6.800000000000000000e+01
7.320000000000000000e+02 0.000000000000000000e+00 0.000000000000000000e+00 1.000000000000000000e+00 9.000000000000000000e+00 6.800000000000000000e+01
7.330000000000000000e+02 0.000000000000000000e+00 0.000000000000000000e+00 1.000000000000000000e+00 9.000000000000000000e+00 6.700000000000000000e+01
7.340000000000000000e+02 0.000000000000000000e+00 0.000000000000000000e+00 1.000000000000000000e+00 7.000000000000000000e+00 6.700000000000000000e+01
7.350000000000000000e+02 0.000000000000000000e+00 0.000000000000000000e+00 0.000000000000000000e+00 7.000000000000000000e+00 6.700000000000000000e+01
7.360000000000000000e+02 0.000000000000000000e+00 0.000000000000000000e+00 0.000000000000000000e+00 7.000000000000000000e+00 6.700000000000000000e+01
7.370000000000000000e+02 0.000000000000000000e+00 0.000000000000000000e+00 0.000000000000000000e+00 7.000000000000000000e+00 6.700000000000000000e+01
7.380000000000000000e+02 0.000000000000000000e+00 0.000000000000000000e+00 0.000000000000000000e+00 7.000000000000000000e+00 6.700000000000000000e+01
7.390000000000000000e+02 0.000000000000000000e+00 0.000000000000000000e+00 0.000000000000000000e+00 7.000000000000000000e+00 6.600000000000000000e+01
7.400000000000000000e+02 0.000000000000000000e+00 0.000000000000000000e+00 0.000000000000000000e+00 7.000000000000000000e+00 6.400000000000000000e+01
7.410000000000000000e+02 0.000000000000000000e+00 0.000000000000000000e+00 0.000000000000000000e+00 7.000000000000000000e+00 6.400000000000000000e+01
7.420000000000000000e+02 0.000000000000000000e+00 0.000000000000000000e+00 0.000000000000000000e+00 7.000000000000000000e+00 6.400000000000000000e+01
7.430000000000000000e+02 0.000000000000000000e+00 0.000000000000000000e+00 0.000000000000000000e+00 7.000000000000000000e+00 6.400000000000000000e+01
7.440000000000000000e+02 0.000000000000000000e+00 0.000000000000000000e+00 0.000000000000000000e+00 7.000000000000000000e+00 6.400000000000000000e+01
7.450000000000000000e+02 0.000000000000000000e+00 0.000000000000000000e+00 0.000000000000000000e+00 7.000000000000000000e+00 6.400000000000000000e+01
7.460000000000000000e+02 0.000000000000000000e+00 0.000000000000000000e+00 0.000000000000000000e+00 7.000000000000000000e+00 6.400000000000000000e+01
7.470000000000000000e+02 0.000000000000000000e+00 0.000000000000000000e+00 0.000000000000000000e+00 6.000000000000000000e+00 6.200000000000000000e+01
7.480000000000000000e+02 0.000000000000000000e+00 0.000000000000000000e+00 0.000000000000000000e+00 6.000000000000000000e+00 6.200000000000000000e+01
7.490000000000000000e+02 0.000000000000000000e+00 0.000000000000000000e+00 0.000000000000000000e+00 6.000000000000000000e+00 6.200000000000000000e+01
7.500000000000000000e+02 0.000000000000000000e+00 0.000000000000000000e+00 0.000000000000000000e+00 6.000000000000000000e+00 6.100000000000000000e+01
7.510000000000000000e+02 0.000000000000000000e+00 0.000000000000000000e+00 0.000000000000000000e+00 6.000000000000000000e+00 6.100000000000000000e+01
7.520000000000000000e+02 0.000000000000000000e+00 0.000000000000000000e+00 0.000000000000000000e+00 6.000000000000000000e+00 6.000000000000000000e+01
7.530000000000000000e+02 0.000000000000000000e+00 0.000000000000000000e+00 0.000000000000000000e+00 6.000000000000000000e+00 6.000000000000000000e+01
7.540000000000000000e+02 0.000000000000000000e+00 0.000000000000000000e+00 0.000000000000000000e+00 6.000000000000000000e+00 5.900000000000000000e+01
7.550000000000000000e+02 0.000000000000000000e+00 0.000000000000000000e+00 0.000000000000000000e+00 6.000000000000000000e+00 5.900000000000000000e+01
7.560000000000000000e+02 0.000000000000000000e+00 0.000000000000000000e+00 0.000000000000000000e+00 6.000000000000000000e+00 5.800000000000000000e+01
7.570000000000000000e+02 0.000000000000000000e+00 0.000000000000000000e+00 0.000000000000000000e+00 6.000000000000000000e+00 5.800000000000000000e+01
7.580000000000000000e+02 0.000000000000000000e+00 0.000000000000000000e+00 0.000000000000000000e+00 6.000000000000000000e+00 5.700000000000000000e+01
7.590000000000000000e+02 0.000000000000000000e+00 0.000000000000000000e+00 0.000000000000000000e+00 6.000000000000000000e+00 5.600000000000000000e+01
7.600000000000000000e+02 0.000000000000000000e+00 0.000000000000000000e+00 0.000000000000000000e+00 6.000000000000000000e+00 5.600000000000000000e+01
7.610000000000000000e+02 0.000000000000000000e+00 0.000000000000000000e+00 0.000000000000000000e+00 6.000000000000000000e+00 5.600000000000000000e+01
7.620000000000000000e+02 0.000000000000000000e+00 0.000000000000000000e+00 0.000000000000000000e+00 6.000000000000000000e+00 5.600000000000000000e+01
7.630000000000000000e+02 0.000000000000000000e+00 0.000000000000000000e+00 0.000000000000000000e+00 6.000000000000000000e+00 5.400000000000000000e+01
7.640000000000000000e+02 0.000000000000000000e+00 0.000000000000000000e+00 0.000000000000000000e+00 5.000000000000000000e+00 5.400000000000000000e+01
7.650000000000000000e+02 0.000000000000000000e+00 0.000000000000000000e+00 0.000000000000000000e+00 5.000000000000000000e+00 5.300000000000000000e+01
7.660000000000000000e+02 0.000000000000000000e+00 0.000000000000000000e+00 0.000000000000000000e+00 5.000000000000000000e+00 5.300000000000000000e+01
7.670000000000000000e+02 0.000000000000000000e+00 0.000000000000000000e+00 0.000000000000000000e+00 5.000000000000000000e+00 5.300000000000000000e+01
7.680000000000000000e+02 0.000000000000000000e+00 0.000000000000000000e+00 0.000000000000000000e+00 5.000000000000000000e+00 5.300000000000000000e+01
7.690000000000000000e+02 0.000000000000000000e+00 0.000000000000000000e+00 0.000000000000000000e+00 5.000000000000000000e+00 5.200000000000000000e+01
7.700000000000000000e+02 0.000000000000000000e+00 0.000000000000000000e+00 0.000000000000000000e+00 5.000000000000000000e+00 5.000000000000000000e+01
7.710000000000000000e+02 0.000000000000000000e+00 0.000000000000000000e+00 0.000000000000000000e+00 5.000000000000000000e+00 5.000000000000000000e+01
7.720000000000000000e+02 0.000000000000000000e+00 0.000000000000000000e+00 0.000000000000000000e+00 5.000000000000000000e+00 4.900000000000000000e+01
7.730000000000000000e+02 0.000000000000000000e+00 0.000000000000000000e+00 0.000000000000000000e+00 5.000000000000000000e+00 4.900000000000000000e+01
7.740000000000000000e+02 0.000000000000000000e+00 0.000000000000000000e+00 0.000000000000000000e+00 5.000000000000000000e+00 4.800000000000000000e+01
7.750000000000000000e+02 0.000000000000000000e+00 0.000000000000000000e+00 0.000000000000000000e+00 5.000000000000000000e+00 4.700000000000000000e+01
7.760000000000000000e+02 0.000000000000000000e+00 0.000000000000000000e+00 0.000000000000000000e+00 5.000000000000000000e+00 4.700000000000000000e+01
7.770000000000000000e+02 0.000000000000000000e+00 0.000000000000000000e+00 0.000000000000000000e+00 5.000000000000000000e+00 4.700000000000000000e+01
7.780000000000000000e+02 0.000000000000000000e+00 0.000000000000000000e+00 0.000000000000000000e+00 5.000000000000000000e+00 4.700000000000000000e+01
7.790000000000000000e+02 0.000000000000000000e+00 0.000000000000000000e+00 0.000000000000000000e+00 5.000000000000000000e+00 4.700000000000000000e+01
7.800000000000000000e+02 0.000000000000000000e+00 0.000000000000000000e+00 0.000000000000000000e+00 5.000000000000000000e+00 4.700000000000000000e+01
7.810000000000000000e+02 0.000000000000000000e+00 0.000000000000000000e+00 0.000000000000000000e+00 5.000000000000000000e+00 4.700000000000000000e+01
7.820000000000000000e+02 0.000000000000000000e+00 0.000000000000000000e+00 0.000000000000000000e+00 5.000000000000000000e+00 4.700000000000000000e+01
7.830000000000000000e+02 0.000000000000000000e+00 0.000000000000000000e+00 0.000000000000000000e+00 5.000000000000000000e+00 4.700000000000000000e+01
7.840000000000000000e+02 0.000000000000000000e+00 0.000000000000000000e+00 0.000000000000000000e+00 5.000000000000000000e+00 4.600000000000000000e+01
7.850000000000000000e+02 0.000000000000000000e+00 0.000000000000000000e+00 0.000000000000000000e+00 5.000000000000000000e+00 4.600000000000000000e+01
7.860000000000000000e+02 0.000000000000000000e+00 0.000000000000000000e+00 0.000000000000000000e+00 5.000000000000000000e+00 4.600000000000000000e+01
7.870000000000000000e+02 0.000000000000000000e+00 0.000000000000000000e+00 0.000000000000000000e+00 5.000000000000000000e+00 4.600000000000000000e+01
7.880000000000000000e+02 0.000000000000000000e+00 0.000000000000000000e+00 0.000000000000000000e+00 5.000000000000000000e+00 4.600000000000000000e+01
7.890000000000000000e+02 0.000000000000000000e+00 0.000000000000000000e+00 0.000000000000000000e+00 5.000000000000000000e+00 4.600000000000000000e+01
7.900000000000000000e+02 0.000000000000000000e+00 0.000000000000000000e+00 0.000000000000000000e+00 5.000000000000000000e+00 4.600000000000000000e+01
7.910000000000000000e+02 0.000000000000000000e+00 0.000000000000000000e+00 0.000000000000000000e+00 5.000000000000000000e+00 4.600000000000000000e+01
7.920000000000000000e+02 0.000000000000000000e+00 0.000000000000000000e+00 0.000000000000000000e+00 5.000000000000000000e+00 4.600000000000000000e+01
7.930000000000000000e+02 0.000000000000000000e+00 0.000000000000000000e+00 0.000000000000000000e+00 5.000000000000000000e+00 4.600000000000000000e+01
7.940000000000000000e+02 0.000000000000000000e+00 0.000000000000000000e+00 0.000000000000000000e+00 5.000000000000000000e+00 4.600000000000000000e+01
7.950000000000000000e+02 0.000000000000000000e+00 0.000000000000000000e+00 0.000000000000000000e+00 5.000000000000000000e+00 4.600000000000000000e+01
7.960000000000000000e+02 0.000000000000000000e+00 0.000000000000000000e+00 0.000000000000000000e+00 5.000000000000000000e+00 4.600000000000000000e+01
7.970000000000000000e+02 0.000000000000000000e+00 0.000000000000000000e+00 0.000000000000000000e+00 5.000000000000000000e+00 4.600000000000000000e+01
7.980000000000000000e+02 0.000000000000000000e+00 0.000000000000000000e+00 0.000000000000000000e+00 4.000000000000000000e+00 4.600000000000000000e+01
7.990000000000000000e+02 0.000000000000000000e+00 0.000000000000000000e+00 0.000000000000000000e+00 4.000000000000000000e+00 4.600000000000000000e+01
